plantid;date;longueur;largeur;note
MMA1002;2017-05-15;80.48;58.66;Légère variabilité observée.
MMA1002;2017-06-15;176.91;173.79;Légère variabilité observée.
MMA1002;2017-07-15;173.78;154.51;Rien à signaler.
MMA1002;2017-08-15;66.57;59.10;Légère variabilité observée.
MMA1002;2017-09-15;136.38;70.96;Rien à signaler.
MMA1002;2017-10-15;177.28;124.00;Condition normale pour la saison.
MMA1004;2017-05-15;92.77;133.24;Condition normale pour la saison.
MMA1004;2017-06-15;142.37;118.67;Condition normale pour la saison.
MMA1004;2017-07-15;55.14;157.31;Légère variabilité observée.
MMA1004;2017-08-15;129.87;106.57;Condition normale pour la saison.
MMA1004;2017-09-15;67.03;63.01;Condition normale pour la saison.
MMA1004;2017-10-15;73.32;194.59;Condition normale pour la saison.
MMA1006;2017-05-15;137.60;126.82;Rien à signaler.
MMA1006;2017-06-15;78.89;180.42;Rien à signaler.
MMA1006;2017-07-15;123.20;72.56;Légère variabilité observée.
MMA1006;2017-08-15;183.61;195.98;Légère variabilité observée.
MMA1006;2017-09-15;184.72;60.81;Condition normale pour la saison.
MMA1006;2017-10-15;91.02;160.35;Condition normale pour la saison.
MMA1008;2017-05-15;73.52;188.95;Condition normale pour la saison.
MMA1008;2017-06-15;94.90;183.16;Rien à signaler.
MMA1008;2017-07-15;95.49;88.19;Condition normale pour la saison.
MMA1008;2017-08-15;134.25;57.93;Condition normale pour la saison.
MMA1008;2017-09-15;107.57;91.48;Légère variabilité observée.
MMA1008;2017-10-15;96.29;73.76;Condition normale pour la saison.
MMA1010;2017-05-15;80.62;108.56;Condition normale pour la saison.
MMA1010;2017-06-15;65.87;195.77;Condition normale pour la saison.
MMA1010;2017-07-15;192.05;107.13;Condition normale pour la saison.
MMA1010;2017-08-15;119.39;63.26;Condition normale pour la saison.
MMA1010;2017-09-15;148.18;136.68;Légère variabilité observée.
MMA1010;2017-10-15;101.03;116.23;Condition normale pour la saison.
MMA1012;2017-05-15;102.85;169.08;Condition normale pour la saison.
MMA1012;2017-06-15;180.31;136.63;Condition normale pour la saison.
MMA1012;2017-07-15;79.55;105.29;Condition normale pour la saison.
MMA2006;2017-05-15;164.74;112.70;Rien à signaler.
MMA3090;2017-06-15;106.20;164.64;Rien à signaler.
MMA4052;2017-07-15;189.97;141.55;Rien à signaler.
MMA1012;2017-08-15;54.34;165.52;Condition normale pour la saison.
MMA1012;2017-09-15;72.99;186.55;Condition normale pour la saison.
MMA1012;2017-10-15;80.01;154.00;Condition normale pour la saison.
MMA1014;2017-05-15;172.00;131.82;Condition normale pour la saison.
MMA1014;2017-06-15;67.64;151.00;Rien à signaler.
MMA1014;2017-07-15;82.24;97.74;Condition normale pour la saison.
MMA1014;2017-08-15;166.14;119.39;Légère variabilité observée.
MMA1014;2017-09-15;183.02;51.07;Condition normale pour la saison.
MMA1014;2017-10-15;54.06;103.30;Rien à signaler.
MMA1016;2017-05-15;120.55;100.19;Condition normale pour la saison.
MMA1016;2017-06-15;66.01;50.84;Condition normale pour la saison.
MMA1016;2017-07-15;125.36;87.06;Condition normale pour la saison.
MMA1016;2017-08-15;70.10;51.66;Condition normale pour la saison.
MMA1016;2017-09-15;161.62;88.33;Légère variabilité observée.
MMA1016;2017-10-15;87.74;58.54;Légère variabilité observée.
MMA1018;2017-05-15;76.84;167.44;Condition normale pour la saison.
MMA1018;2017-06-15;184.79;156.93;Rien à signaler.
MMA1018;2017-07-15;175.95;190.11;Légère variabilité observée.
MMA1018;2017-08-15;74.65;140.69;Légère variabilité observée.
MMA1018;2017-09-15;82.20;117.58;Condition normale pour la saison.
MMA1018;2017-10-15;95.79;129.76;Rien à signaler.
MMA1020;2017-05-15;80.45;82.35;Rien à signaler.
MMA1020;2017-06-15;84.75;81.15;Rien à signaler.
MMA1020;2017-07-15;75.21;77.98;Rien à signaler.
MMA1020;2017-08-15;86.49;88.49;Condition normale pour la saison.
MMA1020;2017-09-15;56.27;121.22;Légère variabilité observée.
MMA1020;2017-10-15;92.76;71.91;Condition normale pour la saison.
MMA1022;2017-05-15;72.33;199.73;Rien à signaler.
MMA1022;2017-06-15;82.79;160.76;Rien à signaler.
MMA1022;2017-07-15;80.43;155.69;Condition normale pour la saison.
MMA1022;2017-08-15;61.01;81.01;Légère variabilité observée.
MMA1022;2017-09-15;72.29;62.33;Rien à signaler.
MMA1022;2017-10-15;67.24;69.85;Condition normale pour la saison.
MMA1024;2017-05-15;156.35;177.53;Condition normale pour la saison.
MMA1024;2017-06-15;128.01;111.03;Condition normale pour la saison.
MMA1024;2017-07-15;117.45;165.97;Condition normale pour la saison.
MMA1024;2017-08-15;181.84;93.02;Légère variabilité observée.
MMA1024;2017-09-15;64.22;166.47;Condition normale pour la saison.
MMA1024;2017-10-15;174.74;105.53;Condition normale pour la saison.
MMA1026;2017-05-15;64.34;184.45;Légère variabilité observée.
MMA1026;2017-06-15;51.42;102.70;Rien à signaler.
MMA1026;2017-07-15;91.83;164.72;Légère variabilité observée.
MMA1026;2017-08-15;80.99;166.39;Légère variabilité observée.
MMA1026;2017-09-15;110.23;126.14;Condition normale pour la saison.
MMA1026;2017-10-15;56.44;124.01;Rien à signaler.
MMA1028;2017-05-15;77.11;137.62;Rien à signaler.
MMA1028;2017-06-15;113.84;181.05;Rien à signaler.
MMA1028;2017-07-15;139.93;106.95;Condition normale pour la saison.
MMA1028;2017-08-15;124.10;150.40;Légère variabilité observée.
MMA1028;2017-09-15;97.55;111.52;Condition normale pour la saison.
MMA1028;2017-10-15;186.33;95.04;Rien à signaler.
MMA1030;2017-05-15;74.36;77.58;Condition normale pour la saison.
MMA1030;2017-06-15;142.16;141.22;Rien à signaler.
MMA1030;2017-07-15;173.36;117.34;Rien à signaler.
MMA1030;2017-08-15;188.70;109.77;Condition normale pour la saison.
MMA1030;2017-09-15;194.91;59.40;Condition normale pour la saison.
MMA1030;2017-10-15;149.16;135.99;Légère variabilité observée.
MMA1032;2017-05-15;58.65;52.24;Condition normale pour la saison.
MMA1032;2017-06-15;181.08;80.68;Légère variabilité observée.
MMA1032;2017-07-15;157.86;100.15;Condition normale pour la saison.
MMA1032;2017-08-15;111.70;175.72;Rien à signaler.
MMA1032;2017-09-15;163.96;64.66;Légère variabilité observée.
MMA1032;2017-10-15;123.11;127.60;Condition normale pour la saison.
MMA1034;2017-05-15;195.27;116.96;Condition normale pour la saison.
MMA1034;2017-06-15;71.90;93.80;Condition normale pour la saison.
MMA1034;2017-07-15;58.97;147.30;Légère variabilité observée.
MMA1034;2017-08-15;135.42;162.79;Rien à signaler.
MMA1034;2017-09-15;88.37;129.45;Rien à signaler.
MMA1034;2017-10-15;127.48;60.86;Légère variabilité observée.
MMA1036;2017-05-15;102.49;174.90;Condition normale pour la saison.
MMA1036;2017-06-15;184.11;119.89;Condition normale pour la saison.
MMA1036;2017-07-15;132.43;140.09;Condition normale pour la saison.
MMA1036;2017-08-15;69.12;154.50;Condition normale pour la saison.
MMA1036;2017-09-15;94.78;159.33;Légère variabilité observée.
MMA1036;2017-10-15;198.92;122.89;Condition normale pour la saison.
MMA1038;2017-05-15;139.14;82.91;Condition normale pour la saison.
MMA1038;2017-06-15;79.37;159.38;Condition normale pour la saison.
MMA1038;2017-07-15;143.89;150.94;Rien à signaler.
MMA1038;2017-08-15;151.26;114.37;Rien à signaler.
MMA1038;2017-09-15;86.08;165.86;Légère variabilité observée.
MMA1038;2017-10-15;66.55;199.96;Condition normale pour la saison.
MMA1040;2017-05-15;118.12;85.16;Condition normale pour la saison.
MMA1040;2017-06-15;164.72;145.09;Légère variabilité observée.
MMA1040;2017-07-15;94.53;63.17;Condition normale pour la saison.
MMA1040;2017-08-15;102.01;134.32;Condition normale pour la saison.
MMA1040;2017-09-15;94.74;90.25;Rien à signaler.
MMA1040;2017-10-15;66.06;120.39;Condition normale pour la saison.
MMA1042;2017-05-15;127.92;147.27;Condition normale pour la saison.
MMA1042;2017-06-15;103.57;62.80;Condition normale pour la saison.
MMA1042;2017-07-15;134.97;192.80;Légère variabilité observée.
MMA1042;2017-08-15;62.36;81.08;Condition normale pour la saison.
MMA1042;2017-09-15;128.05;81.63;Condition normale pour la saison.
MMA1042;2017-10-15;167.30;122.98;Rien à signaler.
MMA1044;2017-05-15;86.75;193.26;Légère variabilité observée.
MMA1044;2017-06-15;67.91;112.72;Rien à signaler.
MMA1044;2017-07-15;126.85;89.34;Légère variabilité observée.
MMA1044;2017-08-15;165.95;112.33;Condition normale pour la saison.
MMA1044;2017-09-15;138.66;170.70;Condition normale pour la saison.
MMA1044;2017-10-15;196.83;141.67;Condition normale pour la saison.
MMA1046;2017-05-15;94.04;159.54;Légère variabilité observée.
MMA1046;2017-06-15;157.40;67.41;Condition normale pour la saison.
MMA1046;2017-07-15;166.35;191.99;Condition normale pour la saison.
MMA1046;2017-08-15;58.04;100.64;Légère variabilité observée.
MMA1046;2017-09-15;86.15;69.16;Condition normale pour la saison.
MMA1046;2017-10-15;56.41;153.78;Condition normale pour la saison.
MMA1048;2017-05-15;164.39;192.65;Rien à signaler.
MMA1048;2017-06-15;151.48;131.11;Légère variabilité observée.
MMA1048;2017-07-15;167.67;109.13;Condition normale pour la saison.
MMA1048;2017-08-15;120.18;86.52;Rien à signaler.
MMA1048;2017-09-15;195.42;79.87;Condition normale pour la saison.
MMA1048;2017-10-15;63.30;116.05;Rien à signaler.
MMA1050;2017-05-15;191.45;166.99;Légère variabilité observée.
MMA1050;2017-06-15;108.62;158.96;Condition normale pour la saison.
MMA1050;2017-07-15;84.91;176.82;Condition normale pour la saison.
MMA1050;2017-08-15;52.12;179.23;Légère variabilité observée.
MMA1050;2017-09-15;106.74;170.72;Condition normale pour la saison.
MMA1050;2017-10-15;132.92;140.45;Condition normale pour la saison.
MMA1052;2017-05-15;130.06;158.58;Condition normale pour la saison.
MMA1052;2017-06-15;153.70;53.35;Légère variabilité observée.
MMA1052;2017-07-15;135.60;119.77;Rien à signaler.
MMA1052;2017-08-15;169.69;117.15;Rien à signaler.
MMA1052;2017-09-15;101.49;169.37;Rien à signaler.
MMA1052;2017-10-15;86.17;183.92;Rien à signaler.
MMA1054;2017-05-15;89.05;192.97;Condition normale pour la saison.
MMA1054;2017-06-15;106.41;121.64;Condition normale pour la saison.
MMA1054;2017-07-15;177.80;135.53;Condition normale pour la saison.
MMA1054;2017-08-15;67.25;77.90;Rien à signaler.
MMA1054;2017-09-15;185.30;184.22;Condition normale pour la saison.
MMA1054;2017-10-15;109.68;140.67;Rien à signaler.
MMA1056;2017-05-15;94.54;65.86;Légère variabilité observée.
MMA1056;2017-06-15;148.95;63.97;Condition normale pour la saison.
MMA1056;2017-07-15;121.26;60.47;Légère variabilité observée.
MMA1056;2017-08-15;74.11;124.88;Légère variabilité observée.
MMA1056;2017-09-15;109.50;85.37;Condition normale pour la saison.
MMA1056;2017-10-15;106.92;159.61;Légère variabilité observée.
MMA1058;2017-05-15;150.75;153.21;Légère variabilité observée.
MMA1058;2017-06-15;137.33;148.69;Condition normale pour la saison.
MMA1058;2017-07-15;137.58;59.53;Condition normale pour la saison.
MMA1058;2017-08-15;120.76;116.69;Condition normale pour la saison.
MMA1058;2017-09-15;190.49;64.03;Rien à signaler.
MMA1058;2017-10-15;161.09;176.24;Condition normale pour la saison.
MMA1060;2017-05-15;91.94;117.49;Rien à signaler.
MMA1060;2017-06-15;141.56;109.69;Légère variabilité observée.
MMA1060;2017-07-15;91.99;167.49;Condition normale pour la saison.
MMA1060;2017-08-15;94.42;185.62;Condition normale pour la saison.
MMA1060;2017-09-15;124.34;57.52;Légère variabilité observée.
MMA1060;2017-10-15;156.18;78.95;Rien à signaler.
MMA1062;2017-05-15;126.78;173.22;Condition normale pour la saison.
MMA1062;2017-06-15;85.88;177.37;Légère variabilité observée.
MMA1062;2017-07-15;132.16;182.06;Rien à signaler.
MMA1062;2017-08-15;89.72;140.26;Condition normale pour la saison.
MMA1062;2017-09-15;51.45;121.91;Condition normale pour la saison.
MMA1062;2017-10-15;197.60;179.23;Condition normale pour la saison.
MMA1064;2017-05-15;69.22;180.69;Rien à signaler.
MMA1064;2017-06-15;105.80;126.35;Légère variabilité observée.
MMA1064;2017-07-15;191.84;99.54;Légère variabilité observée.
MMA1064;2017-08-15;136.43;96.93;Rien à signaler.
MMA1064;2017-09-15;112.69;109.57;Condition normale pour la saison.
MMA1064;2017-10-15;62.05;71.48;Condition normale pour la saison.
MMA1066;2017-05-15;73.42;141.52;Condition normale pour la saison.
MMA1066;2017-06-15;141.06;106.03;Condition normale pour la saison.
MMA1066;2017-07-15;103.91;93.04;Condition normale pour la saison.
MMA1066;2017-08-15;180.71;51.10;Rien à signaler.
MMA1066;2017-09-15;77.90;76.87;Légère variabilité observée.
MMA1066;2017-10-15;163.61;157.29;Condition normale pour la saison.
MMA1068;2017-05-15;117.88;179.55;Condition normale pour la saison.
MMA1068;2017-06-15;51.88;156.99;Condition normale pour la saison.
MMA1068;2017-07-15;164.68;185.22;Condition normale pour la saison.
MMA1068;2017-08-15;195.43;112.60;Rien à signaler.
MMA1068;2017-09-15;151.60;106.21;Rien à signaler.
MMA1068;2017-10-15;73.03;182.13;Condition normale pour la saison.
MMA1070;2017-05-15;177.21;97.62;Condition normale pour la saison.
MMA1070;2017-06-15;78.87;60.50;Rien à signaler.
MMA1070;2017-07-15;131.31;162.51;Légère variabilité observée.
MMA1070;2017-08-15;170.24;152.79;Rien à signaler.
MMA1070;2017-09-15;128.31;115.82;Légère variabilité observée.
MMA1070;2017-10-15;71.02;155.72;Condition normale pour la saison.
MMA1072;2017-05-15;149.43;117.44;Rien à signaler.
MMA1072;2017-06-15;191.49;108.08;Condition normale pour la saison.
MMA1072;2017-07-15;101.78;180.93;Condition normale pour la saison.
MMA1072;2017-08-15;94.94;100.12;Rien à signaler.
MMA1072;2017-09-15;101.56;112.07;Condition normale pour la saison.
MMA1072;2017-10-15;89.98;123.23;Condition normale pour la saison.
MMA1074;2017-05-15;109.18;134.32;Condition normale pour la saison.
MMA1074;2017-06-15;154.37;199.33;Rien à signaler.
MMA1074;2017-07-15;144.31;138.85;Rien à signaler.
MMA1074;2017-08-15;94.27;171.03;Condition normale pour la saison.
MMA1074;2017-09-15;58.84;158.82;Condition normale pour la saison.
MMA1074;2017-10-15;132.62;80.03;Rien à signaler.
MMA1076;2017-05-15;119.39;107.52;Condition normale pour la saison.
MMA1076;2017-06-15;137.21;85.83;Rien à signaler.
MMA1076;2017-07-15;87.74;165.16;Condition normale pour la saison.
MMA1076;2017-08-15;73.13;186.29;Légère variabilité observée.
MMA1076;2017-09-15;59.49;62.50;Condition normale pour la saison.
MMA1076;2017-10-15;150.07;169.04;Légère variabilité observée.
MMA1078;2017-05-15;193.04;50.83;Condition normale pour la saison.
MMA1078;2017-06-15;107.23;186.98;Légère variabilité observée.
MMA1078;2017-07-15;120.63;89.62;Légère variabilité observée.
MMA1078;2017-08-15;158.03;175.87;Condition normale pour la saison.
MMA1078;2017-09-15;126.05;110.88;Rien à signaler.
MMA1078;2017-10-15;165.82;156.91;Condition normale pour la saison.
MMA1080;2017-05-15;158.28;195.34;Condition normale pour la saison.
MMA1080;2017-06-15;81.32;59.26;Condition normale pour la saison.
MMA1080;2017-07-15;78.57;80.42;Légère variabilité observée.
MMA1080;2017-08-15;97.57;80.56;Condition normale pour la saison.
MMA1080;2017-09-15;189.94;195.76;Condition normale pour la saison.
MMA1080;2017-10-15;177.75;187.00;Condition normale pour la saison.
MMA1082;2017-05-15;82.96;153.68;Condition normale pour la saison.
MMA1082;2017-06-15;154.49;190.35;Condition normale pour la saison.
MMA1082;2017-07-15;98.65;122.35;Condition normale pour la saison.
MMA1082;2017-08-15;176.27;133.02;Condition normale pour la saison.
MMA1082;2017-09-15;199.73;66.55;Rien à signaler.
MMA1082;2017-10-15;165.16;161.43;Rien à signaler.
MMA1084;2017-05-15;122.03;159.09;Légère variabilité observée.
MMA1084;2017-06-15;107.43;119.80;Condition normale pour la saison.
MMA1084;2017-07-15;119.34;179.18;Condition normale pour la saison.
MMA1084;2017-08-15;121.33;107.07;Condition normale pour la saison.
MMA1084;2017-09-15;68.03;101.64;Condition normale pour la saison.
MMA1084;2017-10-15;150.89;137.40;Condition normale pour la saison.
MMA1086;2017-05-15;168.12;62.41;Condition normale pour la saison.
MMA1086;2017-06-15;169.04;116.26;Condition normale pour la saison.
MMA1086;2017-07-15;173.41;112.22;Condition normale pour la saison.
MMA1086;2017-08-15;50.61;139.61;Légère variabilité observée.
MMA1086;2017-09-15;90.79;165.28;Rien à signaler.
MMA1086;2017-10-15;71.97;58.55;Rien à signaler.
MMA1088;2017-05-15;120.75;115.65;Condition normale pour la saison.
MMA1088;2017-06-15;106.31;157.17;Condition normale pour la saison.
MMA1088;2017-07-15;168.10;153.34;Légère variabilité observée.
MMA1088;2017-08-15;77.02;66.91;Légère variabilité observée.
MMA1088;2017-09-15;73.11;63.73;Rien à signaler.
MMA1088;2017-10-15;143.92;58.05;Condition normale pour la saison.
MMA1090;2017-05-15;146.22;111.50;Rien à signaler.
MMA1090;2017-06-15;108.04;67.42;Condition normale pour la saison.
MMA1090;2017-07-15;141.34;149.80;Condition normale pour la saison.
MMA1090;2017-08-15;158.87;185.19;Condition normale pour la saison.
MMA1090;2017-09-15;61.81;178.64;Rien à signaler.
MMA1090;2017-10-15;54.00;121.24;Légère variabilité observée.
MMA1092;2017-05-15;62.34;188.59;Légère variabilité observée.
MMA1092;2017-06-15;197.33;183.41;Condition normale pour la saison.
MMA1092;2017-07-15;180.13;147.58;Condition normale pour la saison.
MMA1092;2017-08-15;61.56;105.25;Légère variabilité observée.
MMA1092;2017-09-15;125.80;61.38;Rien à signaler.
MMA1092;2017-10-15;126.38;113.18;Condition normale pour la saison.
MMA1094;2017-05-15;66.84;160.03;Condition normale pour la saison.
MMA1094;2017-06-15;73.03;113.64;Condition normale pour la saison.
MMA1094;2017-07-15;61.84;55.39;Condition normale pour la saison.
MMA1094;2017-08-15;97.03;106.13;Rien à signaler.
MMA1094;2017-09-15;102.51;174.74;Rien à signaler.
MMA1094;2017-10-15;136.98;125.48;Condition normale pour la saison.
MMA1096;2017-05-15;79.40;59.08;Rien à signaler.
MMA1096;2017-06-15;50.62;63.87;Condition normale pour la saison.
MMA1096;2017-07-15;113.02;113.95;Rien à signaler.
MMA1096;2017-08-15;68.81;94.21;Condition normale pour la saison.
MMA1096;2017-09-15;162.02;173.96;Rien à signaler.
MMA1096;2017-10-15;159.98;125.78;Condition normale pour la saison.
MMA1098;2017-05-15;96.17;96.37;Légère variabilité observée.
MMA1098;2017-06-15;135.56;111.86;Légère variabilité observée.
MMA1098;2017-07-15;94.69;156.11;Légère variabilité observée.
MMA1098;2017-08-15;151.77;52.62;Rien à signaler.
MMA1098;2017-09-15;155.06;193.71;Condition normale pour la saison.
MMA1098;2017-10-15;111.11;172.55;Condition normale pour la saison.
MMA1100;2017-05-15;61.16;145.87;Rien à signaler.
MMA1100;2017-06-15;85.69;52.43;Rien à signaler.
MMA1100;2017-07-15;86.96;136.91;Rien à signaler.
MMA1100;2017-08-15;138.52;174.89;Condition normale pour la saison.
MMA1100;2017-09-15;118.72;91.46;Condition normale pour la saison.
MMA1100;2017-10-15;197.35;148.59;Rien à signaler.
MMA2002;2017-05-15;66.14;187.01;Rien à signaler.
MMA2002;2017-06-15;110.61;78.47;Condition normale pour la saison.
MMA2002;2017-07-15;173.91;148.88;Condition normale pour la saison.
MMA2002;2017-08-15;109.45;99.19;Condition normale pour la saison.
MMA2002;2017-09-15;66.78;135.80;Rien à signaler.
MMA2002;2017-10-15;136.88;58.70;Rien à signaler.
MMA2004;2017-05-15;110.80;60.24;Rien à signaler.
MMA2004;2017-06-15;187.65;81.22;Condition normale pour la saison.
MMA2004;2017-07-15;160.99;177.07;Rien à signaler.
MMA2004;2017-08-15;121.76;56.84;Condition normale pour la saison.
MMA2004;2017-09-15;58.87;72.78;Légère variabilité observée.
MMA2004;2017-10-15;158.80;169.30;Légère variabilité observée.
MMA2006;2017-06-15;94.93;115.69;Légère variabilité observée.
MMA2006;2017-07-15;95.74;155.09;Rien à signaler.
MMA2006;2017-08-15;122.23;86.05;Condition normale pour la saison.
MMA2006;2017-09-15;169.25;77.49;Rien à signaler.
MMA2006;2017-10-15;75.48;179.94;Rien à signaler.
MMA2008;2017-05-15;178.56;195.30;Condition normale pour la saison.
MMA2008;2017-06-15;162.42;104.12;Rien à signaler.
MMA2008;2017-07-15;88.09;162.66;Condition normale pour la saison.
MMA2008;2017-08-15;195.74;102.97;Condition normale pour la saison.
MMA2008;2017-09-15;165.39;146.08;Légère variabilité observée.
MMA2008;2017-10-15;117.35;171.94;Légère variabilité observée.
MMA2010;2017-05-15;138.80;176.22;Rien à signaler.
MMA2010;2017-06-15;52.05;129.36;Condition normale pour la saison.
MMA2010;2017-07-15;85.17;179.49;Légère variabilité observée.
MMA2010;2017-08-15;52.34;145.53;Rien à signaler.
MMA2010;2017-09-15;147.04;171.19;Rien à signaler.
MMA2010;2017-10-15;178.26;175.61;Rien à signaler.
MMA2012;2017-05-15;65.56;62.14;Condition normale pour la saison.
MMA2012;2017-06-15;187.40;96.43;Condition normale pour la saison.
MMA2012;2017-07-15;170.62;163.04;Condition normale pour la saison.
MMA2012;2017-08-15;174.81;165.41;Rien à signaler.
MMA2012;2017-09-15;179.85;156.62;Légère variabilité observée.
MMA2012;2017-10-15;124.61;67.31;Condition normale pour la saison.
MMA2014;2017-05-15;190.52;191.46;Légère variabilité observée.
MMA2014;2017-06-15;101.23;184.42;Condition normale pour la saison.
MMA2014;2017-07-15;74.64;88.21;Rien à signaler.
MMA2014;2017-08-15;109.75;119.32;Légère variabilité observée.
MMA2014;2017-09-15;171.01;68.48;Condition normale pour la saison.
MMA2014;2017-10-15;173.61;101.97;Condition normale pour la saison.
MMA2016;2017-05-15;172.29;152.01;Condition normale pour la saison.
MMA2016;2017-06-15;92.11;64.60;Condition normale pour la saison.
MMA2016;2017-07-15;137.65;118.64;Légère variabilité observée.
MMA2016;2017-08-15;87.17;167.41;Rien à signaler.
MMA2016;2017-09-15;189.17;107.16;Rien à signaler.
MMA2016;2017-10-15;167.02;79.21;Légère variabilité observée.
MMA2018;2017-05-15;80.07;190.83;Rien à signaler.
MMA2018;2017-06-15;72.50;81.15;Condition normale pour la saison.
MMA2018;2017-07-15;166.62;86.52;Légère variabilité observée.
MMA2018;2017-08-15;113.60;119.83;Condition normale pour la saison.
MMA2018;2017-09-15;179.84;196.20;Condition normale pour la saison.
MMA2018;2017-10-15;146.02;173.77;Rien à signaler.
MMA2020;2017-05-15;179.41;97.92;Légère variabilité observée.
MMA2020;2017-06-15;90.93;175.60;Condition normale pour la saison.
MMA2020;2017-07-15;124.32;96.37;Légère variabilité observée.
MMA2020;2017-08-15;126.77;73.09;Condition normale pour la saison.
MMA2020;2017-09-15;91.05;178.67;Condition normale pour la saison.
MMA2020;2017-10-15;115.14;103.40;Rien à signaler.
MMA2022;2017-05-15;161.93;70.97;Légère variabilité observée.
MMA2022;2017-06-15;66.47;81.10;Condition normale pour la saison.
MMA2022;2017-07-15;179.06;79.52;Condition normale pour la saison.
MMA2022;2017-08-15;122.09;188.74;Légère variabilité observée.
MMA2022;2017-09-15;106.11;88.87;Rien à signaler.
MMA2022;2017-10-15;84.89;119.65;Condition normale pour la saison.
MMA2024;2017-05-15;140.43;139.67;Condition normale pour la saison.
MMA2024;2017-06-15;187.30;126.96;Condition normale pour la saison.
MMA2024;2017-07-15;57.33;122.95;Légère variabilité observée.
MMA2024;2017-08-15;61.58;59.65;Légère variabilité observée.
MMA2024;2017-09-15;102.24;97.99;Rien à signaler.
MMA2024;2017-10-15;97.25;104.70;Condition normale pour la saison.
MMA2026;2017-05-15;88.31;51.60;Légère variabilité observée.
MMA2026;2017-06-15;152.71;76.85;Légère variabilité observée.
MMA2026;2017-07-15;123.78;94.87;Rien à signaler.
MMA2026;2017-08-15;198.52;146.90;Légère variabilité observée.
MMA2026;2017-09-15;87.57;162.95;Condition normale pour la saison.
MMA2026;2017-10-15;88.07;51.57;Condition normale pour la saison.
MMA2028;2017-05-15;133.09;111.81;Condition normale pour la saison.
MMA2028;2017-06-15;175.28;136.25;Rien à signaler.
MMA2028;2017-07-15;199.26;77.84;Rien à signaler.
MMA2028;2017-08-15;64.95;56.45;Condition normale pour la saison.
MMA2028;2017-09-15;165.67;74.05;Rien à signaler.
MMA2028;2017-10-15;52.82;75.50;Condition normale pour la saison.
MMA2030;2017-05-15;94.80;75.63;Rien à signaler.
MMA2030;2017-06-15;110.37;183.12;Condition normale pour la saison.
MMA2030;2017-07-15;117.21;76.31;Rien à signaler.
MMA2030;2017-08-15;92.85;133.49;Condition normale pour la saison.
MMA2030;2017-09-15;120.33;162.94;Condition normale pour la saison.
MMA2030;2017-10-15;52.18;118.87;Condition normale pour la saison.
MMA2032;2017-05-15;198.08;85.44;Condition normale pour la saison.
MMA2032;2017-06-15;198.24;99.37;Rien à signaler.
MMA2032;2017-07-15;186.61;169.98;Condition normale pour la saison.
MMA2032;2017-08-15;175.61;120.71;Légère variabilité observée.
MMA2032;2017-09-15;90.03;174.65;Condition normale pour la saison.
MMA2032;2017-10-15;129.02;104.13;Condition normale pour la saison.
MMA2034;2017-05-15;105.49;147.82;Légère variabilité observée.
MMA2034;2017-06-15;125.95;125.89;Condition normale pour la saison.
MMA2034;2017-07-15;109.28;142.08;Légère variabilité observée.
MMA2034;2017-08-15;124.50;137.88;Rien à signaler.
MMA2034;2017-09-15;111.12;59.15;Rien à signaler.
MMA2034;2017-10-15;95.58;89.58;Légère variabilité observée.
MMA2036;2017-05-15;55.18;81.24;Rien à signaler.
MMA2036;2017-06-15;93.51;60.75;Condition normale pour la saison.
MMA2036;2017-07-15;185.11;129.07;Légère variabilité observée.
MMA2036;2017-08-15;184.20;84.95;Condition normale pour la saison.
MMA2036;2017-09-15;191.76;116.83;Rien à signaler.
MMA2036;2017-10-15;76.17;102.18;Condition normale pour la saison.
MMA2038;2017-05-15;100.95;134.40;Condition normale pour la saison.
MMA2038;2017-06-15;75.56;104.01;Condition normale pour la saison.
MMA2038;2017-07-15;158.00;181.78;Condition normale pour la saison.
MMA2038;2017-08-15;170.66;155.35;Condition normale pour la saison.
MMA2038;2017-09-15;60.32;69.55;Condition normale pour la saison.
MMA2038;2017-10-15;59.37;126.52;Condition normale pour la saison.
MMA2040;2017-05-15;140.75;154.30;Condition normale pour la saison.
MMA2040;2017-06-15;138.88;174.91;Condition normale pour la saison.
MMA2040;2017-07-15;80.31;108.59;Condition normale pour la saison.
MMA2040;2017-08-15;73.19;171.11;Condition normale pour la saison.
MMA2040;2017-09-15;180.06;110.74;Condition normale pour la saison.
MMA2040;2017-10-15;63.98;191.04;Condition normale pour la saison.
MMA2042;2017-05-15;147.22;56.25;Légère variabilité observée.
MMA2042;2017-06-15;139.63;173.31;Légère variabilité observée.
MMA2042;2017-07-15;147.95;143.82;Condition normale pour la saison.
MMA2042;2017-08-15;74.62;118.93;Rien à signaler.
MMA2042;2017-09-15;132.76;116.04;Condition normale pour la saison.
MMA2042;2017-10-15;113.36;127.78;Condition normale pour la saison.
MMA2044;2017-05-15;59.32;132.20;Rien à signaler.
MMA2044;2017-06-15;52.71;172.67;Rien à signaler.
MMA2044;2017-07-15;113.55;105.62;Condition normale pour la saison.
MMA2044;2017-08-15;68.28;94.58;Légère variabilité observée.
MMA2044;2017-09-15;82.77;190.29;Condition normale pour la saison.
MMA2044;2017-10-15;57.88;138.06;Légère variabilité observée.
MMA2046;2017-05-15;190.17;182.30;Condition normale pour la saison.
MMA2046;2017-06-15;76.68;84.53;Condition normale pour la saison.
MMA2046;2017-07-15;67.10;120.22;Rien à signaler.
MMA2046;2017-08-15;136.53;101.30;Rien à signaler.
MMA2046;2017-09-15;136.18;130.90;Condition normale pour la saison.
MMA2046;2017-10-15;111.17;138.12;Condition normale pour la saison.
MMA2048;2017-05-15;94.11;61.83;Condition normale pour la saison.
MMA2048;2017-06-15;78.99;60.26;Condition normale pour la saison.
MMA2048;2017-07-15;192.98;74.87;Condition normale pour la saison.
MMA2048;2017-08-15;92.88;135.99;Rien à signaler.
MMA2048;2017-09-15;120.24;98.44;Condition normale pour la saison.
MMA2048;2017-10-15;132.35;71.37;Rien à signaler.
MMA2050;2017-05-15;61.76;149.65;Légère variabilité observée.
MMA2050;2017-06-15;182.32;71.47;Condition normale pour la saison.
MMA2050;2017-07-15;84.04;173.99;Condition normale pour la saison.
MMA2050;2017-08-15;54.85;157.96;Rien à signaler.
MMA2050;2017-09-15;79.27;138.21;Condition normale pour la saison.
MMA2050;2017-10-15;188.00;171.50;Rien à signaler.
MMA2052;2017-05-15;132.45;119.78;Rien à signaler.
MMA2052;2017-06-15;193.60;158.36;Légère variabilité observée.
MMA2052;2017-07-15;193.55;109.55;Condition normale pour la saison.
MMA2052;2017-08-15;52.61;108.64;Condition normale pour la saison.
MMA2052;2017-09-15;131.78;184.75;Condition normale pour la saison.
MMA2052;2017-10-15;181.12;60.35;Légère variabilité observée.
MMA2054;2017-05-15;61.62;121.57;Légère variabilité observée.
MMA2054;2017-06-15;164.95;140.67;Rien à signaler.
MMA2054;2017-07-15;164.26;172.51;Rien à signaler.
MMA2054;2017-08-15;65.40;90.97;Condition normale pour la saison.
MMA2054;2017-09-15;100.30;179.96;Rien à signaler.
MMA2054;2017-10-15;178.82;127.62;Rien à signaler.
MMA2056;2017-05-15;195.82;122.22;Rien à signaler.
MMA2056;2017-06-15;107.81;184.47;Condition normale pour la saison.
MMA2056;2017-07-15;108.26;148.78;Légère variabilité observée.
MMA2056;2017-08-15;127.89;175.83;Légère variabilité observée.
MMA2056;2017-09-15;157.29;129.69;Condition normale pour la saison.
MMA2056;2017-10-15;181.48;142.90;Rien à signaler.
MMA2058;2017-05-15;67.87;102.05;Légère variabilité observée.
MMA2058;2017-06-15;90.43;160.17;Condition normale pour la saison.
MMA2058;2017-07-15;159.47;176.67;Légère variabilité observée.
MMA2058;2017-08-15;195.19;78.95;Condition normale pour la saison.
MMA2058;2017-09-15;178.53;99.71;Condition normale pour la saison.
MMA2058;2017-10-15;173.84;96.61;Condition normale pour la saison.
MMA2060;2017-05-15;71.02;191.26;Légère variabilité observée.
MMA2060;2017-06-15;79.75;190.32;Condition normale pour la saison.
MMA2060;2017-07-15;177.62;74.98;Rien à signaler.
MMA2060;2017-08-15;101.62;166.41;Légère variabilité observée.
MMA2060;2017-09-15;71.46;138.04;Légère variabilité observée.
MMA2060;2017-10-15;50.92;107.22;Condition normale pour la saison.
MMA2062;2017-05-15;83.46;115.77;Condition normale pour la saison.
MMA2062;2017-06-15;84.79;136.12;Condition normale pour la saison.
MMA2062;2017-07-15;122.65;165.52;Condition normale pour la saison.
MMA2062;2017-08-15;175.29;89.47;Condition normale pour la saison.
MMA2062;2017-09-15;71.77;170.52;Rien à signaler.
MMA2062;2017-10-15;157.74;144.84;Légère variabilité observée.
MMA2064;2017-05-15;158.19;176.70;Condition normale pour la saison.
MMA2064;2017-06-15;55.95;65.46;Condition normale pour la saison.
MMA2064;2017-07-15;100.33;78.96;Condition normale pour la saison.
MMA2064;2017-08-15;179.25;165.96;Condition normale pour la saison.
MMA2064;2017-09-15;145.29;146.68;Condition normale pour la saison.
MMA2064;2017-10-15;140.73;54.04;Condition normale pour la saison.
MMA2066;2017-05-15;63.85;145.05;Légère variabilité observée.
MMA2066;2017-06-15;163.72;70.36;Légère variabilité observée.
MMA2066;2017-07-15;65.24;150.67;Condition normale pour la saison.
MMA2066;2017-08-15;115.92;76.82;Condition normale pour la saison.
MMA2066;2017-09-15;142.75;61.01;Rien à signaler.
MMA2066;2017-10-15;98.53;165.98;Rien à signaler.
MMA2068;2017-05-15;150.47;89.76;Condition normale pour la saison.
MMA2068;2017-06-15;61.97;163.78;Condition normale pour la saison.
MMA2068;2017-07-15;57.79;129.80;Rien à signaler.
MMA2068;2017-08-15;157.38;74.51;Légère variabilité observée.
MMA2068;2017-09-15;192.98;88.12;Condition normale pour la saison.
MMA2068;2017-10-15;130.63;80.62;Légère variabilité observée.
MMA2070;2017-05-15;119.68;57.03;Condition normale pour la saison.
MMA2070;2017-06-15;168.15;145.88;Condition normale pour la saison.
MMA2070;2017-07-15;95.44;67.66;Condition normale pour la saison.
MMA2070;2017-08-15;146.85;106.97;Condition normale pour la saison.
MMA2070;2017-09-15;60.13;173.10;Condition normale pour la saison.
MMA2070;2017-10-15;188.17;126.40;Condition normale pour la saison.
MMA2072;2017-05-15;197.66;125.71;Rien à signaler.
MMA2072;2017-06-15;99.59;96.57;Légère variabilité observée.
MMA2072;2017-07-15;82.17;180.62;Condition normale pour la saison.
MMA2072;2017-08-15;173.21;167.79;Légère variabilité observée.
MMA2072;2017-09-15;152.31;198.63;Légère variabilité observée.
MMA2072;2017-10-15;171.64;156.97;Légère variabilité observée.
MMA2074;2017-05-15;124.47;127.54;Rien à signaler.
MMA2074;2017-06-15;137.10;145.49;Condition normale pour la saison.
MMA2074;2017-07-15;179.97;136.65;Légère variabilité observée.
MMA2074;2017-08-15;180.33;52.81;Condition normale pour la saison.
MMA2074;2017-09-15;126.17;55.39;Rien à signaler.
MMA2074;2017-10-15;181.50;184.31;Condition normale pour la saison.
MMA2076;2017-05-15;73.48;163.70;Condition normale pour la saison.
MMA2076;2017-06-15;58.10;157.83;Condition normale pour la saison.
MMA2076;2017-07-15;114.57;149.11;Légère variabilité observée.
MMA2076;2017-08-15;60.20;101.75;Légère variabilité observée.
MMA2076;2017-09-15;96.44;98.09;Rien à signaler.
MMA2076;2017-10-15;106.38;51.40;Condition normale pour la saison.
MMA2078;2017-05-15;58.20;125.38;Condition normale pour la saison.
MMA2078;2017-06-15;109.16;91.45;Condition normale pour la saison.
MMA2078;2017-07-15;66.44;133.00;Condition normale pour la saison.
MMA2078;2017-08-15;67.54;188.38;Condition normale pour la saison.
MMA2078;2017-09-15;186.62;88.47;Condition normale pour la saison.
MMA2078;2017-10-15;154.74;96.24;Condition normale pour la saison.
MMA2080;2017-05-15;81.82;64.26;Condition normale pour la saison.
MMA2080;2017-06-15;92.04;163.17;Rien à signaler.
MMA2080;2017-07-15;67.21;152.08;Rien à signaler.
MMA2080;2017-08-15;54.48;73.37;Rien à signaler.
MMA2080;2017-09-15;184.74;108.46;Rien à signaler.
MMA2080;2017-10-15;196.46;198.75;Condition normale pour la saison.
MMA2082;2017-05-15;171.90;177.05;Condition normale pour la saison.
MMA2082;2017-06-15;107.59;84.41;Rien à signaler.
MMA2082;2017-07-15;126.42;143.99;Rien à signaler.
MMA2082;2017-08-15;111.27;174.57;Rien à signaler.
MMA2082;2017-09-15;117.40;53.63;Rien à signaler.
MMA2082;2017-10-15;144.80;117.36;Rien à signaler.
MMA2084;2017-05-15;63.20;116.92;Légère variabilité observée.
MMA2084;2017-06-15;62.96;73.54;Légère variabilité observée.
MMA2084;2017-07-15;51.16;147.98;Légère variabilité observée.
MMA2084;2017-08-15;61.26;130.86;Rien à signaler.
MMA2084;2017-09-15;167.11;83.10;Condition normale pour la saison.
MMA2084;2017-10-15;190.93;124.75;Rien à signaler.
MMA2086;2017-05-15;166.33;105.38;Légère variabilité observée.
MMA2086;2017-06-15;185.65;118.26;Condition normale pour la saison.
MMA2086;2017-07-15;63.19;56.47;Légère variabilité observée.
MMA2086;2017-08-15;131.70;108.34;Condition normale pour la saison.
MMA2086;2017-09-15;140.56;64.08;Condition normale pour la saison.
MMA2086;2017-10-15;106.54;105.48;Rien à signaler.
MMA2088;2017-05-15;77.90;57.44;Légère variabilité observée.
MMA2088;2017-06-15;190.50;120.55;Condition normale pour la saison.
MMA2088;2017-07-15;182.61;196.11;Rien à signaler.
MMA2088;2017-08-15;115.10;86.93;Condition normale pour la saison.
MMA2088;2017-09-15;86.26;82.14;Condition normale pour la saison.
MMA2088;2017-10-15;180.49;171.17;Condition normale pour la saison.
MMA2090;2017-05-15;183.93;89.45;Légère variabilité observée.
MMA2090;2017-06-15;58.54;95.06;Légère variabilité observée.
MMA2090;2017-07-15;122.81;67.97;Rien à signaler.
MMA2090;2017-08-15;74.09;146.32;Condition normale pour la saison.
MMA2090;2017-09-15;133.76;188.14;Légère variabilité observée.
MMA2090;2017-10-15;172.42;113.80;Condition normale pour la saison.
MMA2092;2017-05-15;86.23;82.17;Condition normale pour la saison.
MMA2092;2017-06-15;132.78;179.91;Condition normale pour la saison.
MMA2092;2017-07-15;169.92;59.23;Condition normale pour la saison.
MMA2092;2017-08-15;93.06;108.45;Condition normale pour la saison.
MMA2092;2017-09-15;157.85;107.61;Condition normale pour la saison.
MMA2092;2017-10-15;176.71;103.65;Condition normale pour la saison.
MMA2094;2017-05-15;156.74;99.27;Condition normale pour la saison.
MMA2094;2017-06-15;182.29;135.61;Rien à signaler.
MMA2094;2017-07-15;163.15;199.89;Rien à signaler.
MMA2094;2017-08-15;115.31;143.60;Condition normale pour la saison.
MMA2094;2017-09-15;114.23;173.89;Légère variabilité observée.
MMA2094;2017-10-15;54.08;88.23;Rien à signaler.
MMA2096;2017-05-15;112.88;147.38;Condition normale pour la saison.
MMA2096;2017-06-15;165.98;129.13;Légère variabilité observée.
MMA2096;2017-07-15;123.08;163.09;Légère variabilité observée.
MMA2096;2017-08-15;186.56;146.00;Rien à signaler.
MMA2096;2017-09-15;122.47;138.14;Légère variabilité observée.
MMA2096;2017-10-15;126.88;66.18;Condition normale pour la saison.
MMA2098;2017-05-15;72.60;157.80;Condition normale pour la saison.
MMA2098;2017-06-15;138.46;96.19;Légère variabilité observée.
MMA2098;2017-07-15;107.70;126.27;Légère variabilité observée.
MMA2098;2017-08-15;123.99;95.81;Rien à signaler.
MMA2098;2017-09-15;83.37;58.43;Condition normale pour la saison.
MMA2098;2017-10-15;64.76;114.23;Condition normale pour la saison.
MMA2100;2017-05-15;194.85;190.44;Condition normale pour la saison.
MMA2100;2017-06-15;102.10;154.92;Condition normale pour la saison.
MMA2100;2017-07-15;192.83;124.77;Condition normale pour la saison.
MMA2100;2017-08-15;193.50;198.68;Rien à signaler.
MMA2100;2017-09-15;116.93;83.20;Rien à signaler.
MMA2100;2017-10-15;141.58;197.13;Rien à signaler.
MMA3002;2017-05-15;138.90;96.61;Légère variabilité observée.
MMA3002;2017-06-15;67.39;123.02;Condition normale pour la saison.
MMA3002;2017-07-15;172.77;155.65;Condition normale pour la saison.
MMA3002;2017-08-15;106.48;128.17;Rien à signaler.
MMA3002;2017-09-15;112.18;52.13;Légère variabilité observée.
MMA3002;2017-10-15;155.03;132.02;Légère variabilité observée.
MMA3004;2017-05-15;111.74;128.61;Légère variabilité observée.
MMA3004;2017-06-15;73.53;181.95;Condition normale pour la saison.
MMA3004;2017-07-15;110.07;147.21;Condition normale pour la saison.
MMA3004;2017-08-15;68.33;94.01;Rien à signaler.
MMA3004;2017-09-15;73.11;176.99;Condition normale pour la saison.
MMA3004;2017-10-15;143.79;127.49;Condition normale pour la saison.
MMA3006;2017-05-15;167.01;181.48;Condition normale pour la saison.
MMA3006;2017-06-15;178.36;136.19;Condition normale pour la saison.
MMA3006;2017-07-15;89.76;139.23;Condition normale pour la saison.
MMA3006;2017-08-15;109.30;52.93;Légère variabilité observée.
MMA3006;2017-09-15;142.31;159.92;Condition normale pour la saison.
MMA3006;2017-10-15;62.98;140.36;Condition normale pour la saison.
MMA3008;2017-05-15;162.16;72.37;Condition normale pour la saison.
MMA3008;2017-06-15;110.84;90.74;Rien à signaler.
MMA3008;2017-07-15;161.51;167.71;Rien à signaler.
MMA3008;2017-08-15;99.37;125.01;Condition normale pour la saison.
MMA3008;2017-09-15;185.04;74.02;Rien à signaler.
MMA3008;2017-10-15;57.09;183.48;Condition normale pour la saison.
MMA3010;2017-05-15;128.57;98.10;Condition normale pour la saison.
MMA3010;2017-06-15;80.39;121.14;Condition normale pour la saison.
MMA3010;2017-07-15;50.16;78.44;Condition normale pour la saison.
MMA3010;2017-08-15;70.53;197.26;Rien à signaler.
MMA3010;2017-09-15;178.57;139.75;Condition normale pour la saison.
MMA3010;2017-10-15;119.45;108.51;Condition normale pour la saison.
MMA3012;2017-05-15;66.59;76.69;Condition normale pour la saison.
MMA3012;2017-06-15;100.93;93.04;Légère variabilité observée.
MMA3012;2017-07-15;143.53;145.78;Rien à signaler.
MMA3012;2017-08-15;198.12;72.15;Légère variabilité observée.
MMA3012;2017-09-15;125.78;68.08;Rien à signaler.
MMA3012;2017-10-15;104.05;100.32;Rien à signaler.
MMA3014;2017-05-15;76.96;182.61;Rien à signaler.
MMA3014;2017-06-15;137.35;73.64;Rien à signaler.
MMA3014;2017-07-15;112.58;166.45;Légère variabilité observée.
MMA3014;2017-08-15;173.11;133.78;Condition normale pour la saison.
MMA3014;2017-09-15;89.04;97.17;Condition normale pour la saison.
MMA3014;2017-10-15;78.89;74.70;Condition normale pour la saison.
MMA3016;2017-05-15;183.15;57.69;Condition normale pour la saison.
MMA3016;2017-06-15;148.82;194.28;Légère variabilité observée.
MMA3016;2017-07-15;170.00;128.27;Rien à signaler.
MMA3016;2017-08-15;124.33;147.08;Rien à signaler.
MMA3016;2017-09-15;108.72;180.11;Rien à signaler.
MMA3016;2017-10-15;70.84;63.98;Légère variabilité observée.
MMA3018;2017-05-15;65.39;73.74;Condition normale pour la saison.
MMA3018;2017-06-15;166.05;75.41;Condition normale pour la saison.
MMA3018;2017-07-15;195.55;169.18;Condition normale pour la saison.
MMA3018;2017-08-15;149.02;138.99;Légère variabilité observée.
MMA3018;2017-09-15;155.25;82.13;Rien à signaler.
MMA3018;2017-10-15;88.89;64.24;Condition normale pour la saison.
MMA3020;2017-05-15;103.86;134.03;Condition normale pour la saison.
MMA3020;2017-06-15;188.94;51.59;Condition normale pour la saison.
MMA3020;2017-07-15;85.48;175.13;Condition normale pour la saison.
MMA3020;2017-08-15;75.26;147.63;Légère variabilité observée.
MMA3020;2017-09-15;103.63;172.41;Rien à signaler.
MMA3020;2017-10-15;155.64;72.66;Condition normale pour la saison.
MMA3022;2017-05-15;68.99;160.86;Légère variabilité observée.
MMA3022;2017-06-15;162.75;125.66;Rien à signaler.
MMA3022;2017-07-15;178.64;102.98;Condition normale pour la saison.
MMA3022;2017-08-15;121.00;187.95;Rien à signaler.
MMA3022;2017-09-15;197.91;196.27;Légère variabilité observée.
MMA3022;2017-10-15;64.69;150.83;Condition normale pour la saison.
MMA3024;2017-05-15;151.07;178.19;Rien à signaler.
MMA3024;2017-06-15;68.31;131.36;Condition normale pour la saison.
MMA3024;2017-07-15;53.78;76.02;Condition normale pour la saison.
MMA3024;2017-08-15;190.55;142.47;Condition normale pour la saison.
MMA3024;2017-09-15;190.31;132.92;Rien à signaler.
MMA3024;2017-10-15;83.42;115.93;Légère variabilité observée.
MMA3026;2017-05-15;118.82;121.46;Rien à signaler.
MMA3026;2017-06-15;140.86;56.65;Légère variabilité observée.
MMA3026;2017-07-15;174.33;158.02;Rien à signaler.
MMA3026;2017-08-15;65.35;66.58;Condition normale pour la saison.
MMA3026;2017-09-15;185.42;183.71;Condition normale pour la saison.
MMA3026;2017-10-15;103.24;181.08;Légère variabilité observée.
MMA3028;2017-05-15;164.29;51.66;Rien à signaler.
MMA3028;2017-06-15;188.18;149.52;Légère variabilité observée.
MMA3028;2017-07-15;176.83;184.83;Condition normale pour la saison.
MMA3028;2017-08-15;161.27;150.15;Condition normale pour la saison.
MMA3028;2017-09-15;94.97;59.50;Légère variabilité observée.
MMA3028;2017-10-15;89.21;147.40;Condition normale pour la saison.
MMA3030;2017-05-15;129.05;158.67;Condition normale pour la saison.
MMA3030;2017-06-15;111.37;114.21;Rien à signaler.
MMA3030;2017-07-15;183.85;130.27;Condition normale pour la saison.
MMA3030;2017-08-15;94.94;179.01;Condition normale pour la saison.
MMA3030;2017-09-15;50.71;76.25;Condition normale pour la saison.
MMA3030;2017-10-15;106.58;152.12;Rien à signaler.
MMA3032;2017-05-15;159.89;57.56;Légère variabilité observée.
MMA3032;2017-06-15;87.91;120.53;Condition normale pour la saison.
MMA3032;2017-07-15;163.28;117.97;Condition normale pour la saison.
MMA3032;2017-08-15;111.78;157.88;Rien à signaler.
MMA3032;2017-09-15;120.38;147.16;Condition normale pour la saison.
MMA3032;2017-10-15;192.13;187.07;Condition normale pour la saison.
MMA3034;2017-05-15;198.35;99.13;Condition normale pour la saison.
MMA3034;2017-06-15;94.67;106.71;Condition normale pour la saison.
MMA3034;2017-07-15;71.25;107.99;Condition normale pour la saison.
MMA3034;2017-08-15;191.86;174.09;Rien à signaler.
MMA3034;2017-09-15;148.06;65.86;Rien à signaler.
MMA3034;2017-10-15;77.06;123.13;Condition normale pour la saison.
MMA3036;2017-05-15;56.41;103.66;Condition normale pour la saison.
MMA3036;2017-06-15;195.52;68.97;Rien à signaler.
MMA3036;2017-07-15;124.96;131.59;Condition normale pour la saison.
MMA3036;2017-08-15;161.13;189.98;Légère variabilité observée.
MMA3036;2017-09-15;184.90;182.49;Condition normale pour la saison.
MMA3036;2017-10-15;85.44;194.12;Condition normale pour la saison.
MMA3038;2017-05-15;149.86;176.69;Condition normale pour la saison.
MMA3038;2017-06-15;131.32;139.63;Rien à signaler.
MMA3038;2017-07-15;63.36;184.15;Légère variabilité observée.
MMA3038;2017-08-15;169.35;104.45;Condition normale pour la saison.
MMA3038;2017-09-15;142.08;150.52;Rien à signaler.
MMA3038;2017-10-15;63.14;52.82;Condition normale pour la saison.
MMA3040;2017-05-15;123.66;198.29;Condition normale pour la saison.
MMA3040;2017-06-15;81.36;65.86;Rien à signaler.
MMA3040;2017-07-15;176.92;189.76;Rien à signaler.
MMA3040;2017-08-15;138.36;116.21;Rien à signaler.
MMA3040;2017-09-15;177.46;95.50;Légère variabilité observée.
MMA3040;2017-10-15;69.87;172.18;Légère variabilité observée.
MMA3042;2017-05-15;138.27;127.81;Rien à signaler.
MMA3042;2017-06-15;161.99;120.89;Condition normale pour la saison.
MMA3042;2017-07-15;100.04;98.64;Légère variabilité observée.
MMA3042;2017-08-15;120.58;148.79;Condition normale pour la saison.
MMA3042;2017-09-15;93.30;143.19;Rien à signaler.
MMA3042;2017-10-15;72.26;99.54;Condition normale pour la saison.
MMA3044;2017-05-15;196.54;195.19;Condition normale pour la saison.
MMA3044;2017-06-15;93.44;170.75;Condition normale pour la saison.
MMA3044;2017-07-15;100.51;59.63;Condition normale pour la saison.
MMA3044;2017-08-15;106.43;156.23;Légère variabilité observée.
MMA3044;2017-09-15;156.07;120.84;Rien à signaler.
MMA3044;2017-10-15;173.16;137.64;Condition normale pour la saison.
MMA3046;2017-05-15;117.12;64.67;Condition normale pour la saison.
MMA3046;2017-06-15;62.17;85.09;Rien à signaler.
MMA3046;2017-07-15;156.20;135.48;Légère variabilité observée.
MMA3046;2017-08-15;137.11;60.46;Rien à signaler.
MMA3046;2017-09-15;56.28;107.39;Condition normale pour la saison.
MMA3046;2017-10-15;110.63;85.76;Condition normale pour la saison.
MMA3048;2017-05-15;148.80;187.06;Légère variabilité observée.
MMA3048;2017-06-15;77.82;152.87;Condition normale pour la saison.
MMA3048;2017-07-15;135.65;81.43;Légère variabilité observée.
MMA3048;2017-08-15;61.50;186.49;Condition normale pour la saison.
MMA3048;2017-09-15;174.85;126.24;Rien à signaler.
MMA3048;2017-10-15;150.09;81.24;Condition normale pour la saison.
MMA3050;2017-05-15;191.33;164.33;Rien à signaler.
MMA3050;2017-06-15;84.64;121.51;Rien à signaler.
MMA3050;2017-07-15;109.31;105.43;Rien à signaler.
MMA3050;2017-08-15;142.87;195.65;Condition normale pour la saison.
MMA3050;2017-09-15;82.67;105.82;Rien à signaler.
MMA3050;2017-10-15;136.17;169.81;Condition normale pour la saison.
MMA3052;2017-05-15;143.86;143.83;Condition normale pour la saison.
MMA3052;2017-06-15;111.44;144.92;Condition normale pour la saison.
MMA3052;2017-07-15;100.96;83.69;Rien à signaler.
MMA3052;2017-08-15;73.29;88.43;Légère variabilité observée.
MMA3052;2017-09-15;50.86;113.56;Condition normale pour la saison.
MMA3052;2017-10-15;134.03;119.19;Rien à signaler.
MMA3054;2017-05-15;76.51;165.57;Rien à signaler.
MMA3054;2017-06-15;70.06;82.11;Condition normale pour la saison.
MMA3054;2017-07-15;151.97;85.78;Légère variabilité observée.
MMA3054;2017-08-15;90.94;148.81;Légère variabilité observée.
MMA3054;2017-09-15;86.17;176.71;Légère variabilité observée.
MMA3054;2017-10-15;86.95;66.53;Condition normale pour la saison.
MMA3056;2017-05-15;117.30;96.61;Condition normale pour la saison.
MMA3056;2017-06-15;60.96;189.51;Légère variabilité observée.
MMA3056;2017-07-15;70.48;162.88;Rien à signaler.
MMA3056;2017-08-15;191.30;72.11;Rien à signaler.
MMA3056;2017-09-15;182.13;175.00;Condition normale pour la saison.
MMA3056;2017-10-15;167.81;148.29;Rien à signaler.
MMA3058;2017-05-15;96.46;120.40;Condition normale pour la saison.
MMA3058;2017-06-15;96.45;124.28;Condition normale pour la saison.
MMA3058;2017-07-15;146.13;179.67;Légère variabilité observée.
MMA3058;2017-08-15;66.51;73.03;Légère variabilité observée.
MMA3058;2017-09-15;196.56;115.38;Condition normale pour la saison.
MMA3058;2017-10-15;180.31;55.42;Condition normale pour la saison.
MMA3060;2017-05-15;197.73;94.74;Condition normale pour la saison.
MMA3060;2017-06-15;88.30;154.62;Condition normale pour la saison.
MMA3060;2017-07-15;63.90;65.43;Condition normale pour la saison.
MMA3060;2017-08-15;116.08;196.20;Rien à signaler.
MMA3060;2017-09-15;142.67;111.21;Rien à signaler.
MMA3060;2017-10-15;149.57;72.42;Légère variabilité observée.
MMA3062;2017-05-15;142.07;98.60;Rien à signaler.
MMA3062;2017-06-15;69.26;132.95;Condition normale pour la saison.
MMA3062;2017-07-15;59.59;108.39;Condition normale pour la saison.
MMA3062;2017-08-15;186.10;152.43;Légère variabilité observée.
MMA3062;2017-09-15;100.64;167.25;Condition normale pour la saison.
MMA3062;2017-10-15;157.33;133.56;Rien à signaler.
MMA3064;2017-05-15;103.54;138.56;Condition normale pour la saison.
MMA3064;2017-06-15;109.33;161.21;Condition normale pour la saison.
MMA3064;2017-07-15;140.09;52.16;Condition normale pour la saison.
MMA3064;2017-08-15;99.25;110.87;Légère variabilité observée.
MMA3064;2017-09-15;142.10;59.39;Rien à signaler.
MMA3064;2017-10-15;56.35;199.42;Condition normale pour la saison.
MMA3066;2017-05-15;132.29;177.60;Condition normale pour la saison.
MMA3066;2017-06-15;90.03;50.60;Condition normale pour la saison.
MMA3066;2017-07-15;100.22;70.77;Rien à signaler.
MMA3066;2017-08-15;72.50;143.15;Légère variabilité observée.
MMA3066;2017-09-15;122.46;191.48;Rien à signaler.
MMA3066;2017-10-15;60.30;181.51;Condition normale pour la saison.
MMA3068;2017-05-15;168.18;79.50;Condition normale pour la saison.
MMA3068;2017-06-15;160.50;154.92;Condition normale pour la saison.
MMA3068;2017-07-15;112.12;135.99;Légère variabilité observée.
MMA3068;2017-08-15;101.73;162.99;Condition normale pour la saison.
MMA3068;2017-09-15;85.44;131.23;Légère variabilité observée.
MMA3068;2017-10-15;177.67;183.96;Rien à signaler.
MMA3070;2017-05-15;112.10;55.74;Condition normale pour la saison.
MMA3070;2017-06-15;150.29;156.49;Condition normale pour la saison.
MMA3070;2017-07-15;55.00;154.35;Légère variabilité observée.
MMA3070;2017-08-15;183.30;119.74;Condition normale pour la saison.
MMA3070;2017-09-15;185.11;72.50;Légère variabilité observée.
MMA3070;2017-10-15;116.37;101.73;Condition normale pour la saison.
MMA3072;2017-05-15;90.59;110.09;Légère variabilité observée.
MMA3072;2017-06-15;103.28;181.74;Légère variabilité observée.
MMA3072;2017-07-15;139.42;134.84;Condition normale pour la saison.
MMA3072;2017-08-15;158.25;194.50;Condition normale pour la saison.
MMA3072;2017-09-15;158.68;123.91;Rien à signaler.
MMA3072;2017-10-15;155.30;181.58;Légère variabilité observée.
MMA3074;2017-05-15;121.13;81.83;Rien à signaler.
MMA3074;2017-06-15;139.30;91.81;Condition normale pour la saison.
MMA3074;2017-07-15;120.99;87.56;Condition normale pour la saison.
MMA3074;2017-08-15;155.12;113.71;Condition normale pour la saison.
MMA3074;2017-09-15;111.96;159.63;Légère variabilité observée.
MMA3074;2017-10-15;84.71;58.75;Légère variabilité observée.
MMA3076;2017-05-15;125.18;186.03;Condition normale pour la saison.
MMA3076;2017-06-15;160.91;156.70;Condition normale pour la saison.
MMA3076;2017-07-15;102.31;167.11;Condition normale pour la saison.
MMA3076;2017-08-15;71.56;190.51;Condition normale pour la saison.
MMA3076;2017-09-15;119.57;54.52;Légère variabilité observée.
MMA3076;2017-10-15;103.94;156.54;Légère variabilité observée.
MMA3078;2017-05-15;103.89;142.31;Condition normale pour la saison.
MMA3078;2017-06-15;102.43;80.23;Condition normale pour la saison.
MMA3078;2017-07-15;96.77;83.43;Condition normale pour la saison.
MMA3078;2017-08-15;161.11;101.07;Condition normale pour la saison.
MMA3078;2017-09-15;77.77;71.41;Condition normale pour la saison.
MMA3078;2017-10-15;95.63;86.97;Légère variabilité observée.
MMA3080;2017-05-15;91.84;140.39;Légère variabilité observée.
MMA3080;2017-06-15;70.58;128.16;Légère variabilité observée.
MMA3080;2017-07-15;152.62;178.87;Légère variabilité observée.
MMA3080;2017-08-15;145.97;92.14;Légère variabilité observée.
MMA3080;2017-09-15;54.28;172.17;Condition normale pour la saison.
MMA3080;2017-10-15;69.75;135.13;Condition normale pour la saison.
MMA3082;2017-05-15;168.78;80.60;Rien à signaler.
MMA3082;2017-06-15;101.38;146.08;Condition normale pour la saison.
MMA3082;2017-07-15;150.78;138.11;Rien à signaler.
MMA3082;2017-08-15;94.18;138.39;Condition normale pour la saison.
MMA3082;2017-09-15;174.99;190.74;Condition normale pour la saison.
MMA3082;2017-10-15;95.21;194.72;Légère variabilité observée.
MMA3084;2017-05-15;138.55;51.79;Légère variabilité observée.
MMA3084;2017-06-15;84.83;155.45;Condition normale pour la saison.
MMA3084;2017-07-15;175.23;192.97;Condition normale pour la saison.
MMA3084;2017-08-15;160.08;105.98;Condition normale pour la saison.
MMA3084;2017-09-15;68.50;151.29;Rien à signaler.
MMA3084;2017-10-15;138.79;103.25;Condition normale pour la saison.
MMA3086;2017-05-15;122.91;155.54;Condition normale pour la saison.
MMA3086;2017-06-15;122.98;88.27;Condition normale pour la saison.
MMA3086;2017-07-15;104.00;148.55;Légère variabilité observée.
MMA3086;2017-08-15;142.56;131.88;Condition normale pour la saison.
MMA3086;2017-09-15;80.70;137.20;Rien à signaler.
MMA3086;2017-10-15;50.37;157.87;Légère variabilité observée.
MMA3088;2017-05-15;110.94;65.85;Condition normale pour la saison.
MMA3088;2017-06-15;96.42;186.23;Condition normale pour la saison.
MMA3088;2017-07-15;75.76;58.70;Rien à signaler.
MMA3088;2017-08-15;81.10;168.38;Condition normale pour la saison.
MMA3088;2017-09-15;144.27;118.78;Condition normale pour la saison.
MMA3088;2017-10-15;193.57;74.43;Condition normale pour la saison.
MMA3090;2017-05-15;145.41;162.31;Légère variabilité observée.
MMA3090;2017-07-15;166.92;128.59;Légère variabilité observée.
MMA3090;2017-08-15;175.41;77.14;Légère variabilité observée.
MMA3090;2017-09-15;129.70;97.15;Condition normale pour la saison.
MMA3090;2017-10-15;129.81;94.81;Condition normale pour la saison.
MMA3092;2017-05-15;147.25;90.71;Rien à signaler.
MMA3092;2017-06-15;170.51;93.25;Légère variabilité observée.
MMA3092;2017-07-15;180.91;172.23;Condition normale pour la saison.
MMA3092;2017-08-15;189.10;138.52;Condition normale pour la saison.
MMA3092;2017-09-15;132.08;145.37;Rien à signaler.
MMA3092;2017-10-15;65.25;193.20;Condition normale pour la saison.
MMA3094;2017-05-15;143.18;141.05;Légère variabilité observée.
MMA3094;2017-06-15;50.14;199.99;Condition normale pour la saison.
MMA3094;2017-07-15;178.92;64.89;Condition normale pour la saison.
MMA3094;2017-08-15;99.59;66.96;Condition normale pour la saison.
MMA3094;2017-09-15;51.08;117.07;Rien à signaler.
MMA3094;2017-10-15;155.36;168.25;Rien à signaler.
MMA3096;2017-05-15;127.39;131.88;Condition normale pour la saison.
MMA3096;2017-06-15;161.73;79.01;Légère variabilité observée.
MMA3096;2017-07-15;72.91;198.97;Rien à signaler.
MMA3096;2017-08-15;130.00;95.98;Rien à signaler.
MMA3096;2017-09-15;153.41;76.49;Rien à signaler.
MMA3096;2017-10-15;136.37;192.26;Légère variabilité observée.
MMA3098;2017-05-15;107.75;93.69;Condition normale pour la saison.
MMA3098;2017-06-15;174.73;199.04;Rien à signaler.
MMA3098;2017-07-15;57.79;51.67;Condition normale pour la saison.
MMA3098;2017-08-15;93.88;142.05;Légère variabilité observée.
MMA3098;2017-09-15;124.12;93.43;Condition normale pour la saison.
MMA3098;2017-10-15;52.56;102.95;Condition normale pour la saison.
MMA3100;2017-05-15;58.38;71.55;Condition normale pour la saison.
MMA3100;2017-06-15;155.08;158.99;Rien à signaler.
MMA3100;2017-07-15;199.02;59.75;Rien à signaler.
MMA3100;2017-08-15;116.64;150.89;Condition normale pour la saison.
MMA3100;2017-09-15;185.38;186.94;Condition normale pour la saison.
MMA3100;2017-10-15;182.00;94.58;Condition normale pour la saison.
MMA4002;2017-05-15;170.03;117.99;Condition normale pour la saison.
MMA4002;2017-06-15;176.20;116.24;Légère variabilité observée.
MMA4002;2017-07-15;164.53;188.83;Rien à signaler.
MMA4002;2017-08-15;100.17;75.86;Rien à signaler.
MMA4002;2017-09-15;128.85;58.66;Rien à signaler.
MMA4002;2017-10-15;196.49;89.61;Condition normale pour la saison.
MMA4004;2017-05-15;123.23;77.28;Condition normale pour la saison.
MMA4004;2017-06-15;102.95;100.75;Condition normale pour la saison.
MMA4004;2017-07-15;138.34;104.51;Légère variabilité observée.
MMA4004;2017-08-15;92.70;198.79;Rien à signaler.
MMA4004;2017-09-15;113.27;102.93;Condition normale pour la saison.
MMA4004;2017-10-15;70.41;157.59;Condition normale pour la saison.
MMA4006;2017-05-15;102.13;95.72;Condition normale pour la saison.
MMA4006;2017-06-15;66.77;69.63;Condition normale pour la saison.
MMA4006;2017-07-15;66.62;112.22;Condition normale pour la saison.
MMA4006;2017-08-15;143.32;146.03;Rien à signaler.
MMA4006;2017-09-15;196.65;82.91;Légère variabilité observée.
MMA4006;2017-10-15;151.19;58.18;Légère variabilité observée.
MMA4008;2017-05-15;196.55;154.65;Légère variabilité observée.
MMA4008;2017-06-15;136.45;78.38;Rien à signaler.
MMA4008;2017-07-15;148.20;96.86;Rien à signaler.
MMA4008;2017-08-15;122.19;98.75;Rien à signaler.
MMA4008;2017-09-15;76.90;168.10;Légère variabilité observée.
MMA4008;2017-10-15;108.74;64.23;Condition normale pour la saison.
MMA4010;2017-05-15;110.79;154.50;Légère variabilité observée.
MMA4010;2017-06-15;55.44;197.66;Légère variabilité observée.
MMA4010;2017-07-15;91.39;122.70;Légère variabilité observée.
MMA4010;2017-08-15;67.33;191.66;Condition normale pour la saison.
MMA4010;2017-09-15;190.63;89.43;Légère variabilité observée.
MMA4010;2017-10-15;62.88;119.19;Légère variabilité observée.
MMA4012;2017-05-15;50.45;194.82;Condition normale pour la saison.
MMA4012;2017-06-15;124.22;145.98;Condition normale pour la saison.
MMA4012;2017-07-15;78.12;97.39;Condition normale pour la saison.
MMA4012;2017-08-15;164.17;112.17;Rien à signaler.
MMA4012;2017-09-15;61.41;103.52;Légère variabilité observée.
MMA4012;2017-10-15;63.79;195.79;Rien à signaler.
MMA4014;2017-05-15;184.39;91.62;Légère variabilité observée.
MMA4014;2017-06-15;119.75;193.02;Rien à signaler.
MMA4014;2017-07-15;156.42;84.08;Condition normale pour la saison.
MMA4014;2017-08-15;166.38;170.50;Légère variabilité observée.
MMA4014;2017-09-15;138.89;182.37;Condition normale pour la saison.
MMA4014;2017-10-15;104.25;152.73;Condition normale pour la saison.
MMA4016;2017-05-15;176.93;162.51;Condition normale pour la saison.
MMA4016;2017-06-15;140.99;146.16;Légère variabilité observée.
MMA4016;2017-07-15;125.81;152.97;Rien à signaler.
MMA4016;2017-08-15;186.62;199.02;Condition normale pour la saison.
MMA4016;2017-09-15;102.11;182.99;Rien à signaler.
MMA4016;2017-10-15;63.88;74.73;Condition normale pour la saison.
MMA4018;2017-05-15;77.30;164.56;Rien à signaler.
MMA4018;2017-06-15;151.38;190.70;Condition normale pour la saison.
MMA4018;2017-07-15;57.50;150.40;Légère variabilité observée.
MMA4018;2017-08-15;99.75;71.16;Condition normale pour la saison.
MMA4018;2017-09-15;180.93;64.34;Légère variabilité observée.
MMA4018;2017-10-15;126.91;90.51;Rien à signaler.
MMA4020;2017-05-15;115.07;96.57;Légère variabilité observée.
MMA4020;2017-06-15;61.33;101.35;Condition normale pour la saison.
MMA4020;2017-07-15;153.00;50.65;Condition normale pour la saison.
MMA4020;2017-08-15;162.01;130.43;Rien à signaler.
MMA4020;2017-09-15;123.28;175.17;Condition normale pour la saison.
MMA4020;2017-10-15;172.36;92.46;Condition normale pour la saison.
MMA4022;2017-05-15;99.37;173.59;Rien à signaler.
MMA4022;2017-06-15;89.88;182.28;Condition normale pour la saison.
MMA4022;2017-07-15;196.01;70.16;Condition normale pour la saison.
MMA4022;2017-08-15;191.96;113.07;Rien à signaler.
MMA4022;2017-09-15;186.26;177.50;Condition normale pour la saison.
MMA4022;2017-10-15;136.61;165.61;Légère variabilité observée.
MMA4024;2017-05-15;105.38;177.37;Condition normale pour la saison.
MMA4024;2017-06-15;171.08;194.61;Légère variabilité observée.
MMA4024;2017-07-15;177.87;146.34;Condition normale pour la saison.
MMA4024;2017-08-15;129.89;181.21;Condition normale pour la saison.
MMA4024;2017-09-15;186.49;75.03;Condition normale pour la saison.
MMA4024;2017-10-15;96.51;150.79;Condition normale pour la saison.
MMA4026;2017-05-15;65.51;145.57;Condition normale pour la saison.
MMA4026;2017-06-15;190.82;149.27;Rien à signaler.
MMA4026;2017-07-15;78.52;137.34;Condition normale pour la saison.
MMA4026;2017-08-15;90.06;66.36;Condition normale pour la saison.
MMA4026;2017-09-15;102.36;88.60;Condition normale pour la saison.
MMA4026;2017-10-15;143.04;87.72;Condition normale pour la saison.
MMA4028;2017-05-15;120.82;57.93;Condition normale pour la saison.
MMA4028;2017-06-15;193.13;158.82;Rien à signaler.
MMA4028;2017-07-15;141.39;191.56;Légère variabilité observée.
MMA4028;2017-08-15;150.64;83.19;Rien à signaler.
MMA4028;2017-09-15;170.20;184.28;Condition normale pour la saison.
MMA4028;2017-10-15;112.87;116.67;Légère variabilité observée.
MMA4030;2017-05-15;195.18;130.84;Condition normale pour la saison.
MMA4030;2017-06-15;82.04;182.68;Rien à signaler.
MMA4030;2017-07-15;179.90;117.61;Condition normale pour la saison.
MMA4030;2017-08-15;138.30;62.11;Condition normale pour la saison.
MMA4030;2017-09-15;107.03;78.85;Condition normale pour la saison.
MMA4030;2017-10-15;53.63;81.32;Condition normale pour la saison.
MMA4032;2017-05-15;193.00;129.08;Légère variabilité observée.
MMA4032;2017-06-15;177.04;55.65;Rien à signaler.
MMA4032;2017-07-15;53.00;166.83;Légère variabilité observée.
MMA4032;2017-08-15;125.73;169.67;Condition normale pour la saison.
MMA4032;2017-09-15;144.64;107.38;Condition normale pour la saison.
MMA4032;2017-10-15;122.24;158.06;Condition normale pour la saison.
MMA4034;2017-05-15;160.15;116.94;Condition normale pour la saison.
MMA4034;2017-06-15;178.11;106.93;Légère variabilité observée.
MMA4034;2017-07-15;106.97;112.07;Condition normale pour la saison.
MMA4034;2017-08-15;68.14;59.62;Condition normale pour la saison.
MMA4034;2017-09-15;167.76;197.01;Rien à signaler.
MMA4034;2017-10-15;134.93;120.90;Condition normale pour la saison.
MMA4036;2017-05-15;111.86;152.74;Condition normale pour la saison.
MMA4036;2017-06-15;97.13;126.62;Rien à signaler.
MMA4036;2017-07-15;75.92;160.35;Condition normale pour la saison.
MMA4036;2017-08-15;169.43;115.67;Légère variabilité observée.
MMA4036;2017-09-15;187.34;198.88;Condition normale pour la saison.
MMA4036;2017-10-15;185.90;163.57;Condition normale pour la saison.
MMA4038;2017-05-15;163.41;154.36;Rien à signaler.
MMA4038;2017-06-15;78.62;140.89;Condition normale pour la saison.
MMA4038;2017-07-15;129.72;50.30;Rien à signaler.
MMA4038;2017-08-15;79.67;125.89;Légère variabilité observée.
MMA4038;2017-09-15;172.24;60.85;Condition normale pour la saison.
MMA4038;2017-10-15;114.85;118.80;Condition normale pour la saison.
MMA4040;2017-05-15;184.86;136.13;Légère variabilité observée.
MMA4040;2017-06-15;197.73;66.20;Légère variabilité observée.
MMA4040;2017-07-15;155.46;67.50;Légère variabilité observée.
MMA4040;2017-08-15;170.11;100.25;Condition normale pour la saison.
MMA4040;2017-09-15;184.10;185.26;Condition normale pour la saison.
MMA4040;2017-10-15;107.41;184.79;Légère variabilité observée.
MMA4042;2017-05-15;198.41;137.68;Condition normale pour la saison.
MMA4042;2017-06-15;52.12;131.67;Rien à signaler.
MMA4042;2017-07-15;137.63;81.03;Légère variabilité observée.
MMA4042;2017-08-15;153.30;140.84;Légère variabilité observée.
MMA4042;2017-09-15;168.09;100.99;Condition normale pour la saison.
MMA4042;2017-10-15;128.20;99.71;Condition normale pour la saison.
MMA4044;2017-05-15;187.72;127.06;Légère variabilité observée.
MMA4044;2017-06-15;185.16;148.69;Condition normale pour la saison.
MMA4044;2017-07-15;87.73;128.12;Condition normale pour la saison.
MMA4044;2017-08-15;151.89;61.44;Condition normale pour la saison.
MMA4044;2017-09-15;127.20;162.75;Rien à signaler.
MMA4044;2017-10-15;167.94;120.28;Légère variabilité observée.
MMA4046;2017-05-15;178.16;172.67;Rien à signaler.
MMA4046;2017-06-15;135.35;105.05;Rien à signaler.
MMA4046;2017-07-15;140.74;153.95;Condition normale pour la saison.
MMA4046;2017-08-15;190.69;158.60;Rien à signaler.
MMA4046;2017-09-15;50.16;118.39;Condition normale pour la saison.
MMA4046;2017-10-15;88.92;120.47;Légère variabilité observée.
MMA4048;2017-05-15;141.90;191.23;Légère variabilité observée.
MMA4048;2017-06-15;181.41;167.52;Condition normale pour la saison.
MMA4048;2017-07-15;61.58;186.08;Légère variabilité observée.
MMA4048;2017-08-15;98.71;147.64;Légère variabilité observée.
MMA4048;2017-09-15;114.69;131.11;Condition normale pour la saison.
MMA4048;2017-10-15;77.54;154.77;Rien à signaler.
MMA4050;2017-05-15;170.99;162.72;Légère variabilité observée.
MMA4050;2017-06-15;64.39;171.40;Rien à signaler.
MMA4050;2017-07-15;151.10;197.01;Condition normale pour la saison.
MMA4050;2017-08-15;182.77;109.73;Rien à signaler.
MMA4050;2017-09-15;173.08;177.99;Condition normale pour la saison.
MMA4050;2017-10-15;150.67;160.82;Condition normale pour la saison.
MMA4052;2017-05-15;51.38;57.95;Condition normale pour la saison.
MMA4052;2017-06-15;162.31;135.11;Condition normale pour la saison.
MMA4052;2017-08-15;128.45;173.47;Condition normale pour la saison.
MMA4052;2017-09-15;126.15;73.68;Légère variabilité observée.
MMA4052;2017-10-15;95.56;182.18;Condition normale pour la saison.
MMA4054;2017-05-15;134.24;197.41;Condition normale pour la saison.
MMA4054;2017-06-15;94.85;86.70;Légère variabilité observée.
MMA4054;2017-07-15;184.03;110.74;Légère variabilité observée.
MMA4054;2017-08-15;199.03;154.11;Condition normale pour la saison.
MMA4054;2017-09-15;189.16;128.44;Légère variabilité observée.
MMA4054;2017-10-15;155.64;171.69;Légère variabilité observée.
MMA4056;2017-05-15;134.61;157.24;Condition normale pour la saison.
MMA4056;2017-06-15;85.56;126.75;Condition normale pour la saison.
MMA4056;2017-07-15;115.03;141.22;Condition normale pour la saison.
MMA4056;2017-08-15;144.38;158.81;Rien à signaler.
MMA4056;2017-09-15;97.64;93.98;Légère variabilité observée.
MMA4056;2017-10-15;103.85;165.64;Légère variabilité observée.
MMA4058;2017-05-15;54.03;62.22;Rien à signaler.
MMA4058;2017-06-15;142.52;106.75;Condition normale pour la saison.
MMA4058;2017-07-15;106.03;73.77;Condition normale pour la saison.
MMA4058;2017-08-15;65.59;68.88;Rien à signaler.
MMA4058;2017-09-15;60.62;110.16;Légère variabilité observée.
MMA4058;2017-10-15;199.85;123.45;Légère variabilité observée.
MMA4060;2017-05-15;163.41;181.62;Rien à signaler.
MMA4060;2017-06-15;152.28;76.21;Rien à signaler.
MMA4060;2017-07-15;154.56;74.83;Condition normale pour la saison.
MMA4060;2017-08-15;170.43;172.86;Condition normale pour la saison.
MMA4060;2017-09-15;160.82;131.13;Rien à signaler.
MMA4060;2017-10-15;60.67;162.47;Légère variabilité observée.
MMA4062;2017-05-15;165.65;99.95;Légère variabilité observée.
MMA4062;2017-06-15;147.64;61.04;Rien à signaler.
MMA4062;2017-07-15;59.69;144.54;Légère variabilité observée.
MMA4062;2017-08-15;190.02;112.86;Légère variabilité observée.
MMA4062;2017-09-15;102.44;88.87;Légère variabilité observée.
MMA4062;2017-10-15;106.15;82.06;Condition normale pour la saison.
MMA4064;2017-05-15;100.85;197.85;Condition normale pour la saison.
MMA4064;2017-06-15;84.57;143.15;Rien à signaler.
MMA4064;2017-07-15;66.68;100.79;Légère variabilité observée.
MMA4064;2017-08-15;147.24;162.96;Condition normale pour la saison.
MMA4064;2017-09-15;89.68;179.76;Légère variabilité observée.
MMA4064;2017-10-15;169.15;139.56;Rien à signaler.
MMA4066;2017-05-15;195.56;109.51;Condition normale pour la saison.
MMA4066;2017-06-15;175.54;177.25;Condition normale pour la saison.
MMA4066;2017-07-15;190.44;58.74;Condition normale pour la saison.
MMA4066;2017-08-15;121.98;134.18;Condition normale pour la saison.
MMA4066;2017-09-15;146.09;111.17;Légère variabilité observée.
MMA4066;2017-10-15;133.40;70.39;Condition normale pour la saison.
MMA4068;2017-05-15;133.83;181.94;Rien à signaler.
MMA4068;2017-06-15;170.14;122.07;Condition normale pour la saison.
MMA4068;2017-07-15;78.91;180.03;Condition normale pour la saison.
MMA4068;2017-08-15;175.87;110.64;Rien à signaler.
MMA4068;2017-09-15;74.03;148.98;Condition normale pour la saison.
MMA4068;2017-10-15;96.19;162.23;Rien à signaler.
MMA4070;2017-05-15;67.03;90.15;Condition normale pour la saison.
MMA4070;2017-06-15;82.25;83.42;Condition normale pour la saison.
MMA4070;2017-07-15;123.80;159.45;Condition normale pour la saison.
MMA4070;2017-08-15;193.74;99.70;Rien à signaler.
MMA4070;2017-09-15;93.18;160.96;Condition normale pour la saison.
MMA4070;2017-10-15;170.26;148.03;Condition normale pour la saison.
MMA4072;2017-05-15;159.86;141.40;Condition normale pour la saison.
MMA4072;2017-06-15;108.71;111.31;Légère variabilité observée.
MMA4072;2017-07-15;160.36;98.27;Condition normale pour la saison.
MMA4072;2017-08-15;165.35;126.61;Condition normale pour la saison.
MMA4072;2017-09-15;56.16;140.21;Condition normale pour la saison.
MMA4072;2017-10-15;174.35;197.04;Condition normale pour la saison.
MMA4074;2017-05-15;128.61;142.05;Condition normale pour la saison.
MMA4074;2017-06-15;144.15;89.02;Condition normale pour la saison.
MMA4074;2017-07-15;88.74;73.00;Légère variabilité observée.
MMA4074;2017-08-15;92.44;83.60;Condition normale pour la saison.
MMA4074;2017-09-15;162.02;102.02;Rien à signaler.
MMA4074;2017-10-15;132.48;61.45;Condition normale pour la saison.
MMA4076;2017-05-15;92.64;144.25;Légère variabilité observée.
MMA4076;2017-06-15;54.10;143.36;Condition normale pour la saison.
MMA4076;2017-07-15;173.40;110.93;Rien à signaler.
MMA4076;2017-08-15;173.21;184.00;Rien à signaler.
MMA4076;2017-09-15;190.81;195.05;Condition normale pour la saison.
MMA4076;2017-10-15;108.34;152.98;Condition normale pour la saison.
MMA4078;2017-05-15;87.16;87.97;Condition normale pour la saison.
MMA4078;2017-06-15;117.09;109.52;Légère variabilité observée.
MMA4078;2017-07-15;116.03;177.85;Condition normale pour la saison.
MMA4078;2017-08-15;140.21;50.95;Condition normale pour la saison.
MMA4078;2017-09-15;70.28;98.32;Condition normale pour la saison.
MMA4078;2017-10-15;158.04;112.23;Rien à signaler.
MMA4080;2017-05-15;50.84;139.77;Rien à signaler.
MMA4080;2017-06-15;159.27;95.11;Condition normale pour la saison.
MMA4080;2017-07-15;104.33;132.37;Condition normale pour la saison.
MMA4080;2017-08-15;176.57;154.56;Légère variabilité observée.
MMA4080;2017-09-15;92.94;162.24;Rien à signaler.
MMA4080;2017-10-15;100.21;74.84;Condition normale pour la saison.
MMA4082;2017-05-15;188.92;140.01;Condition normale pour la saison.
MMA4082;2017-06-15;186.92;99.68;Légère variabilité observée.
MMA4082;2017-07-15;195.27;170.44;Rien à signaler.
MMA4082;2017-08-15;83.01;61.90;Légère variabilité observée.
MMA4082;2017-09-15;143.10;182.22;Légère variabilité observée.
MMA4082;2017-10-15;198.60;157.66;Condition normale pour la saison.
MMA4084;2017-05-15;129.61;81.97;Condition normale pour la saison.
MMA4084;2017-06-15;117.30;116.53;Condition normale pour la saison.
MMA4084;2017-07-15;189.07;140.71;Condition normale pour la saison.
MMA4084;2017-08-15;189.53;129.02;Condition normale pour la saison.
MMA4084;2017-09-15;53.93;52.46;Rien à signaler.
MMA4084;2017-10-15;99.22;88.81;Condition normale pour la saison.
MMA4086;2017-05-15;89.36;105.51;Condition normale pour la saison.
MMA4086;2017-06-15;68.71;128.14;Condition normale pour la saison.
MMA4086;2017-07-15;94.10;198.98;Rien à signaler.
MMA4086;2017-08-15;111.76;81.47;Condition normale pour la saison.
MMA4086;2017-09-15;55.41;198.42;Rien à signaler.
MMA4086;2017-10-15;56.77;151.02;Légère variabilité observée.
MMA4088;2017-05-15;169.79;90.15;Condition normale pour la saison.
MMA4088;2017-06-15;147.44;144.89;Condition normale pour la saison.
MMA4088;2017-07-15;64.80;107.86;Condition normale pour la saison.
MMA4088;2017-08-15;111.84;158.69;Légère variabilité observée.
MMA4088;2017-09-15;104.40;189.91;Légère variabilité observée.
MMA4088;2017-10-15;84.02;74.51;Légère variabilité observée.
MMA4090;2017-05-15;53.35;146.32;Condition normale pour la saison.
MMA4090;2017-06-15;165.33;80.01;Condition normale pour la saison.
MMA4090;2017-07-15;58.72;98.63;Condition normale pour la saison.
MMA4090;2017-08-15;74.07;193.32;Légère variabilité observée.
MMA4090;2017-09-15;192.35;115.23;Condition normale pour la saison.
MMA4090;2017-10-15;187.27;143.94;Légère variabilité observée.
MMA4092;2017-05-15;185.74;99.32;Condition normale pour la saison.
MMA4092;2017-06-15;66.86;61.30;Condition normale pour la saison.
MMA4092;2017-07-15;165.31;190.07;Condition normale pour la saison.
MMA4092;2017-08-15;60.62;77.21;Rien à signaler.
MMA4092;2017-09-15;104.49;90.08;Condition normale pour la saison.
MMA4092;2017-10-15;152.80;181.59;Condition normale pour la saison.
MMA4094;2017-05-15;109.86;92.35;Condition normale pour la saison.
MMA4094;2017-06-15;176.81;101.78;Condition normale pour la saison.
MMA4094;2017-07-15;182.24;93.16;Légère variabilité observée.
MMA4094;2017-08-15;136.82;119.98;Condition normale pour la saison.
MMA4094;2017-09-15;166.02;130.74;Condition normale pour la saison.
MMA4094;2017-10-15;80.42;95.84;Légère variabilité observée.
MMA4096;2017-05-15;101.40;143.35;Condition normale pour la saison.
MMA4096;2017-06-15;82.17;58.42;Condition normale pour la saison.
MMA4096;2017-07-15;93.35;68.31;Condition normale pour la saison.
MMA4096;2017-08-15;185.83;188.94;Rien à signaler.
MMA4096;2017-09-15;111.46;141.95;Condition normale pour la saison.
MMA4096;2017-10-15;137.20;61.25;Légère variabilité observée.
MMA4098;2017-05-15;157.61;92.74;Condition normale pour la saison.
MMA4098;2017-06-15;169.09;181.36;Légère variabilité observée.
MMA4098;2017-07-15;163.43;133.25;Rien à signaler.
MMA4098;2017-08-15;82.72;55.31;Condition normale pour la saison.
MMA4098;2017-09-15;74.40;193.59;Condition normale pour la saison.
MMA4098;2017-10-15;162.60;128.45;Condition normale pour la saison.
MMA4100;2017-05-15;77.55;129.00;Rien à signaler.
MMA4100;2017-06-15;173.14;126.27;Légère variabilité observée.
MMA4100;2017-07-15;70.04;148.09;Rien à signaler.
MMA4100;2017-08-15;94.79;58.33;Condition normale pour la saison.
MMA4100;2017-09-15;86.03;69.05;Condition normale pour la saison.
MMA4100;2017-10-15;58.94;162.98;Rien à signaler.
MMB1002;2017-05-15;186.18;154.74;Condition normale pour la saison.
MMB1002;2017-06-15;123.77;91.97;Légère variabilité observée.
MMB1002;2017-07-15;170.58;168.38;Condition normale pour la saison.
MMB1002;2017-08-15;189.63;63.52;Légère variabilité observée.
MMB1002;2017-09-15;76.41;70.01;Rien à signaler.
MMB1002;2017-10-15;72.10;165.34;Condition normale pour la saison.
MMB1004;2017-05-15;157.29;150.34;Légère variabilité observée.
MMB1004;2017-06-15;111.38;199.33;Rien à signaler.
MMB1004;2017-07-15;121.31;176.67;Légère variabilité observée.
MMB1004;2017-08-15;183.12;163.25;Condition normale pour la saison.
MMB1004;2017-09-15;81.42;71.67;Légère variabilité observée.
MMB1004;2017-10-15;82.79;155.43;Condition normale pour la saison.
MMB1006;2017-05-15;172.12;166.80;Condition normale pour la saison.
MMB1006;2017-06-15;109.66;168.58;Légère variabilité observée.
MMB1006;2017-07-15;178.61;154.54;Légère variabilité observée.
MMB1006;2017-08-15;174.88;149.12;Condition normale pour la saison.
MMB1006;2017-09-15;157.90;66.77;Rien à signaler.
MMB1006;2017-10-15;104.63;77.21;Légère variabilité observée.
MMB1008;2017-05-15;151.20;159.14;Légère variabilité observée.
MMB1008;2017-06-15;179.82;157.92;Rien à signaler.
MMB1008;2017-07-15;61.21;189.96;Rien à signaler.
MMB1008;2017-08-15;58.18;75.10;Condition normale pour la saison.
MMB1008;2017-09-15;148.92;155.14;Condition normale pour la saison.
MMB1008;2017-10-15;134.63;143.31;Rien à signaler.
MMB1010;2017-05-15;64.83;89.22;Condition normale pour la saison.
MMB1010;2017-06-15;158.98;62.48;Condition normale pour la saison.
MMB1010;2017-07-15;145.43;193.68;Condition normale pour la saison.
MMB1010;2017-08-15;129.61;171.95;Légère variabilité observée.
MMB1010;2017-09-15;156.44;199.43;Rien à signaler.
MMB1010;2017-10-15;173.34;52.97;Condition normale pour la saison.
MMB1012;2017-05-15;133.18;183.43;Légère variabilité observée.
MMB1012;2017-06-15;62.81;198.09;Condition normale pour la saison.
MMB1012;2017-07-15;50.75;173.05;Légère variabilité observée.
MMB1012;2017-08-15;119.03;112.74;Condition normale pour la saison.
MMB1012;2017-09-15;68.61;68.46;Légère variabilité observée.
MMB1012;2017-10-15;184.99;95.94;Rien à signaler.
MMB1014;2017-05-15;78.77;145.90;Rien à signaler.
MMB1014;2017-06-15;81.00;127.30;Condition normale pour la saison.
MMB1014;2017-07-15;98.05;182.54;Condition normale pour la saison.
MMB1014;2017-08-15;119.31;102.53;Condition normale pour la saison.
MMB1014;2017-09-15;89.69;183.78;Rien à signaler.
MMB1014;2017-10-15;108.86;121.36;Légère variabilité observée.
MMB1016;2017-05-15;104.97;128.75;Condition normale pour la saison.
MMB1016;2017-06-15;136.75;75.68;Condition normale pour la saison.
MMB1016;2017-07-15;182.26;67.23;Condition normale pour la saison.
MMB1016;2017-08-15;118.50;82.98;Légère variabilité observée.
MMB1016;2017-09-15;192.68;134.58;Condition normale pour la saison.
MMB1016;2017-10-15;114.38;89.63;Condition normale pour la saison.
MMB1018;2017-05-15;157.11;88.87;Condition normale pour la saison.
MMB1018;2017-06-15;101.66;166.10;Condition normale pour la saison.
MMB1018;2017-07-15;106.57;128.08;Rien à signaler.
MMB1018;2017-08-15;170.03;97.90;Condition normale pour la saison.
MMB1018;2017-09-15;124.72;60.59;Condition normale pour la saison.
MMB1018;2017-10-15;72.59;132.14;Légère variabilité observée.
MMB1020;2017-05-15;112.14;177.01;Condition normale pour la saison.
MMB1020;2017-06-15;61.40;159.72;Condition normale pour la saison.
MMB1020;2017-07-15;93.80;98.74;Condition normale pour la saison.
MMB1020;2017-08-15;123.16;149.75;Condition normale pour la saison.
MMB1020;2017-09-15;122.44;177.07;Rien à signaler.
MMB1020;2017-10-15;168.83;121.81;Condition normale pour la saison.
MMB1022;2017-05-15;124.25;182.87;Rien à signaler.
MMB1022;2017-06-15;124.68;59.63;Condition normale pour la saison.
MMB1022;2017-07-15;72.86;62.50;Légère variabilité observée.
MMB1022;2017-08-15;110.36;102.06;Condition normale pour la saison.
MMB1022;2017-09-15;117.22;77.41;Condition normale pour la saison.
MMB1022;2017-10-15;198.36;113.75;Rien à signaler.
MMB1024;2017-05-15;82.18;172.33;Rien à signaler.
MMB1024;2017-06-15;180.84;195.18;Rien à signaler.
MMB1024;2017-07-15;182.46;66.81;Condition normale pour la saison.
MMB1024;2017-08-15;130.61;97.75;Condition normale pour la saison.
MMB1024;2017-09-15;138.37;58.38;Condition normale pour la saison.
MMB1024;2017-10-15;121.43;186.86;Légère variabilité observée.
MMB1026;2017-05-15;94.69;115.03;Condition normale pour la saison.
MMB1026;2017-06-15;136.47;86.67;Légère variabilité observée.
MMB1026;2017-07-15;161.29;66.64;Condition normale pour la saison.
MMB1026;2017-08-15;60.70;90.55;Condition normale pour la saison.
MMB1026;2017-09-15;71.08;169.79;Légère variabilité observée.
MMB1026;2017-10-15;147.82;115.81;Légère variabilité observée.
MMB1028;2017-05-15;60.96;115.66;Condition normale pour la saison.
MMB1028;2017-06-15;146.99;72.16;Condition normale pour la saison.
MMB1028;2017-07-15;56.10;53.70;Condition normale pour la saison.
MMB1028;2017-08-15;100.51;83.35;Condition normale pour la saison.
MMB1028;2017-09-15;113.38;123.67;Condition normale pour la saison.
MMB1028;2017-10-15;103.53;108.28;Condition normale pour la saison.
MMB1030;2017-05-15;97.27;71.19;Condition normale pour la saison.
MMB1030;2017-06-15;122.92;114.77;Condition normale pour la saison.
MMB1030;2017-07-15;173.02;174.61;Condition normale pour la saison.
MMB1030;2017-08-15;102.77;50.07;Rien à signaler.
MMB1030;2017-09-15;78.61;154.30;Condition normale pour la saison.
MMB1030;2017-10-15;141.50;191.62;Condition normale pour la saison.
MMB1032;2017-05-15;184.60;142.29;Condition normale pour la saison.
MMB1032;2017-06-15;158.98;143.96;Condition normale pour la saison.
MMB1032;2017-07-15;176.72;184.94;Condition normale pour la saison.
MMB1032;2017-08-15;124.91;56.28;Rien à signaler.
MMB1032;2017-09-15;152.84;184.37;Condition normale pour la saison.
MMB1032;2017-10-15;148.05;186.92;Condition normale pour la saison.
MMB1034;2017-05-15;168.52;80.26;Rien à signaler.
MMB1034;2017-06-15;102.77;54.40;Rien à signaler.
MMB1034;2017-07-15;142.52;105.17;Condition normale pour la saison.
MMB1034;2017-08-15;76.09;80.42;Condition normale pour la saison.
MMB1034;2017-09-15;151.33;114.62;Légère variabilité observée.
MMB1034;2017-10-15;184.08;133.45;Condition normale pour la saison.
MMB1036;2017-05-15;180.68;71.12;Rien à signaler.
MMB1036;2017-06-15;147.49;165.23;Rien à signaler.
MMB1036;2017-07-15;103.06;172.92;Condition normale pour la saison.
MMB1036;2017-08-15;66.82;153.20;Rien à signaler.
MMB1036;2017-09-15;102.20;166.83;Légère variabilité observée.
MMB1036;2017-10-15;156.30;126.72;Légère variabilité observée.
MMB1038;2017-05-15;151.23;94.59;Condition normale pour la saison.
MMB1038;2017-06-15;178.11;187.15;Condition normale pour la saison.
MMB1038;2017-07-15;120.69;142.36;Rien à signaler.
MMB1038;2017-08-15;50.31;149.55;Condition normale pour la saison.
MMB1038;2017-09-15;104.24;81.07;Condition normale pour la saison.
MMB1038;2017-10-15;79.70;89.67;Condition normale pour la saison.
MMB1040;2017-05-15;50.29;167.56;Condition normale pour la saison.
MMB1040;2017-06-15;178.54;106.41;Condition normale pour la saison.
MMB1040;2017-07-15;172.63;168.58;Condition normale pour la saison.
MMB1040;2017-08-15;127.74;168.57;Condition normale pour la saison.
MMB1040;2017-09-15;53.60;92.29;Rien à signaler.
MMB1040;2017-10-15;167.56;89.63;Condition normale pour la saison.
MMB1042;2017-05-15;188.39;178.97;Condition normale pour la saison.
MMB1042;2017-06-15;90.17;51.55;Condition normale pour la saison.
MMB1042;2017-07-15;183.45;98.92;Condition normale pour la saison.
MMB1042;2017-08-15;181.04;156.74;Condition normale pour la saison.
MMB1042;2017-09-15;101.31;181.14;Condition normale pour la saison.
MMB1042;2017-10-15;146.86;94.70;Condition normale pour la saison.
MMB1044;2017-05-15;103.18;52.61;Condition normale pour la saison.
MMB1044;2017-06-15;102.46;158.65;Condition normale pour la saison.
MMB1044;2017-07-15;79.84;189.17;Légère variabilité observée.
MMB1044;2017-08-15;55.90;111.27;Condition normale pour la saison.
MMB1044;2017-09-15;199.28;159.97;Condition normale pour la saison.
MMB1044;2017-10-15;108.96;191.35;Condition normale pour la saison.
MMB1046;2017-05-15;195.63;129.85;Légère variabilité observée.
MMB1046;2017-06-15;71.45;104.96;Condition normale pour la saison.
MMB1046;2017-07-15;66.49;163.64;Rien à signaler.
MMB1046;2017-08-15;67.70;52.34;Condition normale pour la saison.
MMB1046;2017-09-15;87.80;78.34;Condition normale pour la saison.
MMB1046;2017-10-15;134.11;83.25;Condition normale pour la saison.
MMB1048;2017-05-15;148.84;133.20;Légère variabilité observée.
MMB1048;2017-06-15;87.26;87.84;Condition normale pour la saison.
MMB1048;2017-07-15;182.82;105.68;Rien à signaler.
MMB1048;2017-08-15;137.92;115.89;Légère variabilité observée.
MMB1048;2017-09-15;127.67;65.92;Condition normale pour la saison.
MMB1048;2017-10-15;187.22;65.40;Condition normale pour la saison.
MMB1050;2017-05-15;130.53;170.91;Condition normale pour la saison.
MMB1050;2017-06-15;100.19;180.75;Condition normale pour la saison.
MMB1050;2017-07-15;193.02;141.35;Condition normale pour la saison.
MMB1050;2017-08-15;169.78;60.40;Condition normale pour la saison.
MMB1050;2017-09-15;58.83;79.50;Légère variabilité observée.
MMB1050;2017-10-15;65.60;72.08;Condition normale pour la saison.
MMB1052;2017-05-15;124.90;173.71;Condition normale pour la saison.
MMB1052;2017-06-15;150.24;116.88;Condition normale pour la saison.
MMB1052;2017-07-15;118.41;50.05;Légère variabilité observée.
MMB1052;2017-08-15;186.44;186.34;Condition normale pour la saison.
MMB1052;2017-09-15;90.04;174.26;Légère variabilité observée.
MMB1052;2017-10-15;162.77;122.63;Légère variabilité observée.
MMB1054;2017-05-15;164.31;125.94;Condition normale pour la saison.
MMB1054;2017-06-15;150.11;133.17;Légère variabilité observée.
MMB1054;2017-07-15;158.59;96.72;Légère variabilité observée.
MMB1054;2017-08-15;57.89;72.45;Rien à signaler.
MMB1054;2017-09-15;178.51;56.63;Rien à signaler.
MMB1054;2017-10-15;116.24;52.30;Rien à signaler.
MMB1056;2017-05-15;164.42;194.59;Légère variabilité observée.
MMB1056;2017-06-15;184.45;120.52;Légère variabilité observée.
MMB1056;2017-07-15;155.79;55.31;Rien à signaler.
MMB1056;2017-08-15;75.21;92.06;Rien à signaler.
MMB1056;2017-09-15;131.05;185.56;Condition normale pour la saison.
MMB1056;2017-10-15;170.06;83.03;Légère variabilité observée.
MMB1058;2017-05-15;58.57;161.09;Condition normale pour la saison.
MMB1058;2017-06-15;77.44;63.36;Condition normale pour la saison.
MMB1058;2017-07-15;84.73;110.57;Rien à signaler.
MMB1058;2017-08-15;77.21;67.91;Condition normale pour la saison.
MMB1058;2017-09-15;94.18;74.61;Condition normale pour la saison.
MMB1058;2017-10-15;58.81;58.78;Condition normale pour la saison.
MMB1060;2017-05-15;82.10;95.01;Condition normale pour la saison.
MMB1060;2017-06-15;166.12;121.11;Rien à signaler.
MMB1060;2017-07-15;121.25;73.91;Condition normale pour la saison.
MMB1060;2017-08-15;99.66;90.63;Condition normale pour la saison.
MMB1060;2017-09-15;177.98;115.38;Condition normale pour la saison.
MMB1060;2017-10-15;198.15;196.31;Légère variabilité observée.
MMB1062;2017-05-15;121.28;116.32;Légère variabilité observée.
MMB1062;2017-06-15;153.37;59.88;Rien à signaler.
MMB1062;2017-07-15;191.71;180.89;Condition normale pour la saison.
MMB1062;2017-08-15;172.89;141.94;Condition normale pour la saison.
MMB1062;2017-09-15;96.42;157.59;Rien à signaler.
MMB1062;2017-10-15;56.81;170.80;Condition normale pour la saison.
MMB1064;2017-05-15;134.59;195.09;Condition normale pour la saison.
MMB1064;2017-06-15;114.71;180.12;Légère variabilité observée.
MMB1064;2017-07-15;110.75;194.66;Rien à signaler.
MMB1064;2017-08-15;164.57;52.77;Rien à signaler.
MMB1064;2017-09-15;65.12;87.83;Légère variabilité observée.
MMB1064;2017-10-15;162.92;190.93;Condition normale pour la saison.
MMB1066;2017-05-15;138.58;62.62;Légère variabilité observée.
MMB1066;2017-06-15;72.83;124.81;Rien à signaler.
MMB1066;2017-07-15;163.45;174.85;Condition normale pour la saison.
MMB1066;2017-08-15;183.64;142.91;Condition normale pour la saison.
MMB1066;2017-09-15;76.09;144.43;Condition normale pour la saison.
MMB1066;2017-10-15;135.11;137.14;Condition normale pour la saison.
MMB1068;2017-05-15;174.66;113.18;Condition normale pour la saison.
MMB1068;2017-06-15;96.32;175.31;Rien à signaler.
MMB1068;2017-07-15;62.87;123.31;Condition normale pour la saison.
MMB1068;2017-08-15;153.08;145.03;Condition normale pour la saison.
MMB1068;2017-09-15;170.06;100.30;Condition normale pour la saison.
MMB1068;2017-10-15;182.41;105.43;Rien à signaler.
MMB1070;2017-05-15;103.75;118.83;Légère variabilité observée.
MMB1070;2017-06-15;98.39;74.21;Rien à signaler.
MMB1070;2017-07-15;119.23;76.47;Condition normale pour la saison.
MMB1070;2017-08-15;107.34;199.43;Légère variabilité observée.
MMB1070;2017-09-15;55.00;118.95;Légère variabilité observée.
MMB1070;2017-10-15;68.64;188.15;Condition normale pour la saison.
MMB1072;2017-05-15;140.70;90.96;Condition normale pour la saison.
MMB1072;2017-06-15;119.08;179.86;Légère variabilité observée.
MMB1072;2017-07-15;140.53;105.13;Rien à signaler.
MMB1072;2017-08-15;87.03;92.35;Légère variabilité observée.
MMB1072;2017-09-15;152.22;169.02;Légère variabilité observée.
MMB1072;2017-10-15;68.79;137.86;Condition normale pour la saison.
MMB1074;2017-05-15;53.06;192.63;Condition normale pour la saison.
MMB1074;2017-06-15;149.12;174.70;Légère variabilité observée.
MMB1074;2017-07-15;179.42;123.95;Condition normale pour la saison.
MMB1074;2017-08-15;175.24;69.13;Condition normale pour la saison.
MMB1074;2017-09-15;79.40;141.40;Condition normale pour la saison.
MMB1074;2017-10-15;134.92;162.89;Légère variabilité observée.
MMB1076;2017-05-15;89.68;152.15;Rien à signaler.
MMB1076;2017-06-15;96.94;61.29;Légère variabilité observée.
MMB1076;2017-07-15;117.69;181.56;Rien à signaler.
MMB1076;2017-08-15;130.28;77.21;Rien à signaler.
MMB1076;2017-09-15;195.24;182.87;Rien à signaler.
MMB1076;2017-10-15;134.65;78.47;Légère variabilité observée.
MMB1078;2017-05-15;105.54;119.55;Condition normale pour la saison.
MMB1078;2017-06-15;189.37;51.83;Condition normale pour la saison.
MMB1078;2017-07-15;67.21;77.19;Condition normale pour la saison.
MMB1078;2017-08-15;185.25;119.63;Légère variabilité observée.
MMB1078;2017-09-15;101.42;180.56;Légère variabilité observée.
MMB1078;2017-10-15;51.21;95.60;Condition normale pour la saison.
MMB1080;2017-05-15;190.03;157.08;Condition normale pour la saison.
MMB1080;2017-06-15;173.39;127.43;Condition normale pour la saison.
MMB1080;2017-07-15;198.09;123.89;Légère variabilité observée.
MMB1080;2017-08-15;117.62;91.92;Rien à signaler.
MMB1080;2017-09-15;106.54;176.70;Condition normale pour la saison.
MMB1080;2017-10-15;147.10;164.47;Condition normale pour la saison.
MMB1082;2017-05-15;148.57;150.18;Condition normale pour la saison.
MMB1082;2017-06-15;64.47;196.01;Condition normale pour la saison.
MMB1082;2017-07-15;84.10;62.99;Rien à signaler.
MMB1082;2017-08-15;94.50;156.20;Condition normale pour la saison.
MMB1082;2017-09-15;61.94;94.54;Condition normale pour la saison.
MMB1082;2017-10-15;119.79;190.00;Condition normale pour la saison.
MMB1084;2017-05-15;195.81;73.37;Rien à signaler.
MMB1084;2017-06-15;53.96;97.29;Rien à signaler.
MMB1084;2017-07-15;198.99;131.41;Légère variabilité observée.
MMB1084;2017-08-15;109.03;174.03;Condition normale pour la saison.
MMB1084;2017-09-15;71.35;158.78;Condition normale pour la saison.
MMB1084;2017-10-15;91.79;59.72;Légère variabilité observée.
MMB1086;2017-05-15;171.18;63.57;Légère variabilité observée.
MMB1086;2017-06-15;162.61;111.17;Rien à signaler.
MMB1086;2017-07-15;87.34;139.33;Rien à signaler.
MMB1086;2017-08-15;123.68;153.37;Condition normale pour la saison.
MMB1086;2017-09-15;148.69;138.79;Rien à signaler.
MMB1086;2017-10-15;180.92;160.25;Condition normale pour la saison.
MMB1088;2017-05-15;127.60;56.19;Légère variabilité observée.
MMB1088;2017-06-15;78.37;78.28;Condition normale pour la saison.
MMB1088;2017-07-15;126.22;111.76;Condition normale pour la saison.
MMB1088;2017-08-15;172.08;185.37;Rien à signaler.
MMB1088;2017-09-15;84.38;90.58;Condition normale pour la saison.
MMB1088;2017-10-15;182.12;124.66;Condition normale pour la saison.
MMB1090;2017-05-15;177.80;187.10;Condition normale pour la saison.
MMB1090;2017-06-15;93.40;121.71;Condition normale pour la saison.
MMB1090;2017-07-15;100.60;163.09;Légère variabilité observée.
MMB1090;2017-08-15;84.77;114.03;Condition normale pour la saison.
MMB1090;2017-09-15;110.44;166.88;Condition normale pour la saison.
MMB1090;2017-10-15;166.40;198.03;Condition normale pour la saison.
MMB1092;2017-05-15;198.38;154.81;Condition normale pour la saison.
MMB1092;2017-06-15;55.70;148.74;Condition normale pour la saison.
MMB1092;2017-07-15;181.51;65.50;Condition normale pour la saison.
MMB1092;2017-08-15;127.85;125.39;Légère variabilité observée.
MMB1092;2017-09-15;92.30;66.17;Condition normale pour la saison.
MMB1092;2017-10-15;190.76;167.58;Condition normale pour la saison.
MMB1094;2017-05-15;109.62;174.80;Rien à signaler.
MMB1094;2017-06-15;64.69;120.21;Condition normale pour la saison.
MMB1094;2017-07-15;131.20;110.72;Légère variabilité observée.
MMB1094;2017-08-15;51.96;75.83;Légère variabilité observée.
MMB1094;2017-09-15;78.84;87.36;Condition normale pour la saison.
MMB1094;2017-10-15;111.21;87.33;Légère variabilité observée.
MMB1096;2017-05-15;158.55;177.80;Légère variabilité observée.
MMB1096;2017-06-15;92.21;170.41;Rien à signaler.
MMB1096;2017-07-15;57.70;118.69;Rien à signaler.
MMB1096;2017-08-15;118.23;177.38;Légère variabilité observée.
MMB1096;2017-09-15;171.40;191.30;Légère variabilité observée.
MMB1096;2017-10-15;57.78;72.42;Condition normale pour la saison.
MMB1098;2017-05-15;138.40;183.27;Légère variabilité observée.
MMB1098;2017-06-15;186.99;163.41;Rien à signaler.
MMB1098;2017-07-15;97.65;77.56;Légère variabilité observée.
MMB1098;2017-08-15;127.22;95.31;Condition normale pour la saison.
MMB1098;2017-09-15;54.27;81.79;Légère variabilité observée.
MMB1098;2017-10-15;199.25;92.33;Légère variabilité observée.
MMB1100;2017-05-15;106.39;143.44;Condition normale pour la saison.
MMB1100;2017-06-15;98.52;135.66;Légère variabilité observée.
MMB1100;2017-07-15;74.04;192.66;Condition normale pour la saison.
MMB1100;2017-08-15;78.18;64.94;Condition normale pour la saison.
MMB1100;2017-09-15;182.28;114.93;Légère variabilité observée.
MMB1100;2017-10-15;69.58;193.26;Rien à signaler.
MMB2002;2017-05-15;169.91;151.47;Condition normale pour la saison.
MMB2002;2017-06-15;118.17;151.28;Légère variabilité observée.
MMB2002;2017-07-15;59.40;165.59;Condition normale pour la saison.
MMB2002;2017-08-15;90.17;115.93;Légère variabilité observée.
MMB2002;2017-09-15;154.79;92.15;Condition normale pour la saison.
MMB2002;2017-10-15;52.28;158.14;Légère variabilité observée.
MMB2004;2017-05-15;183.31;149.76;Légère variabilité observée.
MMB2004;2017-06-15;89.09;113.96;Condition normale pour la saison.
MMB2004;2017-07-15;53.61;143.75;Légère variabilité observée.
MMB2004;2017-08-15;134.47;118.96;Condition normale pour la saison.
MMB2004;2017-09-15;193.75;113.16;Condition normale pour la saison.
MMB2004;2017-10-15;100.99;60.08;Rien à signaler.
MMB2006;2017-05-15;157.17;117.63;Légère variabilité observée.
MMB2006;2017-06-15;51.81;160.53;Rien à signaler.
MMB2006;2017-07-15;132.17;180.44;Condition normale pour la saison.
MMB2006;2017-08-15;89.77;95.49;Rien à signaler.
MMB2006;2017-09-15;54.69;54.49;Légère variabilité observée.
MMB2006;2017-10-15;177.80;104.87;Légère variabilité observée.
MMB2008;2017-05-15;167.67;74.38;Condition normale pour la saison.
MMB2008;2017-06-15;61.99;198.71;Légère variabilité observée.
MMB2008;2017-07-15;150.24;197.24;Rien à signaler.
MMB2008;2017-08-15;143.94;110.48;Condition normale pour la saison.
MMB2008;2017-09-15;112.92;78.50;Légère variabilité observée.
MMB2008;2017-10-15;80.63;106.60;Condition normale pour la saison.
MMB2010;2017-05-15;187.20;154.70;Condition normale pour la saison.
MMB2010;2017-06-15;193.49;140.66;Légère variabilité observée.
MMB2010;2017-07-15;162.08;118.63;Rien à signaler.
MMB2010;2017-08-15;58.19;120.54;Rien à signaler.
MMB2010;2017-09-15;164.15;77.58;Légère variabilité observée.
MMB2010;2017-10-15;196.46;143.68;Condition normale pour la saison.
MMB2012;2017-05-15;190.00;111.47;Condition normale pour la saison.
MMB2012;2017-06-15;179.37;77.74;Condition normale pour la saison.
MMB2012;2017-07-15;160.94;111.24;Légère variabilité observée.
MMB2012;2017-08-15;166.04;180.51;Rien à signaler.
MMB2012;2017-09-15;141.28;54.77;Condition normale pour la saison.
MMB2012;2017-10-15;57.84;116.77;Condition normale pour la saison.
MMB2014;2017-05-15;170.98;117.90;Condition normale pour la saison.
MMB2014;2017-06-15;61.90;104.20;Condition normale pour la saison.
MMB2014;2017-07-15;64.45;153.92;Condition normale pour la saison.
MMB2014;2017-08-15;169.07;55.63;Légère variabilité observée.
MMB2014;2017-09-15;156.91;109.23;Rien à signaler.
MMB2014;2017-10-15;151.54;130.46;Légère variabilité observée.
MMB2016;2017-05-15;135.25;107.51;Condition normale pour la saison.
MMB2016;2017-06-15;62.07;83.04;Rien à signaler.
MMB2016;2017-07-15;97.88;135.05;Rien à signaler.
MMB2016;2017-08-15;114.61;111.61;Légère variabilité observée.
MMB2016;2017-09-15;54.27;108.01;Condition normale pour la saison.
MMB2016;2017-10-15;71.71;86.23;Condition normale pour la saison.
MMB2018;2017-05-15;137.57;60.66;Condition normale pour la saison.
MMB2018;2017-06-15;186.45;70.85;Rien à signaler.
MMB2018;2017-07-15;158.12;182.81;Condition normale pour la saison.
MMB2018;2017-08-15;80.49;53.74;Condition normale pour la saison.
MMB2018;2017-09-15;101.97;174.68;Condition normale pour la saison.
MMB2018;2017-10-15;102.46;125.40;Condition normale pour la saison.
MMB2020;2017-05-15;127.77;167.35;Condition normale pour la saison.
MMB2020;2017-06-15;60.64;112.98;Condition normale pour la saison.
MMB2020;2017-07-15;151.54;125.02;Condition normale pour la saison.
MMB2020;2017-08-15;112.42;61.69;Condition normale pour la saison.
MMB2020;2017-09-15;125.81;80.18;Condition normale pour la saison.
MMB2020;2017-10-15;142.50;133.02;Rien à signaler.
MMB2022;2017-05-15;133.51;113.11;Rien à signaler.
MMB2022;2017-06-15;125.61;133.74;Rien à signaler.
MMB2022;2017-07-15;195.25;121.34;Légère variabilité observée.
MMB2022;2017-08-15;149.86;57.56;Rien à signaler.
MMB2022;2017-09-15;184.98;187.08;Rien à signaler.
MMB2022;2017-10-15;180.56;186.12;Légère variabilité observée.
MMB2024;2017-05-15;53.88;77.12;Légère variabilité observée.
MMB2024;2017-06-15;169.70;141.98;Condition normale pour la saison.
MMB2024;2017-07-15;113.22;145.03;Rien à signaler.
MMB2024;2017-08-15;175.91;78.21;Légère variabilité observée.
MMB2024;2017-09-15;127.82;161.41;Condition normale pour la saison.
MMB2024;2017-10-15;93.24;105.27;Condition normale pour la saison.
MMB2026;2017-05-15;100.88;191.11;Condition normale pour la saison.
MMB2026;2017-06-15;176.89;105.93;Rien à signaler.
MMB2026;2017-07-15;126.24;192.67;Condition normale pour la saison.
MMB2026;2017-08-15;176.38;169.72;Condition normale pour la saison.
MMB2026;2017-09-15;113.81;190.36;Rien à signaler.
MMB2026;2017-10-15;140.53;117.60;Condition normale pour la saison.
MMB2028;2017-05-15;135.37;97.19;Rien à signaler.
MMB2028;2017-06-15;141.89;149.10;Légère variabilité observée.
MMB2028;2017-07-15;106.42;62.73;Légère variabilité observée.
MMB2028;2017-08-15;50.69;199.37;Rien à signaler.
MMB2028;2017-09-15;76.18;182.08;Rien à signaler.
MMB2028;2017-10-15;122.50;173.98;Rien à signaler.
MMB2030;2017-05-15;122.12;179.25;Condition normale pour la saison.
MMB2030;2017-06-15;194.55;122.94;Rien à signaler.
MMB2030;2017-07-15;195.12;86.59;Condition normale pour la saison.
MMB2030;2017-08-15;146.72;196.44;Légère variabilité observée.
MMB2030;2017-09-15;152.02;62.12;Rien à signaler.
MMB2030;2017-10-15;172.01;145.06;Condition normale pour la saison.
MMB2032;2017-05-15;160.05;107.36;Condition normale pour la saison.
MMB2032;2017-06-15;81.66;63.13;Condition normale pour la saison.
MMB2032;2017-07-15;175.58;145.99;Légère variabilité observée.
MMB2032;2017-08-15;125.59;53.30;Rien à signaler.
MMB2032;2017-09-15;188.45;73.32;Condition normale pour la saison.
MMB2032;2017-10-15;66.91;112.71;Légère variabilité observée.
MMB2034;2017-05-15;166.65;128.98;Légère variabilité observée.
MMB2034;2017-06-15;152.98;138.83;Condition normale pour la saison.
MMB2034;2017-07-15;59.05;127.49;Condition normale pour la saison.
MMB2034;2017-08-15;148.95;154.72;Condition normale pour la saison.
MMB2034;2017-09-15;183.35;147.00;Condition normale pour la saison.
MMB2034;2017-10-15;133.60;135.68;Condition normale pour la saison.
MMB2036;2017-05-15;171.25;52.70;Condition normale pour la saison.
MMB2036;2017-06-15;196.79;151.80;Condition normale pour la saison.
MMB2036;2017-07-15;62.90;64.59;Légère variabilité observée.
MMB2036;2017-08-15;73.28;164.58;Condition normale pour la saison.
MMB2036;2017-09-15;126.95;161.80;Condition normale pour la saison.
MMB2036;2017-10-15;107.63;159.07;Condition normale pour la saison.
MMB2038;2017-05-15;122.70;190.12;Légère variabilité observée.
MMB2038;2017-06-15;130.23;104.32;Condition normale pour la saison.
MMB2038;2017-07-15;95.12;136.93;Condition normale pour la saison.
MMB2038;2017-08-15;183.37;187.72;Rien à signaler.
MMB2038;2017-09-15;139.93;124.09;Légère variabilité observée.
MMB2038;2017-10-15;163.36;58.66;Légère variabilité observée.
MMB2040;2017-05-15;185.66;61.84;Légère variabilité observée.
MMB2040;2017-06-15;165.64;81.57;Rien à signaler.
MMB2040;2017-07-15;83.18;177.84;Légère variabilité observée.
MMB2040;2017-08-15;172.82;131.23;Légère variabilité observée.
MMB2040;2017-09-15;87.07;64.36;Condition normale pour la saison.
MMB2040;2017-10-15;81.61;174.37;Condition normale pour la saison.
MMB2042;2017-05-15;130.40;171.17;Condition normale pour la saison.
MMB2042;2017-06-15;93.22;187.54;Rien à signaler.
MMB2042;2017-07-15;134.42;182.64;Condition normale pour la saison.
MMB2042;2017-08-15;116.83;98.02;Rien à signaler.
MMB2042;2017-09-15;67.20;68.38;Légère variabilité observée.
MMB2042;2017-10-15;111.16;101.32;Condition normale pour la saison.
MMB2044;2017-05-15;61.99;177.33;Condition normale pour la saison.
MMB2044;2017-06-15;69.71;120.73;Condition normale pour la saison.
MMB2044;2017-07-15;188.64;68.36;Condition normale pour la saison.
MMB2044;2017-08-15;77.43;80.50;Condition normale pour la saison.
MMB2044;2017-09-15;130.35;94.31;Rien à signaler.
MMB2044;2017-10-15;155.22;52.15;Rien à signaler.
MMB2046;2017-05-15;145.54;59.12;Rien à signaler.
MMB2046;2017-06-15;175.89;68.59;Légère variabilité observée.
MMB2046;2017-07-15;164.94;56.13;Légère variabilité observée.
MMB2046;2017-08-15;167.76;92.54;Condition normale pour la saison.
MMB2046;2017-09-15;84.48;169.55;Condition normale pour la saison.
MMB2046;2017-10-15;193.83;144.71;Condition normale pour la saison.
MMB2048;2017-05-15;76.98;166.79;Légère variabilité observée.
MMB2048;2017-06-15;105.85;138.46;Condition normale pour la saison.
MMB2048;2017-07-15;106.39;75.75;Légère variabilité observée.
MMB2048;2017-08-15;153.86;183.21;Condition normale pour la saison.
MMB2048;2017-09-15;104.58;63.51;Légère variabilité observée.
MMB2048;2017-10-15;60.89;59.59;Rien à signaler.
MMB2050;2017-05-15;51.08;134.22;Condition normale pour la saison.
MMB2050;2017-06-15;61.25;131.62;Légère variabilité observée.
MMB2050;2017-07-15;108.21;178.18;Légère variabilité observée.
MMB2050;2017-08-15;60.44;99.88;Condition normale pour la saison.
MMB2050;2017-09-15;50.03;174.97;Condition normale pour la saison.
MMB2050;2017-10-15;198.73;94.29;Rien à signaler.
MMB2052;2017-05-15;94.35;154.07;Condition normale pour la saison.
MMB2052;2017-06-15;184.28;73.49;Condition normale pour la saison.
MMB2052;2017-07-15;93.49;182.10;Rien à signaler.
MMB2052;2017-08-15;120.33;132.60;Rien à signaler.
MMB2052;2017-09-15;151.36;171.73;Légère variabilité observée.
MMB2052;2017-10-15;118.27;169.63;Condition normale pour la saison.
MMB2054;2017-05-15;94.92;159.59;Condition normale pour la saison.
MMB2054;2017-06-15;82.54;142.63;Condition normale pour la saison.
MMB2054;2017-07-15;95.44;122.85;Rien à signaler.
MMB2054;2017-08-15;127.12;104.56;Légère variabilité observée.
MMB2054;2017-09-15;177.47;89.49;Condition normale pour la saison.
MMB2054;2017-10-15;144.51;168.73;Condition normale pour la saison.
MMB2056;2017-05-15;158.68;96.97;Rien à signaler.
MMB2056;2017-06-15;95.61;77.43;Condition normale pour la saison.
MMB2056;2017-07-15;166.90;112.72;Légère variabilité observée.
MMB2056;2017-08-15;183.08;124.80;Condition normale pour la saison.
MMB2056;2017-09-15;159.81;87.08;Légère variabilité observée.
MMB2056;2017-10-15;70.43;118.29;Légère variabilité observée.
MMB2058;2017-05-15;102.79;59.06;Condition normale pour la saison.
MMB2058;2017-06-15;86.39;125.05;Rien à signaler.
MMB2058;2017-07-15;50.62;122.73;Condition normale pour la saison.
MMB2058;2017-08-15;147.15;52.40;Condition normale pour la saison.
MMB2058;2017-09-15;85.79;139.04;Condition normale pour la saison.
MMB2058;2017-10-15;61.33;153.19;Légère variabilité observée.
MMB2060;2017-05-15;82.92;108.51;Légère variabilité observée.
MMB2060;2017-06-15;129.73;178.92;Condition normale pour la saison.
MMB2060;2017-07-15;61.88;72.89;Condition normale pour la saison.
MMB2060;2017-08-15;82.61;71.62;Rien à signaler.
MMB2060;2017-09-15;59.95;139.00;Légère variabilité observée.
MMB2060;2017-10-15;122.65;174.64;Condition normale pour la saison.
MMB2062;2017-05-15;60.12;147.19;Condition normale pour la saison.
MMB2062;2017-06-15;145.92;94.59;Légère variabilité observée.
MMB2062;2017-07-15;70.01;81.43;Légère variabilité observée.
MMB2062;2017-08-15;59.10;132.67;Légère variabilité observée.
MMB2062;2017-09-15;78.31;61.16;Condition normale pour la saison.
MMB2062;2017-10-15;158.34;114.97;Condition normale pour la saison.
MMB2064;2017-05-15;190.05;50.59;Rien à signaler.
MMB2064;2017-06-15;146.85;172.55;Condition normale pour la saison.
MMB2064;2017-07-15;86.13;103.28;Condition normale pour la saison.
MMB2064;2017-08-15;183.27;65.67;Légère variabilité observée.
MMB2064;2017-09-15;55.04;50.57;Rien à signaler.
MMB2064;2017-10-15;126.90;71.53;Condition normale pour la saison.
MMB2066;2017-05-15;139.86;161.89;Condition normale pour la saison.
MMB2066;2017-06-15;67.93;196.08;Rien à signaler.
MMB2066;2017-07-15;184.94;53.22;Rien à signaler.
MMB2066;2017-08-15;149.04;67.28;Condition normale pour la saison.
MMB2066;2017-09-15;112.44;169.69;Condition normale pour la saison.
MMB2066;2017-10-15;197.37;67.64;Condition normale pour la saison.
MMB2068;2017-05-15;169.42;151.65;Rien à signaler.
MMB2068;2017-06-15;169.25;74.96;Condition normale pour la saison.
MMB2068;2017-07-15;134.02;135.45;Légère variabilité observée.
MMB2068;2017-08-15;96.89;87.61;Condition normale pour la saison.
MMB2068;2017-09-15;182.49;145.60;Condition normale pour la saison.
MMB2068;2017-10-15;119.25;98.52;Légère variabilité observée.
MMB2070;2017-05-15;102.25;85.53;Condition normale pour la saison.
MMB2070;2017-06-15;108.82;89.74;Rien à signaler.
MMB2070;2017-07-15;54.45;65.89;Légère variabilité observée.
MMB2070;2017-08-15;158.94;107.17;Condition normale pour la saison.
MMB2070;2017-09-15;130.09;199.99;Légère variabilité observée.
MMB2070;2017-10-15;76.98;194.44;Légère variabilité observée.
MMB2072;2017-05-15;64.23;58.32;Condition normale pour la saison.
MMB2072;2017-06-15;114.90;171.69;Légère variabilité observée.
MMB2072;2017-07-15;118.37;148.37;Légère variabilité observée.
MMB2072;2017-08-15;193.98;187.87;Rien à signaler.
MMB2072;2017-09-15;57.22;110.85;Rien à signaler.
MMB2072;2017-10-15;74.42;153.49;Condition normale pour la saison.
MMB2074;2017-05-15;132.86;71.51;Condition normale pour la saison.
MMB2074;2017-06-15;154.33;143.75;Condition normale pour la saison.
MMB2074;2017-07-15;108.37;141.33;Condition normale pour la saison.
MMB2074;2017-08-15;134.75;93.02;Légère variabilité observée.
MMB2074;2017-09-15;169.32;126.23;Légère variabilité observée.
MMB2074;2017-10-15;186.19;120.86;Légère variabilité observée.
MMB2076;2017-05-15;102.87;145.91;Rien à signaler.
MMB2076;2017-06-15;100.97;69.29;Condition normale pour la saison.
MMB2076;2017-07-15;74.02;136.12;Rien à signaler.
MMB2076;2017-08-15;66.22;185.35;Légère variabilité observée.
MMB2076;2017-09-15;120.14;146.49;Rien à signaler.
MMB2076;2017-10-15;152.35;153.80;Légère variabilité observée.
MMB2078;2017-05-15;196.52;160.80;Condition normale pour la saison.
MMB2078;2017-06-15;135.91;60.43;Condition normale pour la saison.
MMB2078;2017-07-15;166.68;57.76;Rien à signaler.
MMB2078;2017-08-15;131.27;178.54;Condition normale pour la saison.
MMB2078;2017-09-15;120.88;102.29;Légère variabilité observée.
MMB2078;2017-10-15;192.20;127.10;Condition normale pour la saison.
MMB2080;2017-05-15;106.12;53.86;Légère variabilité observée.
MMB2080;2017-06-15;193.88;158.52;Rien à signaler.
MMB2080;2017-07-15;86.93;114.37;Condition normale pour la saison.
MMB2080;2017-08-15;136.21;194.36;Condition normale pour la saison.
MMB2080;2017-09-15;119.03;51.05;Condition normale pour la saison.
MMB2080;2017-10-15;99.08;145.28;Rien à signaler.
MMB2082;2017-05-15;52.48;156.61;Rien à signaler.
MMB2082;2017-06-15;104.79;197.08;Rien à signaler.
MMB2082;2017-07-15;91.88;144.21;Rien à signaler.
MMB2082;2017-08-15;135.18;182.38;Condition normale pour la saison.
MMB2082;2017-09-15;73.93;194.60;Condition normale pour la saison.
MMB2082;2017-10-15;170.11;154.75;Condition normale pour la saison.
MMB2084;2017-05-15;143.03;187.40;Condition normale pour la saison.
MMB2084;2017-06-15;194.69;92.72;Rien à signaler.
MMB2084;2017-07-15;172.15;62.22;Légère variabilité observée.
MMB2084;2017-08-15;183.15;197.05;Condition normale pour la saison.
MMB2084;2017-09-15;186.21;140.75;Condition normale pour la saison.
MMB2084;2017-10-15;87.22;128.91;Légère variabilité observée.
MMB2086;2017-05-15;95.09;137.30;Condition normale pour la saison.
MMB2086;2017-06-15;158.30;57.99;Rien à signaler.
MMB2086;2017-07-15;90.15;91.44;Condition normale pour la saison.
MMB2086;2017-08-15;68.20;181.63;Rien à signaler.
MMB2086;2017-09-15;90.95;196.28;Légère variabilité observée.
MMB2086;2017-10-15;135.82;127.11;Rien à signaler.
MMB2088;2017-05-15;137.23;140.74;Condition normale pour la saison.
MMB2088;2017-06-15;138.84;55.49;Rien à signaler.
MMB2088;2017-07-15;55.15;156.72;Rien à signaler.
MMB2088;2017-08-15;118.41;94.10;Condition normale pour la saison.
MMB2088;2017-09-15;156.39;70.20;Condition normale pour la saison.
MMB2088;2017-10-15;179.62;136.30;Condition normale pour la saison.
MMB2090;2017-05-15;98.78;125.97;Rien à signaler.
MMB2090;2017-06-15;110.01;185.55;Condition normale pour la saison.
MMB2090;2017-07-15;188.63;59.54;Condition normale pour la saison.
MMB2090;2017-08-15;183.55;56.86;Condition normale pour la saison.
MMB2090;2017-09-15;70.67;69.97;Légère variabilité observée.
MMB2090;2017-10-15;166.40;197.49;Condition normale pour la saison.
MMB2092;2017-05-15;136.98;78.31;Condition normale pour la saison.
MMB2092;2017-06-15;93.52;157.14;Condition normale pour la saison.
MMB2092;2017-07-15;128.57;113.24;Condition normale pour la saison.
MMB2092;2017-08-15;79.22;114.29;Condition normale pour la saison.
MMB2092;2017-09-15;57.81;102.04;Rien à signaler.
MMB2092;2017-10-15;166.76;176.46;Légère variabilité observée.
MMB2094;2017-05-15;152.97;173.48;Condition normale pour la saison.
MMB2094;2017-06-15;141.52;199.50;Rien à signaler.
MMB2094;2017-07-15;178.90;52.72;Condition normale pour la saison.
MMB2094;2017-08-15;107.57;67.85;Rien à signaler.
MMB2094;2017-09-15;130.16;70.29;Légère variabilité observée.
MMB2094;2017-10-15;100.91;172.85;Légère variabilité observée.
MMB2096;2017-05-15;119.64;93.04;Rien à signaler.
MMB2096;2017-06-15;129.30;61.83;Rien à signaler.
MMB2096;2017-07-15;186.50;179.88;Rien à signaler.
MMB2096;2017-08-15;99.92;194.89;Rien à signaler.
MMB2096;2017-09-15;116.18;141.50;Rien à signaler.
MMB2096;2017-10-15;174.24;188.29;Rien à signaler.
MMB2098;2017-05-15;178.14;60.37;Condition normale pour la saison.
MMB2098;2017-06-15;122.40;73.84;Rien à signaler.
MMB2098;2017-07-15;154.02;137.73;Condition normale pour la saison.
MMB2098;2017-08-15;125.99;56.01;Légère variabilité observée.
MMB2098;2017-09-15;130.09;155.66;Rien à signaler.
MMB2098;2017-10-15;124.28;91.06;Légère variabilité observée.
MMB2100;2017-05-15;106.44;105.16;Condition normale pour la saison.
MMB2100;2017-06-15;73.62;143.16;Rien à signaler.
MMB2100;2017-07-15;166.66;94.76;Condition normale pour la saison.
MMB2100;2017-08-15;89.10;126.73;Rien à signaler.
MMB2100;2017-09-15;193.98;97.06;Légère variabilité observée.
MMB2100;2017-10-15;88.22;63.97;Légère variabilité observée.
MMB3002;2017-05-15;91.04;58.31;Condition normale pour la saison.
MMB3002;2017-06-15;150.56;117.78;Rien à signaler.
MMB3002;2017-07-15;148.66;56.49;Condition normale pour la saison.
MMB3002;2017-08-15;138.21;191.94;Condition normale pour la saison.
MMB3002;2017-09-15;117.61;150.39;Rien à signaler.
MMB3002;2017-10-15;116.95;117.39;Condition normale pour la saison.
MMB3004;2017-05-15;197.56;154.40;Condition normale pour la saison.
MMB3004;2017-06-15;151.06;151.40;Condition normale pour la saison.
MMB3004;2017-07-15;127.01;92.30;Rien à signaler.
MMB3004;2017-08-15;148.15;94.05;Condition normale pour la saison.
MMB3004;2017-09-15;105.35;55.87;Condition normale pour la saison.
MMB3004;2017-10-15;78.98;117.27;Légère variabilité observée.
MMB3006;2017-05-15;75.35;164.23;Légère variabilité observée.
MMB3006;2017-06-15;111.32;149.32;Rien à signaler.
MMB3006;2017-07-15;165.49;192.30;Légère variabilité observée.
MMB3006;2017-08-15;114.79;127.66;Condition normale pour la saison.
MMB3006;2017-09-15;113.57;73.37;Condition normale pour la saison.
MMB3006;2017-10-15;90.86;187.35;Condition normale pour la saison.
MMB3008;2017-05-15;146.76;165.04;Condition normale pour la saison.
MMB3008;2017-06-15;162.98;173.64;Condition normale pour la saison.
MMB3008;2017-07-15;199.22;82.54;Rien à signaler.
MMB3008;2017-08-15;152.54;88.59;Condition normale pour la saison.
MMB3008;2017-09-15;152.63;54.33;Légère variabilité observée.
MMB3008;2017-10-15;91.31;148.63;Condition normale pour la saison.
MMB3010;2017-05-15;61.68;76.03;Condition normale pour la saison.
MMB3010;2017-06-15;87.82;93.62;Légère variabilité observée.
MMB3010;2017-07-15;114.23;150.82;Condition normale pour la saison.
MMB3010;2017-08-15;98.14;127.32;Rien à signaler.
MMB3010;2017-09-15;166.18;183.62;Condition normale pour la saison.
MMB3010;2017-10-15;110.78;74.14;Condition normale pour la saison.
MMB3012;2017-05-15;67.70;109.05;Rien à signaler.
MMB3012;2017-06-15;124.80;52.42;Rien à signaler.
MMB3012;2017-07-15;80.47;83.64;Légère variabilité observée.
MMB3012;2017-08-15;98.49;65.53;Condition normale pour la saison.
MMB3012;2017-09-15;184.37;135.17;Légère variabilité observée.
MMB3012;2017-10-15;103.36;81.17;Condition normale pour la saison.
MMB3014;2017-05-15;161.80;119.21;Condition normale pour la saison.
MMB3014;2017-06-15;72.04;132.43;Légère variabilité observée.
MMB3014;2017-07-15;138.37;109.08;Rien à signaler.
MMB3014;2017-08-15;142.05;173.65;Condition normale pour la saison.
MMB3014;2017-09-15;176.74;150.31;Légère variabilité observée.
MMB3014;2017-10-15;119.47;106.59;Rien à signaler.
MMB3016;2017-05-15;180.59;147.66;Rien à signaler.
MMB3016;2017-06-15;99.59;119.06;Condition normale pour la saison.
MMB3016;2017-07-15;86.24;68.70;Condition normale pour la saison.
MMB3016;2017-08-15;149.10;124.98;Condition normale pour la saison.
MMB3016;2017-09-15;52.44;108.40;Légère variabilité observée.
MMB3016;2017-10-15;139.35;74.84;Condition normale pour la saison.
MMB3018;2017-05-15;149.33;126.14;Condition normale pour la saison.
MMB3018;2017-06-15;163.93;130.73;Rien à signaler.
MMB3018;2017-07-15;57.51;102.76;Légère variabilité observée.
MMB3018;2017-08-15;155.08;51.57;Légère variabilité observée.
MMB3018;2017-09-15;190.30;69.59;Condition normale pour la saison.
MMB3018;2017-10-15;127.30;149.82;Légère variabilité observée.
MMB3020;2017-05-15;131.97;66.08;Légère variabilité observée.
MMB3020;2017-06-15;51.94;133.25;Rien à signaler.
MMB3020;2017-07-15;77.35;142.77;Légère variabilité observée.
MMB3020;2017-08-15;79.54;69.13;Légère variabilité observée.
MMB3020;2017-09-15;125.99;103.45;Condition normale pour la saison.
MMB3020;2017-10-15;81.74;98.58;Condition normale pour la saison.
MMB3022;2017-05-15;153.73;192.67;Condition normale pour la saison.
MMB3022;2017-06-15;136.91;127.10;Légère variabilité observée.
MMB3022;2017-07-15;175.29;132.86;Condition normale pour la saison.
MMB3022;2017-08-15;53.95;96.53;Condition normale pour la saison.
MMB3022;2017-09-15;176.72;125.35;Légère variabilité observée.
MMB3022;2017-10-15;76.75;84.52;Légère variabilité observée.
MMB3024;2017-05-15;170.87;189.97;Rien à signaler.
MMB3024;2017-06-15;169.99;100.70;Condition normale pour la saison.
MMB3024;2017-07-15;120.34;157.01;Condition normale pour la saison.
MMB3024;2017-08-15;157.82;63.46;Rien à signaler.
MMB3024;2017-09-15;166.59;64.70;Rien à signaler.
MMB3024;2017-10-15;185.63;120.82;Légère variabilité observée.
MMB3026;2017-05-15;195.83;94.84;Condition normale pour la saison.
MMB3026;2017-06-15;79.37;73.29;Condition normale pour la saison.
MMB3026;2017-07-15;184.10;140.25;Condition normale pour la saison.
MMB3026;2017-08-15;85.68;149.00;Condition normale pour la saison.
MMB3026;2017-09-15;163.48;130.79;Légère variabilité observée.
MMB3026;2017-10-15;117.87;184.70;Rien à signaler.
MMB3028;2017-05-15;86.84;75.53;Condition normale pour la saison.
MMB3028;2017-06-15;190.58;152.90;Condition normale pour la saison.
MMB3028;2017-07-15;68.63;146.68;Condition normale pour la saison.
MMB3028;2017-08-15;65.07;132.47;Rien à signaler.
MMB3028;2017-09-15;140.96;78.79;Rien à signaler.
MMB3028;2017-10-15;124.94;62.69;Rien à signaler.
MMB3030;2017-05-15;66.76;100.95;Condition normale pour la saison.
MMB3030;2017-06-15;127.29;187.19;Rien à signaler.
MMB3030;2017-07-15;121.34;171.35;Rien à signaler.
MMB3030;2017-08-15;194.35;121.96;Légère variabilité observée.
MMB3030;2017-09-15;65.31;59.81;Légère variabilité observée.
MMB3030;2017-10-15;107.75;101.53;Légère variabilité observée.
MMB3032;2017-05-15;128.10;198.95;Rien à signaler.
MMB3032;2017-06-15;123.62;99.68;Rien à signaler.
MMB3032;2017-07-15;70.29;118.14;Condition normale pour la saison.
MMB3032;2017-08-15;96.09;180.00;Rien à signaler.
MMB3032;2017-09-15;100.11;106.19;Condition normale pour la saison.
MMB3032;2017-10-15;157.82;138.83;Légère variabilité observée.
MMB3034;2017-05-15;148.97;67.84;Rien à signaler.
MMB3034;2017-06-15;138.56;62.73;Légère variabilité observée.
MMB3034;2017-07-15;65.89;117.40;Légère variabilité observée.
MMB3034;2017-08-15;162.47;175.15;Condition normale pour la saison.
MMB3034;2017-09-15;55.81;96.50;Condition normale pour la saison.
MMB3034;2017-10-15;51.10;137.83;Condition normale pour la saison.
MMB3036;2017-05-15;124.54;98.99;Légère variabilité observée.
MMB3036;2017-06-15;76.40;171.11;Condition normale pour la saison.
MMB3036;2017-07-15;166.42;172.70;Légère variabilité observée.
MMB3036;2017-08-15;96.74;129.27;Légère variabilité observée.
MMB3036;2017-09-15;61.97;63.21;Condition normale pour la saison.
MMB3036;2017-10-15;80.47;67.33;Légère variabilité observée.
MMB3038;2017-05-15;161.02;132.56;Légère variabilité observée.
MMB3038;2017-06-15;158.48;194.66;Légère variabilité observée.
MMB3038;2017-07-15;149.31;151.25;Condition normale pour la saison.
MMB3038;2017-08-15;191.54;82.53;Légère variabilité observée.
MMB3038;2017-09-15;181.69;139.54;Légère variabilité observée.
MMB3038;2017-10-15;155.29;100.68;Rien à signaler.
MMB3040;2017-05-15;120.28;193.48;Légère variabilité observée.
MMB3040;2017-06-15;161.20;123.48;Rien à signaler.
MMB3040;2017-07-15;196.55;191.46;Rien à signaler.
MMB3040;2017-08-15;86.65;172.16;Rien à signaler.
MMB3040;2017-09-15;190.05;196.69;Condition normale pour la saison.
MMB3040;2017-10-15;125.56;130.47;Condition normale pour la saison.
MMB3042;2017-05-15;194.86;164.21;Rien à signaler.
MMB3042;2017-06-15;65.98;184.65;Condition normale pour la saison.
MMB3042;2017-07-15;50.59;155.36;Condition normale pour la saison.
MMB3042;2017-08-15;98.69;79.27;Condition normale pour la saison.
MMB3042;2017-09-15;71.55;103.72;Condition normale pour la saison.
MMB3042;2017-10-15;187.73;114.99;Condition normale pour la saison.
MMB3044;2017-05-15;187.36;129.86;Rien à signaler.
MMB3044;2017-06-15;104.17;195.55;Rien à signaler.
MMB3044;2017-07-15;156.24;69.47;Rien à signaler.
MMB3044;2017-08-15;137.80;59.15;Rien à signaler.
MMB3044;2017-09-15;84.15;152.24;Rien à signaler.
MMB3044;2017-10-15;192.87;171.29;Rien à signaler.
MMB3046;2017-05-15;113.75;77.92;Condition normale pour la saison.
MMB3046;2017-06-15;80.56;57.10;Condition normale pour la saison.
MMB3046;2017-07-15;95.53;65.75;Légère variabilité observée.
MMB3046;2017-08-15;71.67;52.99;Rien à signaler.
MMB3046;2017-09-15;56.95;199.82;Condition normale pour la saison.
MMB3046;2017-10-15;60.86;170.98;Rien à signaler.
MMB3048;2017-05-15;128.16;186.88;Légère variabilité observée.
MMB3048;2017-06-15;86.14;133.94;Condition normale pour la saison.
MMB3048;2017-07-15;158.24;153.50;Légère variabilité observée.
MMB3048;2017-08-15;197.90;80.71;Condition normale pour la saison.
MMB3048;2017-09-15;167.98;76.15;Condition normale pour la saison.
MMB3048;2017-10-15;64.01;125.23;Condition normale pour la saison.
MMB3050;2017-05-15;175.87;166.60;Condition normale pour la saison.
MMB3050;2017-06-15;176.00;116.08;Légère variabilité observée.
MMB3050;2017-07-15;103.35;157.03;Rien à signaler.
MMB3050;2017-08-15;136.20;71.98;Condition normale pour la saison.
MMB3050;2017-09-15;156.40;193.42;Légère variabilité observée.
MMB3050;2017-10-15;83.33;123.61;Rien à signaler.
MMB3052;2017-05-15;84.74;90.34;Légère variabilité observée.
MMB3052;2017-06-15;77.57;101.55;Condition normale pour la saison.
MMB3052;2017-07-15;126.55;51.09;Rien à signaler.
MMB3052;2017-08-15;199.89;172.56;Condition normale pour la saison.
MMB3052;2017-09-15;98.51;173.57;Condition normale pour la saison.
MMB3052;2017-10-15;137.03;76.19;Condition normale pour la saison.
MMB3054;2017-05-15;150.57;108.93;Légère variabilité observée.
MMB3054;2017-06-15;113.74;60.25;Rien à signaler.
MMB3054;2017-07-15;182.06;117.57;Condition normale pour la saison.
MMB3054;2017-08-15;163.58;197.05;Rien à signaler.
MMB3054;2017-09-15;75.07;164.00;Condition normale pour la saison.
MMB3054;2017-10-15;152.23;58.01;Condition normale pour la saison.
MMB3056;2017-05-15;106.45;149.73;Rien à signaler.
MMB3056;2017-06-15;56.87;128.29;Légère variabilité observée.
MMB3056;2017-07-15;74.85;127.14;Condition normale pour la saison.
MMB3056;2017-08-15;71.66;95.50;Condition normale pour la saison.
MMB3056;2017-09-15;163.62;119.35;Condition normale pour la saison.
MMB3056;2017-10-15;93.92;130.32;Légère variabilité observée.
MMB3058;2017-05-15;80.80;198.28;Légère variabilité observée.
MMB3058;2017-06-15;191.24;89.13;Rien à signaler.
MMB3058;2017-07-15;103.43;93.70;Rien à signaler.
MMB3058;2017-08-15;103.48;129.14;Légère variabilité observée.
MMB3058;2017-09-15;184.61;120.20;Condition normale pour la saison.
MMB3058;2017-10-15;94.32;125.49;Légère variabilité observée.
MMB3060;2017-05-15;108.73;168.62;Légère variabilité observée.
MMB3060;2017-06-15;95.27;92.61;Condition normale pour la saison.
MMB3060;2017-07-15;97.42;106.54;Condition normale pour la saison.
MMB3060;2017-08-15;64.93;173.12;Légère variabilité observée.
MMB3060;2017-09-15;150.54;75.22;Condition normale pour la saison.
MMB3060;2017-10-15;124.82;83.56;Légère variabilité observée.
MMB3062;2017-05-15;131.31;123.27;Légère variabilité observée.
MMB3062;2017-06-15;167.36;50.59;Rien à signaler.
MMB3062;2017-07-15;145.25;185.87;Légère variabilité observée.
MMB3062;2017-08-15;95.24;158.15;Condition normale pour la saison.
MMB3062;2017-09-15;84.68;158.32;Condition normale pour la saison.
MMB3062;2017-10-15;82.79;135.96;Légère variabilité observée.
MMB3064;2017-05-15;165.52;60.59;Légère variabilité observée.
MMB3064;2017-06-15;152.70;108.51;Légère variabilité observée.
MMB3064;2017-07-15;104.01;96.88;Légère variabilité observée.
MMB3064;2017-08-15;109.06;100.03;Condition normale pour la saison.
MMB3064;2017-09-15;84.61;132.15;Condition normale pour la saison.
MMB3064;2017-10-15;84.91;171.84;Condition normale pour la saison.
MMB3066;2017-05-15;133.67;176.08;Condition normale pour la saison.
MMB3066;2017-06-15;161.08;75.90;Condition normale pour la saison.
MMB3066;2017-07-15;90.44;137.59;Rien à signaler.
MMB3066;2017-08-15;132.78;198.17;Condition normale pour la saison.
MMB3066;2017-09-15;198.88;172.54;Rien à signaler.
MMB3066;2017-10-15;59.70;137.54;Condition normale pour la saison.
MMB3068;2017-05-15;140.13;107.37;Condition normale pour la saison.
MMB3068;2017-06-15;90.70;196.16;Condition normale pour la saison.
MMB3068;2017-07-15;170.58;82.75;Condition normale pour la saison.
MMB3068;2017-08-15;186.28;56.74;Légère variabilité observée.
MMB3068;2017-09-15;175.67;166.08;Rien à signaler.
MMB3068;2017-10-15;81.33;107.32;Légère variabilité observée.
MMB3070;2017-05-15;126.65;153.87;Rien à signaler.
MMB3070;2017-06-15;62.96;128.17;Condition normale pour la saison.
MMB3070;2017-07-15;74.87;181.69;Légère variabilité observée.
MMB3070;2017-08-15;95.66;197.91;Condition normale pour la saison.
MMB3070;2017-09-15;111.14;187.18;Condition normale pour la saison.
MMB3070;2017-10-15;62.86;72.35;Rien à signaler.
MMB3072;2017-05-15;131.25;144.92;Rien à signaler.
MMB3072;2017-06-15;139.00;193.69;Condition normale pour la saison.
MMB3072;2017-07-15;74.75;153.17;Rien à signaler.
MMB3072;2017-08-15;121.78;196.02;Condition normale pour la saison.
MMB3072;2017-09-15;109.82;95.42;Rien à signaler.
MMB3072;2017-10-15;79.20;62.14;Légère variabilité observée.
MMB3074;2017-05-15;160.74;82.71;Condition normale pour la saison.
MMB3074;2017-06-15;154.46;193.27;Condition normale pour la saison.
MMB3074;2017-07-15;135.41;108.51;Rien à signaler.
MMB3074;2017-08-15;92.61;78.84;Légère variabilité observée.
MMB3074;2017-09-15;122.70;97.63;Légère variabilité observée.
MMB3074;2017-10-15;121.87;127.62;Légère variabilité observée.
MMB3076;2017-05-15;145.48;107.58;Rien à signaler.
MMB3076;2017-06-15;189.72;99.24;Rien à signaler.
MMB3076;2017-07-15;124.72;181.75;Rien à signaler.
MMB3076;2017-08-15;122.32;100.95;Rien à signaler.
MMB3076;2017-09-15;171.13;198.59;Condition normale pour la saison.
MMB3076;2017-10-15;117.50;177.28;Légère variabilité observée.
MMB3078;2017-05-15;134.56;88.71;Condition normale pour la saison.
MMB3078;2017-06-15;67.39;109.67;Condition normale pour la saison.
MMB3078;2017-07-15;50.36;137.50;Rien à signaler.
MMB3078;2017-08-15;196.45;145.87;Légère variabilité observée.
MMB3078;2017-09-15;111.04;122.93;Rien à signaler.
MMB3078;2017-10-15;142.48;160.59;Rien à signaler.
MMB3080;2017-05-15;68.74;86.34;Rien à signaler.
MMB3080;2017-06-15;192.53;167.67;Condition normale pour la saison.
MMB3080;2017-07-15;56.80;179.02;Légère variabilité observée.
MMB3080;2017-08-15;80.19;158.80;Rien à signaler.
MMB3080;2017-09-15;191.94;153.43;Condition normale pour la saison.
MMB3080;2017-10-15;81.55;79.70;Condition normale pour la saison.
MMB3082;2017-05-15;96.83;114.81;Légère variabilité observée.
MMB3082;2017-06-15;97.46;120.37;Condition normale pour la saison.
MMB3082;2017-07-15;79.93;161.30;Condition normale pour la saison.
MMB3082;2017-08-15;114.42;196.63;Légère variabilité observée.
MMB3082;2017-09-15;94.74;163.21;Rien à signaler.
MMB3082;2017-10-15;189.33;185.49;Condition normale pour la saison.
MMB3084;2017-05-15;136.18;101.17;Condition normale pour la saison.
MMB3084;2017-06-15;84.33;95.97;Condition normale pour la saison.
MMB3084;2017-07-15;98.01;104.54;Condition normale pour la saison.
MMB3084;2017-08-15;67.71;121.29;Condition normale pour la saison.
MMB3084;2017-09-15;74.71;125.57;Rien à signaler.
MMB3084;2017-10-15;193.23;192.16;Condition normale pour la saison.
MMB3086;2017-05-15;173.39;157.38;Légère variabilité observée.
MMB3086;2017-06-15;187.13;140.62;Légère variabilité observée.
MMB3086;2017-07-15;58.44;159.18;Rien à signaler.
MMB3086;2017-08-15;155.16;159.88;Légère variabilité observée.
MMB3086;2017-09-15;190.82;178.50;Condition normale pour la saison.
MMB3086;2017-10-15;129.95;170.26;Condition normale pour la saison.
MMB3088;2017-05-15;165.18;148.98;Condition normale pour la saison.
MMB3088;2017-06-15;96.68;77.60;Rien à signaler.
MMB3088;2017-07-15;169.80;90.55;Rien à signaler.
MMB3088;2017-08-15;118.25;162.11;Légère variabilité observée.
MMB3088;2017-09-15;131.34;155.85;Condition normale pour la saison.
MMB3088;2017-10-15;197.63;115.78;Légère variabilité observée.
MMB3090;2017-05-15;133.99;90.37;Légère variabilité observée.
MMB3090;2017-06-15;114.24;67.96;Légère variabilité observée.
MMB3090;2017-07-15;103.16;118.38;Rien à signaler.
MMB3090;2017-08-15;161.40;108.29;Légère variabilité observée.
MMB3090;2017-09-15;104.65;142.76;Condition normale pour la saison.
MMB3090;2017-10-15;55.70;175.74;Rien à signaler.
MMB3092;2017-05-15;180.04;159.26;Condition normale pour la saison.
MMB3092;2017-06-15;112.63;180.82;Condition normale pour la saison.
MMB3092;2017-07-15;77.47;192.47;Légère variabilité observée.
MMB3092;2017-08-15;176.72;55.36;Condition normale pour la saison.
MMB3092;2017-09-15;60.72;198.32;Rien à signaler.
MMB3092;2017-10-15;83.78;133.24;Condition normale pour la saison.
MMB3094;2017-05-15;50.02;88.29;Légère variabilité observée.
MMB3094;2017-06-15;68.43;94.24;Légère variabilité observée.
MMB3094;2017-07-15;148.84;152.46;Condition normale pour la saison.
MMB3094;2017-08-15;66.72;129.45;Rien à signaler.
MMB3094;2017-09-15;144.70;54.46;Condition normale pour la saison.
MMB3094;2017-10-15;97.69;80.14;Légère variabilité observée.
MMB3096;2017-05-15;145.12;177.94;Condition normale pour la saison.
MMB3096;2017-06-15;136.62;196.49;Rien à signaler.
MMB3096;2017-07-15;99.56;52.18;Rien à signaler.
MMB3096;2017-08-15;112.59;189.53;Condition normale pour la saison.
MMB3096;2017-09-15;87.62;85.69;Condition normale pour la saison.
MMB3096;2017-10-15;95.90;192.61;Condition normale pour la saison.
MMB3098;2017-05-15;151.82;156.21;Rien à signaler.
MMB3098;2017-06-15;181.33;156.42;Condition normale pour la saison.
MMB3098;2017-07-15;54.60;185.97;Condition normale pour la saison.
MMB3098;2017-08-15;74.39;183.10;Condition normale pour la saison.
MMB3098;2017-09-15;97.68;57.19;Condition normale pour la saison.
MMB3098;2017-10-15;119.84;108.94;Rien à signaler.
MMB3100;2017-05-15;84.20;196.29;Légère variabilité observée.
MMB3100;2017-06-15;144.61;146.86;Condition normale pour la saison.
MMB3100;2017-07-15;112.55;96.66;Rien à signaler.
MMB3100;2017-08-15;102.57;104.37;Légère variabilité observée.
MMB3100;2017-09-15;147.50;121.16;Légère variabilité observée.
MMB3100;2017-10-15;76.00;58.83;Légère variabilité observée.
MMB4002;2017-05-15;149.27;192.54;Légère variabilité observée.
MMB4002;2017-06-15;143.76;63.62;Rien à signaler.
MMB4002;2017-07-15;158.61;54.34;Condition normale pour la saison.
MMB4002;2017-08-15;91.39;127.43;Condition normale pour la saison.
MMB4002;2017-09-15;62.68;123.98;Rien à signaler.
MMB4002;2017-10-15;118.82;193.94;Légère variabilité observée.
MMB4004;2017-05-15;179.42;84.54;Rien à signaler.
MMB4004;2017-06-15;58.22;85.77;Condition normale pour la saison.
MMB4004;2017-07-15;147.88;112.01;Légère variabilité observée.
MMB4004;2017-08-15;121.41;80.89;Condition normale pour la saison.
MMB4004;2017-09-15;85.12;111.42;Condition normale pour la saison.
MMB4004;2017-10-15;50.19;126.58;Condition normale pour la saison.
MMB4006;2017-05-15;78.27;89.90;Condition normale pour la saison.
MMB4006;2017-06-15;112.30;80.68;Légère variabilité observée.
MMB4006;2017-07-15;104.07;91.48;Légère variabilité observée.
MMB4006;2017-08-15;98.95;56.55;Condition normale pour la saison.
MMB4006;2017-09-15;124.09;158.45;Condition normale pour la saison.
MMB4006;2017-10-15;191.37;62.00;Condition normale pour la saison.
MMB4008;2017-05-15;118.44;124.10;Condition normale pour la saison.
MMB4008;2017-06-15;118.48;170.45;Légère variabilité observée.
MMB4008;2017-07-15;147.74;193.01;Légère variabilité observée.
MMB4008;2017-08-15;87.52;124.45;Légère variabilité observée.
MMB4008;2017-09-15;82.53;191.31;Condition normale pour la saison.
MMB4008;2017-10-15;147.86;194.83;Rien à signaler.
MMB4010;2017-05-15;154.94;130.46;Condition normale pour la saison.
MMB4010;2017-06-15;183.88;85.47;Rien à signaler.
MMB4010;2017-07-15;162.86;150.78;Légère variabilité observée.
MMB4010;2017-08-15;125.62;77.53;Rien à signaler.
MMB4010;2017-09-15;185.75;158.62;Rien à signaler.
MMB4010;2017-10-15;74.98;187.66;Rien à signaler.
MMB4012;2017-05-15;178.90;141.38;Condition normale pour la saison.
MMB4012;2017-06-15;150.05;178.36;Légère variabilité observée.
MMB4012;2017-07-15;107.00;142.72;Légère variabilité observée.
MMB4012;2017-08-15;177.61;110.06;Rien à signaler.
MMB4012;2017-09-15;147.26;75.64;Rien à signaler.
MMB4012;2017-10-15;79.01;102.58;Rien à signaler.
MMB4014;2017-05-15;75.28;149.12;Condition normale pour la saison.
MMB4014;2017-06-15;78.36;185.72;Légère variabilité observée.
MMB4014;2017-07-15;97.19;80.22;Condition normale pour la saison.
MMB4014;2017-08-15;50.29;172.05;Rien à signaler.
MMB4014;2017-09-15;130.09;86.57;Condition normale pour la saison.
MMB4014;2017-10-15;51.65;173.94;Condition normale pour la saison.
MMB4016;2017-05-15;174.56;173.85;Rien à signaler.
MMB4016;2017-06-15;132.98;180.58;Condition normale pour la saison.
MMB4016;2017-07-15;189.65;187.45;Condition normale pour la saison.
MMB4016;2017-08-15;66.40;165.41;Légère variabilité observée.
MMB4016;2017-09-15;125.67;58.05;Rien à signaler.
MMB4016;2017-10-15;111.92;62.87;Condition normale pour la saison.
MMB4018;2017-05-15;196.99;130.00;Condition normale pour la saison.
MMB4018;2017-06-15;149.68;63.91;Condition normale pour la saison.
MMB4018;2017-07-15;119.94;192.93;Condition normale pour la saison.
MMB4018;2017-08-15;185.97;86.56;Condition normale pour la saison.
MMB4018;2017-09-15;51.60;118.33;Légère variabilité observée.
MMB4018;2017-10-15;94.97;151.95;Condition normale pour la saison.
MMB4020;2017-05-15;155.23;169.84;Condition normale pour la saison.
MMB4020;2017-06-15;104.02;177.90;Condition normale pour la saison.
MMB4020;2017-07-15;50.69;122.36;Condition normale pour la saison.
MMB4020;2017-08-15;191.24;146.60;Légère variabilité observée.
MMB4020;2017-09-15;197.36;81.39;Légère variabilité observée.
MMB4020;2017-10-15;50.27;156.74;Condition normale pour la saison.
MMB4022;2017-05-15;174.54;175.66;Rien à signaler.
MMB4022;2017-06-15;129.87;50.76;Rien à signaler.
MMB4022;2017-07-15;162.83;57.12;Légère variabilité observée.
MMB4022;2017-08-15;82.66;112.83;Condition normale pour la saison.
MMB4022;2017-09-15;136.09;102.87;Légère variabilité observée.
MMB4022;2017-10-15;72.64;197.65;Condition normale pour la saison.
MMB4024;2017-05-15;183.42;143.07;Condition normale pour la saison.
MMB4024;2017-06-15;98.42;69.34;Condition normale pour la saison.
MMB4024;2017-07-15;74.72;156.30;Condition normale pour la saison.
MMB4024;2017-08-15;109.31;54.65;Légère variabilité observée.
MMB4024;2017-09-15;75.66;112.17;Légère variabilité observée.
MMB4024;2017-10-15;54.86;91.97;Condition normale pour la saison.
MMB4026;2017-05-15;166.34;83.85;Condition normale pour la saison.
MMB4026;2017-06-15;110.11;62.51;Légère variabilité observée.
MMB4026;2017-07-15;57.30;103.91;Rien à signaler.
MMB4026;2017-08-15;66.50;92.42;Légère variabilité observée.
MMB4026;2017-09-15;169.84;127.18;Condition normale pour la saison.
MMB4026;2017-10-15;61.01;62.44;Rien à signaler.
MMB4028;2017-05-15;185.55;59.88;Condition normale pour la saison.
MMB4028;2017-06-15;158.05;63.95;Légère variabilité observée.
MMB4028;2017-07-15;167.16;141.51;Condition normale pour la saison.
MMB4028;2017-08-15;127.13;77.45;Légère variabilité observée.
MMB4028;2017-09-15;196.02;190.66;Légère variabilité observée.
MMB4028;2017-10-15;161.79;101.51;Rien à signaler.
MMB4030;2017-05-15;131.65;198.68;Légère variabilité observée.
MMB4030;2017-06-15;94.28;120.80;Légère variabilité observée.
MMB4030;2017-07-15;62.01;163.73;Légère variabilité observée.
MMB4030;2017-08-15;125.95;88.57;Condition normale pour la saison.
MMB4030;2017-09-15;165.70;75.04;Rien à signaler.
MMB4030;2017-10-15;181.21;166.12;Rien à signaler.
MMB4032;2017-05-15;61.95;181.39;Condition normale pour la saison.
MMB4032;2017-06-15;138.68;180.45;Condition normale pour la saison.
MMB4032;2017-07-15;185.14;154.24;Légère variabilité observée.
MMB4032;2017-08-15;169.33;152.87;Condition normale pour la saison.
MMB4032;2017-09-15;127.21;78.36;Condition normale pour la saison.
MMB4032;2017-10-15;138.70;152.89;Condition normale pour la saison.
MMB4034;2017-05-15;196.86;80.36;Rien à signaler.
MMB4034;2017-06-15;120.77;90.66;Légère variabilité observée.
MMB4034;2017-07-15;98.68;79.67;Condition normale pour la saison.
MMB4034;2017-08-15;78.19;99.71;Condition normale pour la saison.
MMB4034;2017-09-15;84.11;68.10;Rien à signaler.
MMB4034;2017-10-15;173.64;131.05;Condition normale pour la saison.
MMB4036;2017-05-15;117.10;164.75;Rien à signaler.
MMB4036;2017-06-15;199.62;158.54;Légère variabilité observée.
MMB4036;2017-07-15;195.02;160.54;Condition normale pour la saison.
MMB4036;2017-08-15;89.28;135.39;Rien à signaler.
MMB4036;2017-09-15;71.09;111.33;Rien à signaler.
MMB4036;2017-10-15;131.88;195.38;Condition normale pour la saison.
MMB4038;2017-05-15;172.11;196.80;Rien à signaler.
MMB4038;2017-06-15;151.22;79.54;Légère variabilité observée.
MMB4038;2017-07-15;186.25;191.19;Condition normale pour la saison.
MMB4038;2017-08-15;141.87;85.29;Rien à signaler.
MMB4038;2017-09-15;58.00;55.65;Condition normale pour la saison.
MMB4038;2017-10-15;131.66;178.68;Condition normale pour la saison.
MMB4040;2017-05-15;72.45;155.92;Légère variabilité observée.
MMB4040;2017-06-15;183.30;67.99;Rien à signaler.
MMB4040;2017-07-15;130.26;154.88;Rien à signaler.
MMB4040;2017-08-15;118.22;56.05;Rien à signaler.
MMB4040;2017-09-15;140.06;104.71;Condition normale pour la saison.
MMB4040;2017-10-15;166.69;115.29;Condition normale pour la saison.
MMB4042;2017-05-15;52.68;50.21;Condition normale pour la saison.
MMB4042;2017-06-15;53.16;80.62;Condition normale pour la saison.
MMB4042;2017-07-15;152.72;140.06;Condition normale pour la saison.
MMB4042;2017-08-15;123.70;195.95;Rien à signaler.
MMB4042;2017-09-15;171.53;61.64;Condition normale pour la saison.
MMB4042;2017-10-15;99.57;105.00;Légère variabilité observée.
MMB4044;2017-05-15;166.67;109.04;Légère variabilité observée.
MMB4044;2017-06-15;130.67;86.58;Condition normale pour la saison.
MMB4044;2017-07-15;195.66;89.12;Condition normale pour la saison.
MMB4044;2017-08-15;156.70;77.04;Rien à signaler.
MMB4044;2017-09-15;133.50;98.87;Condition normale pour la saison.
MMB4044;2017-10-15;104.19;146.37;Légère variabilité observée.
MMB4046;2017-05-15;173.68;85.77;Condition normale pour la saison.
MMB4046;2017-06-15;71.95;98.63;Rien à signaler.
MMB4046;2017-07-15;91.11;165.99;Légère variabilité observée.
MMB4046;2017-08-15;165.80;172.55;Légère variabilité observée.
MMB4046;2017-09-15;52.10;165.41;Légère variabilité observée.
MMB4046;2017-10-15;150.13;198.36;Condition normale pour la saison.
MMB4048;2017-05-15;118.32;58.64;Légère variabilité observée.
MMB4048;2017-06-15;156.42;57.14;Légère variabilité observée.
MMB4048;2017-07-15;197.35;118.99;Rien à signaler.
MMB4048;2017-08-15;80.81;178.19;Condition normale pour la saison.
MMB4048;2017-09-15;159.05;109.30;Rien à signaler.
MMB4048;2017-10-15;180.70;104.75;Légère variabilité observée.
MMB4050;2017-05-15;129.49;158.39;Légère variabilité observée.
MMB4050;2017-06-15;171.86;189.79;Condition normale pour la saison.
MMB4050;2017-07-15;85.68;119.20;Rien à signaler.
MMB4050;2017-08-15;136.01;150.54;Légère variabilité observée.
MMB4050;2017-09-15;160.36;67.03;Rien à signaler.
MMB4050;2017-10-15;93.98;108.47;Condition normale pour la saison.
MMB4052;2017-05-15;146.22;159.93;Rien à signaler.
MMB4052;2017-06-15;82.08;74.80;Condition normale pour la saison.
MMB4052;2017-07-15;159.36;173.93;Rien à signaler.
MMB4052;2017-08-15;138.62;179.17;Rien à signaler.
MMB4052;2017-09-15;153.56;114.86;Condition normale pour la saison.
MMB4052;2017-10-15;65.10;50.57;Légère variabilité observée.
MMB4054;2017-05-15;84.97;105.02;Légère variabilité observée.
MMB4054;2017-06-15;116.24;172.28;Rien à signaler.
MMB4054;2017-07-15;124.59;57.46;Condition normale pour la saison.
MMB4054;2017-08-15;124.74;143.91;Condition normale pour la saison.
MMB4054;2017-09-15;104.09;174.90;Condition normale pour la saison.
MMB4054;2017-10-15;61.13;105.86;Condition normale pour la saison.
MMB4056;2017-05-15;84.03;159.31;Légère variabilité observée.
MMB4056;2017-06-15;84.18;137.02;Condition normale pour la saison.
MMB4056;2017-07-15;89.17;184.57;Rien à signaler.
MMB4056;2017-08-15;164.89;166.55;Condition normale pour la saison.
MMB4056;2017-09-15;173.64;83.88;Rien à signaler.
MMB4056;2017-10-15;132.63;73.51;Condition normale pour la saison.
MMB4058;2017-05-15;167.97;107.55;Condition normale pour la saison.
MMB4058;2017-06-15;107.30;199.66;Condition normale pour la saison.
MMB4058;2017-07-15;120.67;80.73;Condition normale pour la saison.
MMB4058;2017-08-15;165.55;126.06;Rien à signaler.
MMB4058;2017-09-15;156.48;95.05;Rien à signaler.
MMB4058;2017-10-15;174.18;122.87;Condition normale pour la saison.
MMB4060;2017-05-15;62.08;75.37;Condition normale pour la saison.
MMB4060;2017-06-15;116.91;99.03;Condition normale pour la saison.
MMB4060;2017-07-15;81.08;199.06;Condition normale pour la saison.
MMB4060;2017-08-15;119.53;133.52;Rien à signaler.
MMB4060;2017-09-15;54.61;191.90;Condition normale pour la saison.
MMB4060;2017-10-15;75.88;98.17;Condition normale pour la saison.
MMB4062;2017-05-15;71.69;144.13;Condition normale pour la saison.
MMB4062;2017-06-15;104.76;155.70;Condition normale pour la saison.
MMB4062;2017-07-15;162.85;53.56;Condition normale pour la saison.
MMB4062;2017-08-15;101.87;55.26;Rien à signaler.
MMB4062;2017-09-15;155.63;117.09;Condition normale pour la saison.
MMB4062;2017-10-15;68.59;79.58;Rien à signaler.
MMB4064;2017-05-15;187.31;97.86;Condition normale pour la saison.
MMB4064;2017-06-15;118.14;118.80;Rien à signaler.
MMB4064;2017-07-15;76.76;119.52;Rien à signaler.
MMB4064;2017-08-15;164.38;137.06;Rien à signaler.
MMB4064;2017-09-15;164.30;120.87;Légère variabilité observée.
MMB4064;2017-10-15;159.39;164.13;Condition normale pour la saison.
MMB4066;2017-05-15;118.50;181.23;Légère variabilité observée.
MMB4066;2017-06-15;128.71;133.95;Rien à signaler.
MMB4066;2017-07-15;96.02;65.99;Condition normale pour la saison.
MMB4066;2017-08-15;94.72;164.76;Condition normale pour la saison.
MMB4066;2017-09-15;51.94;112.72;Rien à signaler.
MMB4066;2017-10-15;64.12;88.24;Légère variabilité observée.
MMB4068;2017-05-15;193.20;75.47;Légère variabilité observée.
MMB4068;2017-06-15;91.92;65.26;Légère variabilité observée.
MMB4068;2017-07-15;183.31;125.53;Condition normale pour la saison.
MMB4068;2017-08-15;74.17;136.34;Condition normale pour la saison.
MMB4068;2017-09-15;170.72;188.02;Condition normale pour la saison.
MMB4068;2017-10-15;150.15;134.56;Condition normale pour la saison.
MMB4070;2017-05-15;109.77;127.90;Rien à signaler.
MMB4070;2017-06-15;178.37;141.76;Légère variabilité observée.
MMB4070;2017-07-15;164.06;95.11;Légère variabilité observée.
MMB4070;2017-08-15;183.68;140.32;Rien à signaler.
MMB4070;2017-09-15;167.67;127.91;Condition normale pour la saison.
MMB4070;2017-10-15;84.42;92.68;Rien à signaler.
MMB4072;2017-05-15;145.76;157.88;Condition normale pour la saison.
MMB4072;2017-06-15;110.32;133.91;Condition normale pour la saison.
MMB4072;2017-07-15;173.75;164.32;Rien à signaler.
MMB4072;2017-08-15;176.13;192.64;Condition normale pour la saison.
MMB4072;2017-09-15;182.41;197.14;Légère variabilité observée.
MMB4072;2017-10-15;144.80;185.60;Rien à signaler.
MMB4074;2017-05-15;146.20;114.72;Condition normale pour la saison.
MMB4074;2017-06-15;99.66;183.65;Rien à signaler.
MMB4074;2017-07-15;97.51;121.31;Condition normale pour la saison.
MMB4074;2017-08-15;173.98;86.82;Condition normale pour la saison.
MMB4074;2017-09-15;111.08;154.43;Condition normale pour la saison.
MMB4074;2017-10-15;147.34;187.44;Rien à signaler.
MMB4076;2017-05-15;178.45;139.11;Légère variabilité observée.
MMB4076;2017-06-15;154.02;67.76;Condition normale pour la saison.
MMB4076;2017-07-15;171.69;93.66;Rien à signaler.
MMB4076;2017-08-15;158.61;195.85;Légère variabilité observée.
MMB4076;2017-09-15;177.64;139.16;Condition normale pour la saison.
MMB4076;2017-10-15;93.26;65.83;Légère variabilité observée.
MMB4078;2017-05-15;62.76;74.44;Condition normale pour la saison.
MMB4078;2017-06-15;73.99;188.26;Rien à signaler.
MMB4078;2017-07-15;188.68;171.70;Rien à signaler.
MMB4078;2017-08-15;164.18;189.31;Rien à signaler.
MMB4078;2017-09-15;128.91;179.84;Rien à signaler.
MMB4078;2017-10-15;59.38;189.86;Rien à signaler.
MMB4080;2017-05-15;127.76;111.72;Condition normale pour la saison.
MMB4080;2017-06-15;78.32;74.23;Condition normale pour la saison.
MMB4080;2017-07-15;75.66;141.34;Rien à signaler.
MMB4080;2017-08-15;98.78;64.81;Condition normale pour la saison.
MMB4080;2017-09-15;189.66;193.09;Rien à signaler.
MMB4080;2017-10-15;91.54;115.11;Condition normale pour la saison.
MMB4082;2017-05-15;105.00;105.13;Légère variabilité observée.
MMB4082;2017-06-15;193.35;127.94;Rien à signaler.
MMB4082;2017-07-15;86.19;112.34;Condition normale pour la saison.
MMB4082;2017-08-15;124.21;178.74;Légère variabilité observée.
MMB4082;2017-09-15;164.22;100.11;Légère variabilité observée.
MMB4082;2017-10-15;122.20;97.22;Rien à signaler.
MMB4084;2017-05-15;142.63;125.65;Rien à signaler.
MMB4084;2017-06-15;58.28;75.88;Légère variabilité observée.
MMB4084;2017-07-15;78.44;193.95;Condition normale pour la saison.
MMB4084;2017-08-15;166.00;107.23;Rien à signaler.
MMB4084;2017-09-15;187.98;179.65;Rien à signaler.
MMB4084;2017-10-15;179.96;102.49;Condition normale pour la saison.
MMB4086;2017-05-15;106.86;81.12;Rien à signaler.
MMB4086;2017-06-15;65.37;180.39;Légère variabilité observée.
MMB4086;2017-07-15;112.46;163.02;Rien à signaler.
MMB4086;2017-08-15;128.81;180.93;Rien à signaler.
MMB4086;2017-09-15;137.52;184.56;Condition normale pour la saison.
MMB4086;2017-10-15;65.10;111.19;Condition normale pour la saison.
MMB4088;2017-05-15;175.86;183.87;Légère variabilité observée.
MMB4088;2017-06-15;58.43;129.39;Rien à signaler.
MMB4088;2017-07-15;97.01;102.85;Condition normale pour la saison.
MMB4088;2017-08-15;178.70;122.51;Rien à signaler.
MMB4088;2017-09-15;111.12;131.03;Condition normale pour la saison.
MMB4088;2017-10-15;54.22;81.81;Condition normale pour la saison.
MMB4090;2017-05-15;95.00;155.85;Rien à signaler.
MMB4090;2017-06-15;157.23;183.12;Rien à signaler.
MMB4090;2017-07-15;111.60;122.93;Condition normale pour la saison.
MMB4090;2017-08-15;122.06;198.37;Condition normale pour la saison.
MMB4090;2017-09-15;133.21;93.75;Légère variabilité observée.
MMB4090;2017-10-15;81.76;171.20;Rien à signaler.
MMB4092;2017-05-15;135.78;191.62;Condition normale pour la saison.
MMB4092;2017-06-15;181.86;89.33;Légère variabilité observée.
MMB4092;2017-07-15;178.90;195.06;Légère variabilité observée.
MMB4092;2017-08-15;93.80;69.48;Condition normale pour la saison.
MMB4092;2017-09-15;148.01;118.69;Condition normale pour la saison.
MMB4092;2017-10-15;69.76;95.97;Légère variabilité observée.
MMB4094;2017-05-15;74.30;111.41;Rien à signaler.
MMB4094;2017-06-15;115.79;168.06;Rien à signaler.
MMB4094;2017-07-15;125.89;102.56;Condition normale pour la saison.
MMB4094;2017-08-15;173.45;152.44;Condition normale pour la saison.
MMB4094;2017-09-15;153.94;177.31;Condition normale pour la saison.
MMB4094;2017-10-15;134.78;75.60;Condition normale pour la saison.
MMB4096;2017-05-15;174.22;179.04;Rien à signaler.
MMB4096;2017-06-15;124.99;79.26;Légère variabilité observée.
MMB4096;2017-07-15;125.13;198.46;Condition normale pour la saison.
MMB4096;2017-08-15;91.12;65.39;Légère variabilité observée.
MMB4096;2017-09-15;58.78;170.67;Condition normale pour la saison.
MMB4096;2017-10-15;172.09;122.86;Légère variabilité observée.
MMB4098;2017-05-15;60.71;184.98;Condition normale pour la saison.
MMB4098;2017-06-15;54.82;189.47;Condition normale pour la saison.
MMB4098;2017-07-15;162.39;134.40;Condition normale pour la saison.
MMB4098;2017-08-15;116.76;59.71;Rien à signaler.
MMB4098;2017-09-15;109.11;55.79;Condition normale pour la saison.
MMB4098;2017-10-15;131.51;102.77;Légère variabilité observée.
MMB4100;2017-05-15;198.79;55.16;Légère variabilité observée.
MMB4100;2017-06-15;94.25;105.48;Légère variabilité observée.
MMB4100;2017-07-15;141.92;131.96;Légère variabilité observée.
MMB4100;2017-08-15;108.81;169.61;Condition normale pour la saison.
MMB4100;2017-09-15;111.20;115.22;Condition normale pour la saison.
MMB4100;2017-10-15;139.82;93.87;Condition normale pour la saison.
