plantid;date;siteid;zoneid;placetteid;parcelleid;coordx;coordy;note
MMA1001;2017-05-15;S01;Z01;A1;11;0.58;0.23;Légère variabilité observée.
MMA1001;2017-06-15;S01;Z01;A1;11;0.48;0.12;Rien à signaler.
MMA1001;2017-07-15;S01;Z01;A1;11;0.20;0.64;Rien à signaler.
MMA1001;2017-08-15;S01;Z01;A1;11;0.37;0.11;Condition normale pour la saison.
MMA1001;2017-09-15;S01;Z01;A1;11;0.61;0.76;Condition normale pour la saison.
MMA1001;2017-10-15;S01;Z01;A1;11;0.41;0.84;Légère variabilité observée.
MMA1002;2017-05-15;S01;Z01;A1;11;0.38;0.67;Condition normale pour la saison.
MMA1002;2017-06-15;S01;Z01;A1;11;0.59;0.51;Rien à signaler.
MMA1002;2017-07-15;S01;Z01;A1;11;0.17;0.70;Légère variabilité observée.
MMA1002;2017-08-15;S01;Z01;A1;11;0.34;0.81;Légère variabilité observée.
MMA1002;2017-09-15;S01;Z01;A1;11;0.30;0.50;Rien à signaler.
MMB4086;2017-09-15;S01;Z02;B4;12;0.67;0.12;Condition normale pour la saison.
MMA1003;2017-06-15;S01;Z01;A1;11;0.46;0.81;Rien à signaler.
MMA2044;2017-06-15;S01;Z01;A2;11;0.56;0.17;Rien à signaler.
MMA2072;2017-06-15;S01;Z01;A2;11;0.27;0.19;Rien à signaler.
MMA3056;2017-10-15;S01;Z01;A3;12;0.81;0.60;Rien à signaler.
MMA3099;2017-09-15;S01;Z01;A3;12;0.54;0.85;Rien à signaler.
MMA4027;2017-07-15;S01;Z01;A4;11;0.78;0.35;Rien à signaler.
MMA4041;2017-08-15;S01;Z01;A4;11;0.83;0.16;Rien à signaler.
MMB2067;2017-08-15;S01;Z02;B2;11;0.64;0.50;Rien à signaler.
MMB4007;2017-10-15;S01;Z02;B4;12;0.20;0.36;Rien à signaler.
MMB4078;2017-08-15;S01;Z02;B4;12;0.57;0.24;Rien à signaler.
MMA1002;2017-10-15;S01;Z01;A1;11;0.79;0.91;Condition normale pour la saison.
MMA1003;2017-05-15;S01;Z01;A1;11;0.58;0.49;Condition normale pour la saison.
MMA1003;2017-07-15;S01;Z01;A1;11;0.73;0.77;Condition normale pour la saison.
MMA1003;2017-08-15;S01;Z01;A1;11;0.05;0.13;Condition normale pour la saison.
MMA1003;2017-09-15;S01;Z01;A1;11;0.21;0.64;Condition normale pour la saison.
MMA1003;2017-10-15;S01;Z01;A1;11;0.75;0.08;Condition normale pour la saison.
MMA1004;2017-05-15;S01;Z01;A1;11;0.13;0.30;Condition normale pour la saison.
MMA1004;2017-06-15;S01;Z01;A1;11;0.67;0.92;Condition normale pour la saison.
MMA1004;2017-07-15;S01;Z01;A1;11;0.69;0.78;Condition normale pour la saison.
MMA1004;2017-08-15;S01;Z01;A1;11;0.84;0.53;Légère variabilité observée.
MMA1004;2017-09-15;S01;Z01;A1;11;0.91;0.82;Condition normale pour la saison.
MMA1004;2017-10-15;S01;Z01;A1;11;0.24;0.46;Condition normale pour la saison.
MMA1005;2017-05-15;S01;Z01;A1;11;0.70;0.70;Condition normale pour la saison.
MMA1005;2017-06-15;S01;Z01;A1;11;0.40;0.62;Légère variabilité observée.
MMA1005;2017-07-15;S01;Z01;A1;11;0.27;0.12;Condition normale pour la saison.
MMA1005;2017-08-15;S01;Z01;A1;11;0.57;0.24;Légère variabilité observée.
MMA1005;2017-09-15;S01;Z01;A1;11;0.65;0.76;Condition normale pour la saison.
MMA1005;2017-10-15;S01;Z01;A1;11;0.66;0.58;Condition normale pour la saison.
MMA1006;2017-05-15;S01;Z01;A1;11;0.29;0.32;Condition normale pour la saison.
MMA1006;2017-06-15;S01;Z01;A1;11;0.66;0.53;Condition normale pour la saison.
MMA1006;2017-07-15;S01;Z01;A1;11;0.70;0.55;Rien à signaler.
MMA1006;2017-08-15;S01;Z01;A1;11;0.71;0.93;Rien à signaler.
MMA1006;2017-09-15;S01;Z01;A1;11;0.31;0.67;Légère variabilité observée.
MMA1006;2017-10-15;S01;Z01;A1;11;0.53;0.53;Condition normale pour la saison.
MMA1007;2017-05-15;S01;Z01;A1;11;0.73;0.09;Rien à signaler.
MMA1007;2017-06-15;S01;Z01;A1;11;0.94;0.29;Légère variabilité observée.
MMA1007;2017-07-15;S01;Z01;A1;11;0.27;0.32;Légère variabilité observée.
MMA1007;2017-08-15;S01;Z01;A1;11;0.43;0.88;Condition normale pour la saison.
MMA1007;2017-09-15;S01;Z01;A1;11;0.85;0.82;Légère variabilité observée.
MMA1007;2017-10-15;S01;Z01;A1;11;0.63;0.68;Rien à signaler.
MMA1008;2017-05-15;S01;Z01;A1;11;0.27;0.38;Condition normale pour la saison.
MMA1008;2017-06-15;S01;Z01;A1;11;0.41;0.30;Condition normale pour la saison.
MMA1008;2017-07-15;S01;Z01;A1;11;0.18;0.09;Condition normale pour la saison.
MMB4092;2017-09-15;S01;Z02;B4;12;0.34;0.69;Rien à signaler.
MMA1008;2017-08-15;S01;Z01;A1;11;0.71;0.82;Condition normale pour la saison.
MMA1008;2017-09-15;S01;Z01;A1;11;0.25;0.06;Condition normale pour la saison.
MMA1008;2017-10-15;S01;Z01;A1;11;0.20;0.52;Condition normale pour la saison.
MMA1009;2017-05-15;S01;Z01;A1;11;0.12;0.06;Condition normale pour la saison.
MMA1009;2017-06-15;S01;Z01;A1;11;0.81;0.68;Condition normale pour la saison.
MMA1009;2017-07-15;S01;Z01;A1;11;0.06;0.16;Rien à signaler.
MMA1009;2017-08-15;S01;Z01;A1;11;0.13;0.38;Rien à signaler.
MMA1009;2017-09-15;S01;Z01;A1;11;0.85;0.24;Condition normale pour la saison.
MMA1009;2017-10-15;S01;Z01;A1;11;0.33;0.21;Légère variabilité observée.
MMA1010;2017-05-15;S01;Z01;A1;11;0.23;0.92;Rien à signaler.
MMA1010;2017-06-15;S01;Z01;A1;11;0.79;0.69;Condition normale pour la saison.
MMA1010;2017-07-15;S01;Z01;A1;11;0.14;0.17;Légère variabilité observée.
MMA1010;2017-08-15;S01;Z01;A1;11;0.17;0.19;Rien à signaler.
MMA1010;2017-09-15;S01;Z01;A1;11;0.40;0.33;Légère variabilité observée.
MMA1010;2017-10-15;S01;Z01;A1;11;0.36;0.41;Rien à signaler.
MMA1011;2017-05-15;S01;Z01;A1;11;0.53;0.34;Condition normale pour la saison.
MMA1011;2017-06-15;S01;Z01;A1;11;0.83;0.09;Légère variabilité observée.
MMA1011;2017-07-15;S01;Z01;A1;11;0.27;0.93;Rien à signaler.
MMA1011;2017-08-15;S01;Z01;A1;11;0.40;0.64;Condition normale pour la saison.
MMA1011;2017-09-15;S01;Z01;A1;11;0.94;0.65;Condition normale pour la saison.
MMA1011;2017-10-15;S01;Z01;A1;11;0.92;0.33;Condition normale pour la saison.
MMA1012;2017-05-15;S01;Z01;A1;11;0.43;0.72;Condition normale pour la saison.
MMA1012;2017-06-15;S01;Z01;A1;11;0.15;0.66;Condition normale pour la saison.
MMA1012;2017-07-15;S01;Z01;A1;11;0.37;0.33;Rien à signaler.
MMA1012;2017-08-15;S01;Z01;A1;11;0.80;0.71;Condition normale pour la saison.
MMA1012;2017-09-15;S01;Z01;A1;11;0.92;0.31;Légère variabilité observée.
MMA1012;2017-10-15;S01;Z01;A1;11;0.91;0.11;Rien à signaler.
MMA1013;2017-05-15;S01;Z01;A1;11;0.89;0.35;Condition normale pour la saison.
MMA1013;2017-06-15;S01;Z01;A1;11;0.33;0.60;Rien à signaler.
MMA1013;2017-07-15;S01;Z01;A1;11;0.78;0.75;Légère variabilité observée.
MMA1013;2017-08-15;S01;Z01;A1;11;0.65;0.76;Condition normale pour la saison.
MMA1013;2017-09-15;S01;Z01;A1;11;0.76;0.81;Condition normale pour la saison.
MMA1013;2017-10-15;S01;Z01;A1;11;0.91;0.40;Condition normale pour la saison.
MMA1014;2017-05-15;S01;Z01;A1;11;0.47;0.06;Condition normale pour la saison.
MMA1014;2017-06-15;S01;Z01;A1;11;0.20;0.37;Légère variabilité observée.
MMA1014;2017-07-15;S01;Z01;A1;11;0.17;0.42;Légère variabilité observée.
MMA1014;2017-08-15;S01;Z01;A1;11;0.15;0.07;Condition normale pour la saison.
MMA1014;2017-09-15;S01;Z01;A1;11;0.58;0.90;Rien à signaler.
MMA1014;2017-10-15;S01;Z01;A1;11;0.61;0.86;Légère variabilité observée.
MMA1015;2017-05-15;S01;Z01;A1;11;0.60;0.58;Rien à signaler.
MMA1015;2017-06-15;S01;Z01;A1;11;0.50;0.40;Rien à signaler.
MMA1015;2017-07-15;S01;Z01;A1;11;0.84;0.65;Condition normale pour la saison.
MMA1015;2017-08-15;S01;Z01;A1;11;0.90;0.65;Condition normale pour la saison.
MMA1015;2017-09-15;S01;Z01;A1;11;0.09;0.36;Rien à signaler.
MMA1015;2017-10-15;S01;Z01;A1;11;0.54;0.41;Légère variabilité observée.
MMA1016;2017-05-15;S01;Z01;A1;11;0.88;0.75;Rien à signaler.
MMA1016;2017-06-15;S01;Z01;A1;11;0.13;0.94;Rien à signaler.
MMA1016;2017-07-15;S01;Z01;A1;11;0.52;0.47;Condition normale pour la saison.
MMA1016;2017-08-15;S01;Z01;A1;11;0.18;0.67;Condition normale pour la saison.
MMA1016;2017-09-15;S01;Z01;A1;11;0.17;0.74;Légère variabilité observée.
MMA1016;2017-10-15;S01;Z01;A1;11;0.13;0.93;Rien à signaler.
MMA1017;2017-05-15;S01;Z01;A1;11;0.42;0.07;Légère variabilité observée.
MMA1017;2017-06-15;S01;Z01;A1;11;0.19;0.43;Condition normale pour la saison.
MMA1017;2017-07-15;S01;Z01;A1;11;0.21;0.82;Condition normale pour la saison.
MMA1017;2017-08-15;S01;Z01;A1;11;0.28;0.84;Légère variabilité observée.
MMA1017;2017-09-15;S01;Z01;A1;11;0.40;0.87;Condition normale pour la saison.
MMA1017;2017-10-15;S01;Z01;A1;11;0.16;0.49;Condition normale pour la saison.
MMA1018;2017-05-15;S01;Z01;A1;11;0.59;0.13;Légère variabilité observée.
MMA1018;2017-06-15;S01;Z01;A1;11;0.26;0.84;Condition normale pour la saison.
MMA1018;2017-07-15;S01;Z01;A1;11;0.09;0.28;Légère variabilité observée.
MMA1018;2017-08-15;S01;Z01;A1;11;0.62;0.30;Condition normale pour la saison.
MMA1018;2017-09-15;S01;Z01;A1;11;0.21;0.30;Condition normale pour la saison.
MMA1018;2017-10-15;S01;Z01;A1;11;0.49;0.39;Rien à signaler.
MMA1019;2017-05-15;S01;Z01;A1;11;0.09;0.49;Condition normale pour la saison.
MMA1019;2017-06-15;S01;Z01;A1;11;0.39;0.33;Condition normale pour la saison.
MMA1019;2017-07-15;S01;Z01;A1;11;0.21;0.49;Rien à signaler.
MMA1019;2017-08-15;S01;Z01;A1;11;0.59;0.10;Légère variabilité observée.
MMA1019;2017-09-15;S01;Z01;A1;11;0.75;0.61;Condition normale pour la saison.
MMA1019;2017-10-15;S01;Z01;A1;11;0.83;0.21;Condition normale pour la saison.
MMA1020;2017-05-15;S01;Z01;A1;11;0.32;0.51;Rien à signaler.
MMA1020;2017-06-15;S01;Z01;A1;11;0.06;0.37;Rien à signaler.
MMA1020;2017-07-15;S01;Z01;A1;11;0.55;0.64;Rien à signaler.
MMA1020;2017-08-15;S01;Z01;A1;11;0.10;0.06;Rien à signaler.
MMA1020;2017-09-15;S01;Z01;A1;11;0.18;0.40;Rien à signaler.
MMA1020;2017-10-15;S01;Z01;A1;11;0.32;0.84;Légère variabilité observée.
MMA1021;2017-05-15;S01;Z01;A1;11;0.71;0.57;Légère variabilité observée.
MMA1021;2017-06-15;S01;Z01;A1;11;0.23;0.53;Légère variabilité observée.
MMA1021;2017-07-15;S01;Z01;A1;11;0.31;0.29;Rien à signaler.
MMA1021;2017-08-15;S01;Z01;A1;11;0.41;0.81;Condition normale pour la saison.
MMA1021;2017-09-15;S01;Z01;A1;11;0.80;0.73;Condition normale pour la saison.
MMA1021;2017-10-15;S01;Z01;A1;11;0.22;0.11;Condition normale pour la saison.
MMA1022;2017-05-15;S01;Z01;A1;11;0.68;0.25;Rien à signaler.
MMA1022;2017-06-15;S01;Z01;A1;11;0.23;0.07;Condition normale pour la saison.
MMA1022;2017-07-15;S01;Z01;A1;11;0.69;0.89;Condition normale pour la saison.
MMA1022;2017-08-15;S01;Z01;A1;11;0.57;0.71;Rien à signaler.
MMA1022;2017-09-15;S01;Z01;A1;11;0.05;0.82;Condition normale pour la saison.
MMA1022;2017-10-15;S01;Z01;A1;11;0.61;0.44;Condition normale pour la saison.
MMA1023;2017-05-15;S01;Z01;A1;11;0.31;0.23;Légère variabilité observée.
MMA1023;2017-06-15;S01;Z01;A1;11;0.92;0.19;Légère variabilité observée.
MMA1023;2017-07-15;S01;Z01;A1;11;0.25;0.25;Rien à signaler.
MMA1023;2017-08-15;S01;Z01;A1;11;0.44;0.29;Condition normale pour la saison.
MMA1023;2017-09-15;S01;Z01;A1;11;0.31;0.37;Légère variabilité observée.
MMA1023;2017-10-15;S01;Z01;A1;11;0.85;0.70;Légère variabilité observée.
MMA1024;2017-05-15;S01;Z01;A1;11;0.32;0.22;Condition normale pour la saison.
MMA1024;2017-06-15;S01;Z01;A1;11;0.33;0.27;Légère variabilité observée.
MMA1024;2017-07-15;S01;Z01;A1;11;0.74;0.24;Rien à signaler.
MMA1024;2017-08-15;S01;Z01;A1;11;0.85;0.76;Condition normale pour la saison.
MMA1024;2017-09-15;S01;Z01;A1;11;0.76;0.30;Condition normale pour la saison.
MMA1024;2017-10-15;S01;Z01;A1;11;0.47;0.16;Légère variabilité observée.
MMA1025;2017-05-15;S01;Z01;A1;11;0.45;0.81;Condition normale pour la saison.
MMA1025;2017-06-15;S01;Z01;A1;11;0.07;0.27;Condition normale pour la saison.
MMA1025;2017-07-15;S01;Z01;A1;11;0.10;0.78;Légère variabilité observée.
MMA1025;2017-08-15;S01;Z01;A1;11;0.71;0.62;Condition normale pour la saison.
MMA1025;2017-09-15;S01;Z01;A1;11;0.58;0.24;Condition normale pour la saison.
MMA1025;2017-10-15;S01;Z01;A1;11;0.53;0.56;Condition normale pour la saison.
MMA1026;2017-05-15;S01;Z01;A1;11;0.57;0.59;Condition normale pour la saison.
MMA1026;2017-06-15;S01;Z01;A1;11;0.58;0.40;Condition normale pour la saison.
MMA1026;2017-07-15;S01;Z01;A1;11;0.43;0.38;Rien à signaler.
MMA1026;2017-08-15;S01;Z01;A1;11;0.68;0.12;Condition normale pour la saison.
MMA1026;2017-09-15;S01;Z01;A1;11;0.53;0.27;Condition normale pour la saison.
MMA1026;2017-10-15;S01;Z01;A1;11;0.62;0.46;Condition normale pour la saison.
MMA1027;2017-05-15;S01;Z01;A1;11;0.76;0.46;Légère variabilité observée.
MMA1027;2017-06-15;S01;Z01;A1;11;0.74;0.77;Légère variabilité observée.
MMA1027;2017-07-15;S01;Z01;A1;11;0.61;0.14;Légère variabilité observée.
MMA1027;2017-08-15;S01;Z01;A1;11;0.20;0.52;Condition normale pour la saison.
MMA1027;2017-09-15;S01;Z01;A1;11;0.23;0.15;Condition normale pour la saison.
MMA1027;2017-10-15;S01;Z01;A1;11;0.38;0.29;Rien à signaler.
MMA1028;2017-05-15;S01;Z01;A1;11;0.87;0.21;Condition normale pour la saison.
MMA1028;2017-06-15;S01;Z01;A1;11;0.52;0.25;Rien à signaler.
MMA1028;2017-07-15;S01;Z01;A1;11;0.68;0.59;Condition normale pour la saison.
MMA1028;2017-08-15;S01;Z01;A1;11;0.12;0.44;Condition normale pour la saison.
MMA1028;2017-09-15;S01;Z01;A1;11;0.50;0.75;Condition normale pour la saison.
MMA1028;2017-10-15;S01;Z01;A1;11;0.29;0.87;Condition normale pour la saison.
MMA1029;2017-05-15;S01;Z01;A1;11;0.26;0.07;Légère variabilité observée.
MMA1029;2017-06-15;S01;Z01;A1;11;0.90;0.15;Légère variabilité observée.
MMA1029;2017-07-15;S01;Z01;A1;11;0.67;0.62;Condition normale pour la saison.
MMA1029;2017-08-15;S01;Z01;A1;11;0.69;0.10;Condition normale pour la saison.
MMA1029;2017-09-15;S01;Z01;A1;11;0.32;0.37;Rien à signaler.
MMA1029;2017-10-15;S01;Z01;A1;11;0.19;0.36;Condition normale pour la saison.
MMA1030;2017-05-15;S01;Z01;A1;11;0.43;0.92;Condition normale pour la saison.
MMA1030;2017-06-15;S01;Z01;A1;11;0.39;0.58;Condition normale pour la saison.
MMA1030;2017-07-15;S01;Z01;A1;11;0.26;0.62;Condition normale pour la saison.
MMA1030;2017-08-15;S01;Z01;A1;11;0.54;0.21;Condition normale pour la saison.
MMA1030;2017-09-15;S01;Z01;A1;11;0.42;0.70;Rien à signaler.
MMA1030;2017-10-15;S01;Z01;A1;11;0.08;0.82;Condition normale pour la saison.
MMA1031;2017-05-15;S01;Z01;A1;11;0.14;0.43;Rien à signaler.
MMA1031;2017-06-15;S01;Z01;A1;11;0.55;0.61;Légère variabilité observée.
MMA1031;2017-07-15;S01;Z01;A1;11;0.87;0.91;Condition normale pour la saison.
MMA1031;2017-08-15;S01;Z01;A1;11;0.90;0.63;Rien à signaler.
MMA1031;2017-09-15;S01;Z01;A1;11;0.22;0.21;Condition normale pour la saison.
MMA1031;2017-10-15;S01;Z01;A1;11;0.29;0.23;Condition normale pour la saison.
MMA1032;2017-05-15;S01;Z01;A1;11;0.83;0.50;Condition normale pour la saison.
MMA1032;2017-06-15;S01;Z01;A1;11;0.61;0.91;Condition normale pour la saison.
MMA1032;2017-07-15;S01;Z01;A1;11;0.73;0.72;Rien à signaler.
MMA1032;2017-08-15;S01;Z01;A1;11;0.45;0.86;Rien à signaler.
MMA1032;2017-09-15;S01;Z01;A1;11;0.74;0.34;Légère variabilité observée.
MMA1032;2017-10-15;S01;Z01;A1;11;0.23;0.55;Condition normale pour la saison.
MMA1033;2017-05-15;S01;Z01;A1;11;0.52;0.82;Légère variabilité observée.
MMA1033;2017-06-15;S01;Z01;A1;11;0.17;0.50;Rien à signaler.
MMA1033;2017-07-15;S01;Z01;A1;11;0.79;0.88;Condition normale pour la saison.
MMA1033;2017-08-15;S01;Z01;A1;11;0.61;0.73;Condition normale pour la saison.
MMA1033;2017-09-15;S01;Z01;A1;11;0.26;0.28;Condition normale pour la saison.
MMA1033;2017-10-15;S01;Z01;A1;11;0.11;0.28;Rien à signaler.
MMA1034;2017-05-15;S01;Z01;A1;11;0.32;0.50;Condition normale pour la saison.
MMA1034;2017-06-15;S01;Z01;A1;11;0.50;0.26;Condition normale pour la saison.
MMA1034;2017-07-15;S01;Z01;A1;11;0.48;0.82;Rien à signaler.
MMA1034;2017-08-15;S01;Z01;A1;11;0.59;0.65;Rien à signaler.
MMA1034;2017-09-15;S01;Z01;A1;11;0.80;0.73;Légère variabilité observée.
MMA1034;2017-10-15;S01;Z01;A1;11;0.06;0.07;Légère variabilité observée.
MMA1035;2017-05-15;S01;Z01;A1;11;0.37;0.76;Légère variabilité observée.
MMA1035;2017-06-15;S01;Z01;A1;11;0.25;0.23;Condition normale pour la saison.
MMA1035;2017-07-15;S01;Z01;A1;11;0.27;0.24;Rien à signaler.
MMA1035;2017-08-15;S01;Z01;A1;11;0.17;0.20;Légère variabilité observée.
MMA1035;2017-09-15;S01;Z01;A1;11;0.43;0.65;Rien à signaler.
MMA1035;2017-10-15;S01;Z01;A1;11;0.30;0.19;Condition normale pour la saison.
MMA1036;2017-05-15;S01;Z01;A1;11;0.60;0.15;Rien à signaler.
MMA1036;2017-06-15;S01;Z01;A1;11;0.39;0.34;Condition normale pour la saison.
MMA1036;2017-07-15;S01;Z01;A1;11;0.06;0.45;Condition normale pour la saison.
MMA1036;2017-08-15;S01;Z01;A1;11;0.58;0.39;Légère variabilité observée.
MMA1036;2017-09-15;S01;Z01;A1;11;0.12;0.34;Rien à signaler.
MMA1036;2017-10-15;S01;Z01;A1;11;0.22;0.90;Rien à signaler.
MMA1037;2017-05-15;S01;Z01;A1;11;0.80;0.69;Rien à signaler.
MMA1037;2017-06-15;S01;Z01;A1;11;0.59;0.28;Rien à signaler.
MMA1037;2017-07-15;S01;Z01;A1;11;0.29;0.63;Légère variabilité observée.
MMA1037;2017-08-15;S01;Z01;A1;11;0.23;0.75;Légère variabilité observée.
MMA1037;2017-09-15;S01;Z01;A1;11;0.59;0.83;Légère variabilité observée.
MMA1037;2017-10-15;S01;Z01;A1;11;0.24;0.10;Condition normale pour la saison.
MMA1038;2017-05-15;S01;Z01;A1;11;0.10;0.36;Légère variabilité observée.
MMA1038;2017-06-15;S01;Z01;A1;11;0.11;0.90;Condition normale pour la saison.
MMA1038;2017-07-15;S01;Z01;A1;11;0.86;0.93;Rien à signaler.
MMA1038;2017-08-15;S01;Z01;A1;11;0.19;0.13;Légère variabilité observée.
MMA1038;2017-09-15;S01;Z01;A1;11;0.82;0.82;Condition normale pour la saison.
MMA1038;2017-10-15;S01;Z01;A1;11;0.95;0.54;Légère variabilité observée.
MMA1039;2017-05-15;S01;Z01;A1;11;0.84;0.18;Rien à signaler.
MMA1039;2017-06-15;S01;Z01;A1;11;0.40;0.16;Condition normale pour la saison.
MMA1039;2017-07-15;S01;Z01;A1;11;0.25;0.73;Rien à signaler.
MMA1039;2017-08-15;S01;Z01;A1;11;0.57;0.86;Légère variabilité observée.
MMA1039;2017-09-15;S01;Z01;A1;11;0.56;0.74;Légère variabilité observée.
MMA1039;2017-10-15;S01;Z01;A1;11;0.35;0.14;Légère variabilité observée.
MMA1040;2017-05-15;S01;Z01;A1;11;0.52;0.61;Condition normale pour la saison.
MMA1040;2017-06-15;S01;Z01;A1;11;0.41;0.75;Condition normale pour la saison.
MMA1040;2017-07-15;S01;Z01;A1;11;0.78;0.55;Rien à signaler.
MMA1040;2017-08-15;S01;Z01;A1;11;0.25;0.60;Rien à signaler.
MMA1040;2017-09-15;S01;Z01;A1;11;0.42;0.28;Légère variabilité observée.
MMA1040;2017-10-15;S01;Z01;A1;11;0.07;0.06;Légère variabilité observée.
MMA1041;2017-05-15;S01;Z01;A1;11;0.70;0.45;Condition normale pour la saison.
MMA1041;2017-06-15;S01;Z01;A1;11;0.61;0.33;Condition normale pour la saison.
MMA1041;2017-07-15;S01;Z01;A1;11;0.90;0.49;Condition normale pour la saison.
MMA1041;2017-08-15;S01;Z01;A1;11;0.73;0.21;Légère variabilité observée.
MMA1041;2017-09-15;S01;Z01;A1;11;0.15;0.69;Condition normale pour la saison.
MMA1041;2017-10-15;S01;Z01;A1;11;0.71;0.86;Légère variabilité observée.
MMA1042;2017-05-15;S01;Z01;A1;11;0.78;0.17;Rien à signaler.
MMA1042;2017-06-15;S01;Z01;A1;11;0.08;0.19;Condition normale pour la saison.
MMA1042;2017-07-15;S01;Z01;A1;11;0.84;0.66;Condition normale pour la saison.
MMA1042;2017-08-15;S01;Z01;A1;11;0.23;0.29;Condition normale pour la saison.
MMA1042;2017-09-15;S01;Z01;A1;11;0.84;0.86;Condition normale pour la saison.
MMA1042;2017-10-15;S01;Z01;A1;11;0.92;0.60;Légère variabilité observée.
MMA1043;2017-05-15;S01;Z01;A1;11;0.88;0.31;Légère variabilité observée.
MMA1043;2017-06-15;S01;Z01;A1;11;0.76;0.42;Légère variabilité observée.
MMA1043;2017-07-15;S01;Z01;A1;11;0.16;0.91;Condition normale pour la saison.
MMA1043;2017-08-15;S01;Z01;A1;11;0.07;0.49;Condition normale pour la saison.
MMA1043;2017-09-15;S01;Z01;A1;11;0.47;0.86;Condition normale pour la saison.
MMA1043;2017-10-15;S01;Z01;A1;11;0.75;0.37;Rien à signaler.
MMA1044;2017-05-15;S01;Z01;A1;11;0.09;0.63;Condition normale pour la saison.
MMA1044;2017-06-15;S01;Z01;A1;11;0.35;0.94;Condition normale pour la saison.
MMA1044;2017-07-15;S01;Z01;A1;11;0.37;0.69;Légère variabilité observée.
MMA1044;2017-08-15;S01;Z01;A1;11;0.48;0.58;Rien à signaler.
MMA1044;2017-09-15;S01;Z01;A1;11;0.60;0.87;Rien à signaler.
MMA1044;2017-10-15;S01;Z01;A1;11;0.55;0.53;Condition normale pour la saison.
MMA1045;2017-05-15;S01;Z01;A1;11;0.43;0.06;Condition normale pour la saison.
MMA1045;2017-06-15;S01;Z01;A1;11;0.61;0.82;Condition normale pour la saison.
MMA1045;2017-07-15;S01;Z01;A1;11;0.22;0.18;Condition normale pour la saison.
MMA1045;2017-08-15;S01;Z01;A1;11;0.35;0.23;Condition normale pour la saison.
MMA1045;2017-09-15;S01;Z01;A1;11;0.53;0.37;Condition normale pour la saison.
MMA1045;2017-10-15;S01;Z01;A1;11;0.62;0.46;Condition normale pour la saison.
MMA1046;2017-05-15;S01;Z01;A1;11;0.44;0.63;Condition normale pour la saison.
MMA1046;2017-06-15;S01;Z01;A1;11;0.17;0.29;Légère variabilité observée.
MMA1046;2017-07-15;S01;Z01;A1;11;0.36;0.45;Légère variabilité observée.
MMA1046;2017-08-15;S01;Z01;A1;11;0.94;0.27;Légère variabilité observée.
MMA1046;2017-09-15;S01;Z01;A1;11;0.23;0.73;Légère variabilité observée.
MMA1046;2017-10-15;S01;Z01;A1;11;0.40;0.21;Condition normale pour la saison.
MMA1047;2017-05-15;S01;Z01;A1;11;0.50;0.31;Condition normale pour la saison.
MMA1047;2017-06-15;S01;Z01;A1;11;0.88;0.44;Condition normale pour la saison.
MMA1047;2017-07-15;S01;Z01;A1;11;0.59;0.51;Condition normale pour la saison.
MMA1047;2017-08-15;S01;Z01;A1;11;0.61;0.48;Condition normale pour la saison.
MMA1047;2017-09-15;S01;Z01;A1;11;0.68;0.68;Légère variabilité observée.
MMA1047;2017-10-15;S01;Z01;A1;11;0.18;0.70;Légère variabilité observée.
MMA1048;2017-05-15;S01;Z01;A1;11;0.47;0.70;Condition normale pour la saison.
MMA1048;2017-06-15;S01;Z01;A1;11;0.75;0.52;Condition normale pour la saison.
MMA1048;2017-07-15;S01;Z01;A1;11;0.38;0.09;Légère variabilité observée.
MMA1048;2017-08-15;S01;Z01;A1;11;0.31;0.15;Condition normale pour la saison.
MMA1048;2017-09-15;S01;Z01;A1;11;0.19;0.45;Condition normale pour la saison.
MMA1048;2017-10-15;S01;Z01;A1;11;0.55;0.26;Légère variabilité observée.
MMA1049;2017-05-15;S01;Z01;A1;11;0.67;0.38;Rien à signaler.
MMA1049;2017-06-15;S01;Z01;A1;11;0.49;0.52;Rien à signaler.
MMA1049;2017-07-15;S01;Z01;A1;11;0.12;0.16;Légère variabilité observée.
MMA1049;2017-08-15;S01;Z01;A1;11;0.17;0.08;Condition normale pour la saison.
MMA1049;2017-09-15;S01;Z01;A1;11;0.65;0.43;Rien à signaler.
MMA1049;2017-10-15;S01;Z01;A1;11;0.20;0.66;Légère variabilité observée.
MMA1050;2017-05-15;S01;Z01;A1;11;0.84;0.47;Condition normale pour la saison.
MMA1050;2017-06-15;S01;Z01;A1;11;0.22;0.58;Légère variabilité observée.
MMA1050;2017-07-15;S01;Z01;A1;11;0.22;0.10;Condition normale pour la saison.
MMA1050;2017-08-15;S01;Z01;A1;11;0.68;0.55;Condition normale pour la saison.
MMA1050;2017-09-15;S01;Z01;A1;11;0.66;0.42;Rien à signaler.
MMA1050;2017-10-15;S01;Z01;A1;11;0.59;0.67;Condition normale pour la saison.
MMA1051;2017-05-15;S01;Z01;A1;11;0.17;0.15;Condition normale pour la saison.
MMA1051;2017-06-15;S01;Z01;A1;11;0.29;0.85;Condition normale pour la saison.
MMA1051;2017-07-15;S01;Z01;A1;11;0.44;0.34;Condition normale pour la saison.
MMA1051;2017-08-15;S01;Z01;A1;11;0.08;0.19;Légère variabilité observée.
MMA1051;2017-09-15;S01;Z01;A1;11;0.70;0.65;Condition normale pour la saison.
MMA1051;2017-10-15;S01;Z01;A1;11;0.58;0.70;Légère variabilité observée.
MMA1052;2017-05-15;S01;Z01;A1;11;0.16;0.88;Condition normale pour la saison.
MMA1052;2017-06-15;S01;Z01;A1;11;0.26;0.88;Condition normale pour la saison.
MMA1052;2017-07-15;S01;Z01;A1;11;0.14;0.53;Rien à signaler.
MMA1052;2017-08-15;S01;Z01;A1;11;0.85;0.37;Légère variabilité observée.
MMA1052;2017-09-15;S01;Z01;A1;11;0.70;0.60;Rien à signaler.
MMA1052;2017-10-15;S01;Z01;A1;11;0.67;0.08;Condition normale pour la saison.
MMA1053;2017-05-15;S01;Z01;A1;11;0.10;0.58;Condition normale pour la saison.
MMA1053;2017-06-15;S01;Z01;A1;11;0.27;0.88;Condition normale pour la saison.
MMA1053;2017-07-15;S01;Z01;A1;11;0.33;0.26;Condition normale pour la saison.
MMA1053;2017-08-15;S01;Z01;A1;11;0.09;0.15;Légère variabilité observée.
MMA1053;2017-09-15;S01;Z01;A1;11;0.60;0.35;Condition normale pour la saison.
MMA1053;2017-10-15;S01;Z01;A1;11;0.81;0.67;Condition normale pour la saison.
MMA1054;2017-05-15;S01;Z01;A1;11;0.62;0.83;Condition normale pour la saison.
MMA1054;2017-06-15;S01;Z01;A1;11;0.53;0.74;Légère variabilité observée.
MMA1054;2017-07-15;S01;Z01;A1;11;0.43;0.53;Condition normale pour la saison.
MMA1054;2017-08-15;S01;Z01;A1;11;0.07;0.25;Légère variabilité observée.
MMA1054;2017-09-15;S01;Z01;A1;11;0.48;0.81;Condition normale pour la saison.
MMA1054;2017-10-15;S01;Z01;A1;11;0.12;0.19;Condition normale pour la saison.
MMA1055;2017-05-15;S01;Z01;A1;11;0.63;0.50;Condition normale pour la saison.
MMA1055;2017-06-15;S01;Z01;A1;11;0.77;0.05;Légère variabilité observée.
MMA1055;2017-07-15;S01;Z01;A1;11;0.46;0.71;Légère variabilité observée.
MMA1055;2017-08-15;S01;Z01;A1;11;0.64;0.36;Rien à signaler.
MMA1055;2017-09-15;S01;Z01;A1;11;0.34;0.91;Condition normale pour la saison.
MMA1055;2017-10-15;S01;Z01;A1;11;0.46;0.17;Condition normale pour la saison.
MMA1056;2017-05-15;S01;Z01;A1;11;0.13;0.70;Condition normale pour la saison.
MMA1056;2017-06-15;S01;Z01;A1;11;0.22;0.77;Condition normale pour la saison.
MMA1056;2017-07-15;S01;Z01;A1;11;0.15;0.59;Condition normale pour la saison.
MMA1056;2017-08-15;S01;Z01;A1;11;0.54;0.53;Condition normale pour la saison.
MMA1056;2017-09-15;S01;Z01;A1;11;0.21;0.26;Condition normale pour la saison.
MMA1056;2017-10-15;S01;Z01;A1;11;0.25;0.58;Légère variabilité observée.
MMA1057;2017-05-15;S01;Z01;A1;11;0.69;0.83;Rien à signaler.
MMA1057;2017-06-15;S01;Z01;A1;11;0.61;0.56;Rien à signaler.
MMA1057;2017-07-15;S01;Z01;A1;11;0.35;0.56;Condition normale pour la saison.
MMA1057;2017-08-15;S01;Z01;A1;11;0.52;0.91;Condition normale pour la saison.
MMA1057;2017-09-15;S01;Z01;A1;11;0.65;0.24;Condition normale pour la saison.
MMA1057;2017-10-15;S01;Z01;A1;11;0.64;0.51;Condition normale pour la saison.
MMA1058;2017-05-15;S01;Z01;A1;11;0.15;0.19;Condition normale pour la saison.
MMA1058;2017-06-15;S01;Z01;A1;11;0.46;0.30;Condition normale pour la saison.
MMA1058;2017-07-15;S01;Z01;A1;11;0.70;0.39;Condition normale pour la saison.
MMA1058;2017-08-15;S01;Z01;A1;11;0.90;0.44;Rien à signaler.
MMA1058;2017-09-15;S01;Z01;A1;11;0.18;0.49;Légère variabilité observée.
MMA1058;2017-10-15;S01;Z01;A1;11;0.35;0.63;Rien à signaler.
MMA1059;2017-05-15;S01;Z01;A1;11;0.42;0.80;Légère variabilité observée.
MMA1059;2017-06-15;S01;Z01;A1;11;0.13;0.93;Condition normale pour la saison.
MMA1059;2017-07-15;S01;Z01;A1;11;0.43;0.78;Condition normale pour la saison.
MMA1059;2017-08-15;S01;Z01;A1;11;0.83;0.61;Rien à signaler.
MMA1059;2017-09-15;S01;Z01;A1;11;0.45;0.44;Condition normale pour la saison.
MMA1059;2017-10-15;S01;Z01;A1;11;0.53;0.35;Rien à signaler.
MMA1060;2017-05-15;S01;Z01;A1;11;0.55;0.55;Rien à signaler.
MMA1060;2017-06-15;S01;Z01;A1;11;0.12;0.88;Légère variabilité observée.
MMA1060;2017-07-15;S01;Z01;A1;11;0.39;0.16;Condition normale pour la saison.
MMA1060;2017-08-15;S01;Z01;A1;11;0.26;0.15;Condition normale pour la saison.
MMA1060;2017-09-15;S01;Z01;A1;11;0.54;0.66;Condition normale pour la saison.
MMA1060;2017-10-15;S01;Z01;A1;11;0.62;0.20;Condition normale pour la saison.
MMA1061;2017-05-15;S01;Z01;A1;11;0.28;0.13;Condition normale pour la saison.
MMA1061;2017-06-15;S01;Z01;A1;11;0.93;0.66;Rien à signaler.
MMA1061;2017-07-15;S01;Z01;A1;11;0.49;0.75;Condition normale pour la saison.
MMA1061;2017-08-15;S01;Z01;A1;11;0.16;0.48;Condition normale pour la saison.
MMA1061;2017-09-15;S01;Z01;A1;11;0.60;0.57;Légère variabilité observée.
MMA1061;2017-10-15;S01;Z01;A1;11;0.58;0.66;Condition normale pour la saison.
MMA1062;2017-05-15;S01;Z01;A1;11;0.74;0.89;Légère variabilité observée.
MMA1062;2017-06-15;S01;Z01;A1;11;0.41;0.56;Condition normale pour la saison.
MMA1062;2017-07-15;S01;Z01;A1;11;0.41;0.11;Condition normale pour la saison.
MMA1062;2017-08-15;S01;Z01;A1;11;0.21;0.88;Légère variabilité observée.
MMA1062;2017-09-15;S01;Z01;A1;11;0.30;0.41;Légère variabilité observée.
MMA1062;2017-10-15;S01;Z01;A1;11;0.82;0.81;Condition normale pour la saison.
MMA1063;2017-05-15;S01;Z01;A1;11;0.55;0.76;Condition normale pour la saison.
MMA1063;2017-06-15;S01;Z01;A1;11;0.20;0.43;Condition normale pour la saison.
MMA1063;2017-07-15;S01;Z01;A1;11;0.29;0.48;Condition normale pour la saison.
MMA1063;2017-08-15;S01;Z01;A1;11;0.60;0.16;Condition normale pour la saison.
MMA1063;2017-09-15;S01;Z01;A1;11;0.25;0.76;Rien à signaler.
MMA1063;2017-10-15;S01;Z01;A1;11;0.17;0.41;Rien à signaler.
MMA1064;2017-05-15;S01;Z01;A1;11;0.56;0.38;Légère variabilité observée.
MMA1064;2017-06-15;S01;Z01;A1;11;0.31;0.20;Rien à signaler.
MMA1064;2017-07-15;S01;Z01;A1;11;0.87;0.57;Rien à signaler.
MMA1064;2017-08-15;S01;Z01;A1;11;0.38;0.41;Légère variabilité observée.
MMA1064;2017-09-15;S01;Z01;A1;11;0.81;0.92;Légère variabilité observée.
MMA1064;2017-10-15;S01;Z01;A1;11;0.09;0.61;Condition normale pour la saison.
MMA1065;2017-05-15;S01;Z01;A1;11;0.49;0.66;Rien à signaler.
MMA1065;2017-06-15;S01;Z01;A1;11;0.62;0.51;Rien à signaler.
MMA1065;2017-07-15;S01;Z01;A1;11;0.77;0.10;Rien à signaler.
MMA1065;2017-08-15;S01;Z01;A1;11;0.53;0.65;Légère variabilité observée.
MMA1065;2017-09-15;S01;Z01;A1;11;0.84;0.48;Condition normale pour la saison.
MMA1065;2017-10-15;S01;Z01;A1;11;0.13;0.16;Condition normale pour la saison.
MMA1066;2017-05-15;S01;Z01;A1;11;0.45;0.16;Condition normale pour la saison.
MMA1066;2017-06-15;S01;Z01;A1;11;0.71;0.82;Condition normale pour la saison.
MMA1066;2017-07-15;S01;Z01;A1;11;0.16;0.42;Rien à signaler.
MMA1066;2017-08-15;S01;Z01;A1;11;0.50;0.36;Rien à signaler.
MMA1066;2017-09-15;S01;Z01;A1;11;0.19;0.53;Légère variabilité observée.
MMA1066;2017-10-15;S01;Z01;A1;11;0.27;0.37;Rien à signaler.
MMA1067;2017-05-15;S01;Z01;A1;11;0.52;0.14;Condition normale pour la saison.
MMA1067;2017-06-15;S01;Z01;A1;11;0.57;0.50;Légère variabilité observée.
MMA1067;2017-07-15;S01;Z01;A1;11;0.51;0.08;Rien à signaler.
MMA1067;2017-08-15;S01;Z01;A1;11;0.64;0.83;Condition normale pour la saison.
MMA1067;2017-09-15;S01;Z01;A1;11;0.33;0.51;Légère variabilité observée.
MMA1067;2017-10-15;S01;Z01;A1;11;0.32;0.89;Rien à signaler.
MMA1068;2017-05-15;S01;Z01;A1;11;0.51;0.45;Légère variabilité observée.
MMA1068;2017-06-15;S01;Z01;A1;11;0.34;0.49;Rien à signaler.
MMA1068;2017-07-15;S01;Z01;A1;11;0.39;0.87;Condition normale pour la saison.
MMA1068;2017-08-15;S01;Z01;A1;11;0.06;0.64;Rien à signaler.
MMA1068;2017-09-15;S01;Z01;A1;11;0.68;0.51;Condition normale pour la saison.
MMA1068;2017-10-15;S01;Z01;A1;11;0.08;0.47;Condition normale pour la saison.
MMA1069;2017-05-15;S01;Z01;A1;11;0.62;0.26;Condition normale pour la saison.
MMA1069;2017-06-15;S01;Z01;A1;11;0.19;0.60;Légère variabilité observée.
MMA1069;2017-07-15;S01;Z01;A1;11;0.18;0.65;Rien à signaler.
MMA1069;2017-08-15;S01;Z01;A1;11;0.84;0.69;Condition normale pour la saison.
MMA1069;2017-09-15;S01;Z01;A1;11;0.82;0.11;Rien à signaler.
MMA1069;2017-10-15;S01;Z01;A1;11;0.16;0.46;Condition normale pour la saison.
MMA1070;2017-05-15;S01;Z01;A1;11;0.42;0.47;Rien à signaler.
MMA1070;2017-06-15;S01;Z01;A1;11;0.39;0.56;Rien à signaler.
MMA1070;2017-07-15;S01;Z01;A1;11;0.61;0.27;Condition normale pour la saison.
MMA1070;2017-08-15;S01;Z01;A1;11;0.30;0.89;Légère variabilité observée.
MMA1070;2017-09-15;S01;Z01;A1;11;0.38;0.47;Rien à signaler.
MMA1070;2017-10-15;S01;Z01;A1;11;0.93;0.36;Légère variabilité observée.
MMA1071;2017-05-15;S01;Z01;A1;11;0.39;0.47;Rien à signaler.
MMA1071;2017-06-15;S01;Z01;A1;11;0.48;0.41;Condition normale pour la saison.
MMA1071;2017-07-15;S01;Z01;A1;11;0.09;0.76;Rien à signaler.
MMA1071;2017-08-15;S01;Z01;A1;11;0.14;0.72;Condition normale pour la saison.
MMA1071;2017-09-15;S01;Z01;A1;11;0.94;0.06;Condition normale pour la saison.
MMA1071;2017-10-15;S01;Z01;A1;11;0.29;0.86;Condition normale pour la saison.
MMA1072;2017-05-15;S01;Z01;A1;11;0.82;0.15;Rien à signaler.
MMA1072;2017-06-15;S01;Z01;A1;11;0.43;0.46;Légère variabilité observée.
MMA1072;2017-07-15;S01;Z01;A1;11;0.45;0.27;Rien à signaler.
MMA1072;2017-08-15;S01;Z01;A1;11;0.64;0.91;Condition normale pour la saison.
MMA1072;2017-09-15;S01;Z01;A1;11;0.09;0.43;Légère variabilité observée.
MMA1072;2017-10-15;S01;Z01;A1;11;0.75;0.87;Rien à signaler.
MMA1073;2017-05-15;S01;Z01;A1;11;0.51;0.67;Légère variabilité observée.
MMA1073;2017-06-15;S01;Z01;A1;11;0.38;0.91;Condition normale pour la saison.
MMA1073;2017-07-15;S01;Z01;A1;11;0.05;0.22;Condition normale pour la saison.
MMA1073;2017-08-15;S01;Z01;A1;11;0.62;0.05;Condition normale pour la saison.
MMA1073;2017-09-15;S01;Z01;A1;11;0.91;0.49;Rien à signaler.
MMA1073;2017-10-15;S01;Z01;A1;11;0.79;0.66;Légère variabilité observée.
MMA1074;2017-05-15;S01;Z01;A1;11;0.18;0.92;Rien à signaler.
MMA1074;2017-06-15;S01;Z01;A1;11;0.90;0.59;Condition normale pour la saison.
MMA1074;2017-07-15;S01;Z01;A1;11;0.53;0.72;Légère variabilité observée.
MMA1074;2017-08-15;S01;Z01;A1;11;0.57;0.61;Rien à signaler.
MMA1074;2017-09-15;S01;Z01;A1;11;0.38;0.07;Rien à signaler.
MMA1074;2017-10-15;S01;Z01;A1;11;0.66;0.15;Condition normale pour la saison.
MMA1075;2017-05-15;S01;Z01;A1;11;0.83;0.39;Condition normale pour la saison.
MMA1075;2017-06-15;S01;Z01;A1;11;0.42;0.43;Condition normale pour la saison.
MMA1075;2017-07-15;S01;Z01;A1;11;0.62;0.79;Légère variabilité observée.
MMA1075;2017-08-15;S01;Z01;A1;11;0.45;0.71;Condition normale pour la saison.
MMA1075;2017-09-15;S01;Z01;A1;11;0.61;0.44;Condition normale pour la saison.
MMA1075;2017-10-15;S01;Z01;A1;11;0.34;0.66;Condition normale pour la saison.
MMA1076;2017-05-15;S01;Z01;A1;11;0.09;0.82;Rien à signaler.
MMA1076;2017-06-15;S01;Z01;A1;11;0.46;0.39;Rien à signaler.
MMA1076;2017-07-15;S01;Z01;A1;11;0.61;0.51;Rien à signaler.
MMA1076;2017-08-15;S01;Z01;A1;11;0.25;0.40;Rien à signaler.
MMA1076;2017-09-15;S01;Z01;A1;11;0.80;0.22;Condition normale pour la saison.
MMA1076;2017-10-15;S01;Z01;A1;11;0.51;0.70;Rien à signaler.
MMA1077;2017-05-15;S01;Z01;A1;11;0.64;0.84;Rien à signaler.
MMA1077;2017-06-15;S01;Z01;A1;11;0.45;0.07;Condition normale pour la saison.
MMA1077;2017-07-15;S01;Z01;A1;11;0.59;0.20;Condition normale pour la saison.
MMA1077;2017-08-15;S01;Z01;A1;11;0.23;0.47;Condition normale pour la saison.
MMA1077;2017-09-15;S01;Z01;A1;11;0.12;0.87;Condition normale pour la saison.
MMA1077;2017-10-15;S01;Z01;A1;11;0.26;0.35;Légère variabilité observée.
MMA1078;2017-05-15;S01;Z01;A1;11;0.08;0.30;Légère variabilité observée.
MMA1078;2017-06-15;S01;Z01;A1;11;0.06;0.94;Condition normale pour la saison.
MMA1078;2017-07-15;S01;Z01;A1;11;0.18;0.27;Légère variabilité observée.
MMA1078;2017-08-15;S01;Z01;A1;11;0.21;0.69;Condition normale pour la saison.
MMA1078;2017-09-15;S01;Z01;A1;11;0.30;0.63;Condition normale pour la saison.
MMA1078;2017-10-15;S01;Z01;A1;11;0.31;0.47;Légère variabilité observée.
MMA1079;2017-05-15;S01;Z01;A1;11;0.76;0.27;Condition normale pour la saison.
MMA1079;2017-06-15;S01;Z01;A1;11;0.34;0.13;Condition normale pour la saison.
MMA1079;2017-07-15;S01;Z01;A1;11;0.71;0.92;Légère variabilité observée.
MMA1079;2017-08-15;S01;Z01;A1;11;0.14;0.92;Condition normale pour la saison.
MMA1079;2017-09-15;S01;Z01;A1;11;0.33;0.47;Condition normale pour la saison.
MMA1079;2017-10-15;S01;Z01;A1;11;0.19;0.44;Condition normale pour la saison.
MMA1080;2017-05-15;S01;Z01;A1;11;0.63;0.13;Légère variabilité observée.
MMA1080;2017-06-15;S01;Z01;A1;11;0.54;0.90;Condition normale pour la saison.
MMA1080;2017-07-15;S01;Z01;A1;11;0.71;0.46;Rien à signaler.
MMA1080;2017-08-15;S01;Z01;A1;11;0.69;0.56;Condition normale pour la saison.
MMA1080;2017-09-15;S01;Z01;A1;11;0.63;0.74;Condition normale pour la saison.
MMA1080;2017-10-15;S01;Z01;A1;11;0.16;0.33;Condition normale pour la saison.
MMA1081;2017-05-15;S01;Z01;A1;11;0.85;0.72;Condition normale pour la saison.
MMA1081;2017-06-15;S01;Z01;A1;11;0.71;0.83;Légère variabilité observée.
MMA1081;2017-07-15;S01;Z01;A1;11;0.43;0.76;Condition normale pour la saison.
MMA1081;2017-08-15;S01;Z01;A1;11;0.20;0.44;Condition normale pour la saison.
MMA1081;2017-09-15;S01;Z01;A1;11;0.08;0.91;Condition normale pour la saison.
MMA1081;2017-10-15;S01;Z01;A1;11;0.48;0.32;Condition normale pour la saison.
MMA1082;2017-05-15;S01;Z01;A1;11;0.90;0.54;Condition normale pour la saison.
MMA1082;2017-06-15;S01;Z01;A1;11;0.20;0.72;Condition normale pour la saison.
MMA1082;2017-07-15;S01;Z01;A1;11;0.92;0.94;Légère variabilité observée.
MMA1082;2017-08-15;S01;Z01;A1;11;0.86;0.64;Rien à signaler.
MMA1082;2017-09-15;S01;Z01;A1;11;0.15;0.36;Rien à signaler.
MMA1082;2017-10-15;S01;Z01;A1;11;0.08;0.40;Condition normale pour la saison.
MMA1083;2017-05-15;S01;Z01;A1;11;0.54;0.22;Légère variabilité observée.
MMA1083;2017-06-15;S01;Z01;A1;11;0.46;0.43;Rien à signaler.
MMA1083;2017-07-15;S01;Z01;A1;11;0.27;0.91;Condition normale pour la saison.
MMA1083;2017-08-15;S01;Z01;A1;11;0.89;0.86;Condition normale pour la saison.
MMA1083;2017-09-15;S01;Z01;A1;11;0.20;0.39;Légère variabilité observée.
MMA1083;2017-10-15;S01;Z01;A1;11;0.37;0.13;Condition normale pour la saison.
MMA1084;2017-05-15;S01;Z01;A1;11;0.24;0.53;Rien à signaler.
MMA1084;2017-06-15;S01;Z01;A1;11;0.74;0.24;Rien à signaler.
MMA1084;2017-07-15;S01;Z01;A1;11;0.91;0.79;Condition normale pour la saison.
MMA1084;2017-08-15;S01;Z01;A1;11;0.13;0.30;Rien à signaler.
MMA1084;2017-09-15;S01;Z01;A1;11;0.59;0.78;Légère variabilité observée.
MMA1084;2017-10-15;S01;Z01;A1;11;0.70;0.76;Condition normale pour la saison.
MMA1085;2017-05-15;S01;Z01;A1;11;0.90;0.06;Rien à signaler.
MMA1085;2017-06-15;S01;Z01;A1;11;0.76;0.28;Légère variabilité observée.
MMA1085;2017-07-15;S01;Z01;A1;11;0.24;0.41;Légère variabilité observée.
MMA1085;2017-08-15;S01;Z01;A1;11;0.87;0.33;Rien à signaler.
MMA1085;2017-09-15;S01;Z01;A1;11;0.84;0.55;Condition normale pour la saison.
MMA1085;2017-10-15;S01;Z01;A1;11;0.75;0.41;Légère variabilité observée.
MMA1086;2017-05-15;S01;Z01;A1;11;0.17;0.45;Légère variabilité observée.
MMA1086;2017-06-15;S01;Z01;A1;11;0.49;0.17;Légère variabilité observée.
MMA1086;2017-07-15;S01;Z01;A1;11;0.36;0.08;Légère variabilité observée.
MMA1086;2017-08-15;S01;Z01;A1;11;0.51;0.44;Légère variabilité observée.
MMA1086;2017-09-15;S01;Z01;A1;11;0.30;0.93;Condition normale pour la saison.
MMA1086;2017-10-15;S01;Z01;A1;11;0.27;0.41;Rien à signaler.
MMA1087;2017-05-15;S01;Z01;A1;11;0.70;0.44;Condition normale pour la saison.
MMA1087;2017-06-15;S01;Z01;A1;11;0.73;0.80;Condition normale pour la saison.
MMA1087;2017-07-15;S01;Z01;A1;11;0.88;0.24;Condition normale pour la saison.
MMA1087;2017-08-15;S01;Z01;A1;11;0.58;0.21;Légère variabilité observée.
MMA1087;2017-09-15;S01;Z01;A1;11;0.08;0.72;Condition normale pour la saison.
MMA1087;2017-10-15;S01;Z01;A1;11;0.20;0.95;Rien à signaler.
MMA1088;2017-05-15;S01;Z01;A1;11;0.84;0.44;Légère variabilité observée.
MMA1088;2017-06-15;S01;Z01;A1;11;0.90;0.89;Condition normale pour la saison.
MMA1088;2017-07-15;S01;Z01;A1;11;0.61;0.12;Rien à signaler.
MMA1088;2017-08-15;S01;Z01;A1;11;0.33;0.63;Condition normale pour la saison.
MMA1088;2017-09-15;S01;Z01;A1;11;0.58;0.94;Légère variabilité observée.
MMA1088;2017-10-15;S01;Z01;A1;11;0.81;0.93;Condition normale pour la saison.
MMA1089;2017-05-15;S01;Z01;A1;11;0.40;0.22;Condition normale pour la saison.
MMA1089;2017-06-15;S01;Z01;A1;11;0.80;0.50;Rien à signaler.
MMA1089;2017-07-15;S01;Z01;A1;11;0.33;0.94;Légère variabilité observée.
MMA1089;2017-08-15;S01;Z01;A1;11;0.16;0.90;Légère variabilité observée.
MMA1089;2017-09-15;S01;Z01;A1;11;0.85;0.59;Condition normale pour la saison.
MMA1089;2017-10-15;S01;Z01;A1;11;0.17;0.63;Condition normale pour la saison.
MMA1090;2017-05-15;S01;Z01;A1;11;0.31;0.14;Légère variabilité observée.
MMA1090;2017-06-15;S01;Z01;A1;11;0.21;0.82;Rien à signaler.
MMA1090;2017-07-15;S01;Z01;A1;11;0.05;0.31;Rien à signaler.
MMA1090;2017-08-15;S01;Z01;A1;11;0.62;0.68;Condition normale pour la saison.
MMA1090;2017-09-15;S01;Z01;A1;11;0.21;0.66;Rien à signaler.
MMA1090;2017-10-15;S01;Z01;A1;11;0.91;0.84;Condition normale pour la saison.
MMA1091;2017-05-15;S01;Z01;A1;11;0.65;0.18;Légère variabilité observée.
MMA1091;2017-06-15;S01;Z01;A1;11;0.75;0.84;Légère variabilité observée.
MMA1091;2017-07-15;S01;Z01;A1;11;0.67;0.82;Rien à signaler.
MMA1091;2017-08-15;S01;Z01;A1;11;0.50;0.07;Légère variabilité observée.
MMA1091;2017-09-15;S01;Z01;A1;11;0.54;0.25;Condition normale pour la saison.
MMA1091;2017-10-15;S01;Z01;A1;11;0.62;0.06;Légère variabilité observée.
MMA1092;2017-05-15;S01;Z01;A1;11;0.91;0.44;Rien à signaler.
MMA1092;2017-06-15;S01;Z01;A1;11;0.52;0.28;Condition normale pour la saison.
MMA1092;2017-07-15;S01;Z01;A1;11;0.48;0.30;Condition normale pour la saison.
MMA1092;2017-08-15;S01;Z01;A1;11;0.28;0.72;Légère variabilité observée.
MMA1092;2017-09-15;S01;Z01;A1;11;0.84;0.39;Condition normale pour la saison.
MMA1092;2017-10-15;S01;Z01;A1;11;0.89;0.22;Rien à signaler.
MMA1093;2017-05-15;S01;Z01;A1;11;0.74;0.39;Condition normale pour la saison.
MMA1093;2017-06-15;S01;Z01;A1;11;0.34;0.70;Rien à signaler.
MMA1093;2017-07-15;S01;Z01;A1;11;0.32;0.82;Légère variabilité observée.
MMA1093;2017-08-15;S01;Z01;A1;11;0.76;0.25;Condition normale pour la saison.
MMA1093;2017-09-15;S01;Z01;A1;11;0.66;0.51;Légère variabilité observée.
MMA1093;2017-10-15;S01;Z01;A1;11;0.91;0.65;Condition normale pour la saison.
MMA1094;2017-05-15;S01;Z01;A1;11;0.83;0.67;Condition normale pour la saison.
MMA1094;2017-06-15;S01;Z01;A1;11;0.56;0.64;Légère variabilité observée.
MMA1094;2017-07-15;S01;Z01;A1;11;0.86;0.50;Rien à signaler.
MMA1094;2017-08-15;S01;Z01;A1;11;0.22;0.80;Légère variabilité observée.
MMA1094;2017-09-15;S01;Z01;A1;11;0.32;0.95;Rien à signaler.
MMA1094;2017-10-15;S01;Z01;A1;11;0.68;0.69;Condition normale pour la saison.
MMA1095;2017-05-15;S01;Z01;A1;11;0.28;0.54;Condition normale pour la saison.
MMA1095;2017-06-15;S01;Z01;A1;11;0.59;0.26;Condition normale pour la saison.
MMA1095;2017-07-15;S01;Z01;A1;11;0.31;0.90;Rien à signaler.
MMA1095;2017-08-15;S01;Z01;A1;11;0.43;0.92;Légère variabilité observée.
MMA1095;2017-09-15;S01;Z01;A1;11;0.08;0.22;Condition normale pour la saison.
MMA1095;2017-10-15;S01;Z01;A1;11;0.63;0.77;Condition normale pour la saison.
MMA1096;2017-05-15;S01;Z01;A1;11;0.40;0.28;Condition normale pour la saison.
MMA1096;2017-06-15;S01;Z01;A1;11;0.15;0.82;Condition normale pour la saison.
MMA1096;2017-07-15;S01;Z01;A1;11;0.87;0.38;Condition normale pour la saison.
MMA1096;2017-08-15;S01;Z01;A1;11;0.43;0.52;Condition normale pour la saison.
MMA1096;2017-09-15;S01;Z01;A1;11;0.19;0.46;Condition normale pour la saison.
MMA1096;2017-10-15;S01;Z01;A1;11;0.21;0.06;Condition normale pour la saison.
MMA1097;2017-05-15;S01;Z01;A1;11;0.16;0.25;Condition normale pour la saison.
MMA1097;2017-06-15;S01;Z01;A1;11;0.46;0.48;Rien à signaler.
MMA1097;2017-07-15;S01;Z01;A1;11;0.46;0.49;Rien à signaler.
MMA1097;2017-08-15;S01;Z01;A1;11;0.64;0.13;Condition normale pour la saison.
MMA1097;2017-09-15;S01;Z01;A1;11;0.56;0.26;Rien à signaler.
MMA1097;2017-10-15;S01;Z01;A1;11;0.54;0.80;Légère variabilité observée.
MMA1098;2017-05-15;S01;Z01;A1;11;0.76;0.58;Condition normale pour la saison.
MMA1098;2017-06-15;S01;Z01;A1;11;0.59;0.68;Condition normale pour la saison.
MMA1098;2017-07-15;S01;Z01;A1;11;0.20;0.55;Légère variabilité observée.
MMA1098;2017-08-15;S01;Z01;A1;11;0.64;0.23;Condition normale pour la saison.
MMA1098;2017-09-15;S01;Z01;A1;11;0.25;0.19;Rien à signaler.
MMA1098;2017-10-15;S01;Z01;A1;11;0.66;0.53;Rien à signaler.
MMA1099;2017-05-15;S01;Z01;A1;11;0.73;0.93;Condition normale pour la saison.
MMA1099;2017-06-15;S01;Z01;A1;11;0.74;0.64;Condition normale pour la saison.
MMA1099;2017-07-15;S01;Z01;A1;11;0.10;0.27;Légère variabilité observée.
MMA1099;2017-08-15;S01;Z01;A1;11;0.67;0.28;Condition normale pour la saison.
MMA1099;2017-09-15;S01;Z01;A1;11;0.19;0.13;Condition normale pour la saison.
MMA1099;2017-10-15;S01;Z01;A1;11;0.13;0.48;Condition normale pour la saison.
MMA1100;2017-05-15;S01;Z01;A1;11;0.86;0.14;Condition normale pour la saison.
MMA1100;2017-06-15;S01;Z01;A1;11;0.40;0.65;Condition normale pour la saison.
MMA1100;2017-07-15;S01;Z01;A1;11;0.49;0.56;Rien à signaler.
MMA1100;2017-08-15;S01;Z01;A1;11;0.74;0.53;Condition normale pour la saison.
MMA1100;2017-09-15;S01;Z01;A1;11;0.19;0.32;Légère variabilité observée.
MMA1100;2017-10-15;S01;Z01;A1;11;0.53;0.73;Légère variabilité observée.
MMA2001;2017-05-15;S01;Z01;A2;11;0.61;0.19;Condition normale pour la saison.
MMA2001;2017-06-15;S01;Z01;A2;11;0.92;0.65;Condition normale pour la saison.
MMA2001;2017-07-15;S01;Z01;A2;11;0.60;0.81;Légère variabilité observée.
MMA2001;2017-08-15;S01;Z01;A2;11;0.35;0.63;Condition normale pour la saison.
MMA2001;2017-09-15;S01;Z01;A2;11;0.59;0.92;Rien à signaler.
MMA2001;2017-10-15;S01;Z01;A2;11;0.13;0.28;Condition normale pour la saison.
MMA2002;2017-05-15;S01;Z01;A2;11;0.73;0.79;Légère variabilité observée.
MMA2002;2017-06-15;S01;Z01;A2;11;0.75;0.29;Condition normale pour la saison.
MMA2002;2017-07-15;S01;Z01;A2;11;0.84;0.12;Légère variabilité observée.
MMA2002;2017-08-15;S01;Z01;A2;11;0.34;0.29;Légère variabilité observée.
MMA2002;2017-09-15;S01;Z01;A2;11;0.78;0.66;Légère variabilité observée.
MMA2002;2017-10-15;S01;Z01;A2;11;0.56;0.77;Condition normale pour la saison.
MMA2003;2017-05-15;S01;Z01;A2;11;0.26;0.24;Légère variabilité observée.
MMA2003;2017-06-15;S01;Z01;A2;11;0.37;0.69;Légère variabilité observée.
MMA2003;2017-07-15;S01;Z01;A2;11;0.76;0.26;Condition normale pour la saison.
MMA2003;2017-08-15;S01;Z01;A2;11;0.50;0.87;Condition normale pour la saison.
MMA2003;2017-09-15;S01;Z01;A2;11;0.87;0.57;Condition normale pour la saison.
MMA2003;2017-10-15;S01;Z01;A2;11;0.90;0.70;Condition normale pour la saison.
MMA2004;2017-05-15;S01;Z01;A2;11;0.59;0.18;Condition normale pour la saison.
MMA2004;2017-06-15;S01;Z01;A2;11;0.73;0.69;Légère variabilité observée.
MMA2004;2017-07-15;S01;Z01;A2;11;0.83;0.61;Rien à signaler.
MMA2004;2017-08-15;S01;Z01;A2;11;0.60;0.61;Condition normale pour la saison.
MMA2004;2017-09-15;S01;Z01;A2;11;0.08;0.56;Rien à signaler.
MMA2004;2017-10-15;S01;Z01;A2;11;0.49;0.86;Condition normale pour la saison.
MMA2005;2017-05-15;S01;Z01;A2;11;0.22;0.86;Rien à signaler.
MMA2005;2017-06-15;S01;Z01;A2;11;0.67;0.50;Rien à signaler.
MMA2005;2017-07-15;S01;Z01;A2;11;0.12;0.71;Condition normale pour la saison.
MMA2005;2017-08-15;S01;Z01;A2;11;0.73;0.60;Condition normale pour la saison.
MMA2005;2017-09-15;S01;Z01;A2;11;0.41;0.51;Légère variabilité observée.
MMA2005;2017-10-15;S01;Z01;A2;11;0.50;0.85;Légère variabilité observée.
MMA2006;2017-05-15;S01;Z01;A2;11;0.46;0.90;Légère variabilité observée.
MMA2006;2017-06-15;S01;Z01;A2;11;0.43;0.92;Condition normale pour la saison.
MMA2006;2017-07-15;S01;Z01;A2;11;0.42;0.90;Légère variabilité observée.
MMA2006;2017-08-15;S01;Z01;A2;11;0.87;0.93;Condition normale pour la saison.
MMA2006;2017-09-15;S01;Z01;A2;11;0.94;0.55;Condition normale pour la saison.
MMA2006;2017-10-15;S01;Z01;A2;11;0.51;0.14;Condition normale pour la saison.
MMA2007;2017-05-15;S01;Z01;A2;11;0.39;0.20;Condition normale pour la saison.
MMA2007;2017-06-15;S01;Z01;A2;11;0.45;0.63;Condition normale pour la saison.
MMA2007;2017-07-15;S01;Z01;A2;11;0.48;0.59;Rien à signaler.
MMA2007;2017-08-15;S01;Z01;A2;11;0.74;0.09;Rien à signaler.
MMA2007;2017-09-15;S01;Z01;A2;11;0.91;0.14;Légère variabilité observée.
MMA2007;2017-10-15;S01;Z01;A2;11;0.84;0.53;Condition normale pour la saison.
MMA2008;2017-05-15;S01;Z01;A2;11;0.37;0.33;Condition normale pour la saison.
MMA2008;2017-06-15;S01;Z01;A2;11;0.58;0.70;Condition normale pour la saison.
MMA2008;2017-07-15;S01;Z01;A2;11;0.93;0.35;Condition normale pour la saison.
MMA2008;2017-08-15;S01;Z01;A2;11;0.93;0.36;Rien à signaler.
MMA2008;2017-09-15;S01;Z01;A2;11;0.42;0.70;Légère variabilité observée.
MMA2008;2017-10-15;S01;Z01;A2;11;0.39;0.68;Légère variabilité observée.
MMA2009;2017-05-15;S01;Z01;A2;11;0.79;0.68;Légère variabilité observée.
MMA2009;2017-06-15;S01;Z01;A2;11;0.52;0.31;Légère variabilité observée.
MMA2009;2017-07-15;S01;Z01;A2;11;0.59;0.39;Condition normale pour la saison.
MMA2009;2017-08-15;S01;Z01;A2;11;0.32;0.43;Condition normale pour la saison.
MMA2009;2017-09-15;S01;Z01;A2;11;0.13;0.13;Rien à signaler.
MMA2009;2017-10-15;S01;Z01;A2;11;0.56;0.77;Légère variabilité observée.
MMA2010;2017-05-15;S01;Z01;A2;11;0.70;0.20;Condition normale pour la saison.
MMA2010;2017-06-15;S01;Z01;A2;11;0.47;0.47;Légère variabilité observée.
MMA2010;2017-07-15;S01;Z01;A2;11;0.19;0.79;Légère variabilité observée.
MMA2010;2017-08-15;S01;Z01;A2;11;0.36;0.15;Condition normale pour la saison.
MMA2010;2017-09-15;S01;Z01;A2;11;0.41;0.95;Légère variabilité observée.
MMA2010;2017-10-15;S01;Z01;A2;11;0.70;0.70;Condition normale pour la saison.
MMA2011;2017-05-15;S01;Z01;A2;11;0.87;0.34;Condition normale pour la saison.
MMA2011;2017-06-15;S01;Z01;A2;11;0.61;0.59;Condition normale pour la saison.
MMA2011;2017-07-15;S01;Z01;A2;11;0.87;0.70;Légère variabilité observée.
MMA2011;2017-08-15;S01;Z01;A2;11;0.41;0.36;Condition normale pour la saison.
MMA2011;2017-09-15;S01;Z01;A2;11;0.71;0.73;Rien à signaler.
MMA2011;2017-10-15;S01;Z01;A2;11;0.40;0.91;Légère variabilité observée.
MMA2012;2017-05-15;S01;Z01;A2;11;0.80;0.87;Légère variabilité observée.
MMA2012;2017-06-15;S01;Z01;A2;11;0.16;0.82;Condition normale pour la saison.
MMA2012;2017-07-15;S01;Z01;A2;11;0.13;0.43;Condition normale pour la saison.
MMA2012;2017-08-15;S01;Z01;A2;11;0.47;0.78;Condition normale pour la saison.
MMA2012;2017-09-15;S01;Z01;A2;11;0.05;0.85;Condition normale pour la saison.
MMA2012;2017-10-15;S01;Z01;A2;11;0.86;0.06;Rien à signaler.
MMA2013;2017-05-15;S01;Z01;A2;11;0.40;0.95;Légère variabilité observée.
MMA2013;2017-06-15;S01;Z01;A2;11;0.26;0.41;Condition normale pour la saison.
MMA2013;2017-07-15;S01;Z01;A2;11;0.32;0.46;Légère variabilité observée.
MMA2013;2017-08-15;S01;Z01;A2;11;0.92;0.39;Rien à signaler.
MMA2013;2017-09-15;S01;Z01;A2;11;0.43;0.93;Rien à signaler.
MMA2013;2017-10-15;S01;Z01;A2;11;0.66;0.84;Condition normale pour la saison.
MMA2014;2017-05-15;S01;Z01;A2;11;0.58;0.57;Légère variabilité observée.
MMA2014;2017-06-15;S01;Z01;A2;11;0.45;0.56;Condition normale pour la saison.
MMA2014;2017-07-15;S01;Z01;A2;11;0.67;0.78;Condition normale pour la saison.
MMA2014;2017-08-15;S01;Z01;A2;11;0.20;0.54;Légère variabilité observée.
MMA2014;2017-09-15;S01;Z01;A2;11;0.92;0.15;Rien à signaler.
MMA2014;2017-10-15;S01;Z01;A2;11;0.55;0.23;Légère variabilité observée.
MMA2015;2017-05-15;S01;Z01;A2;11;0.51;0.79;Condition normale pour la saison.
MMA2015;2017-06-15;S01;Z01;A2;11;0.54;0.26;Rien à signaler.
MMA2015;2017-07-15;S01;Z01;A2;11;0.75;0.12;Légère variabilité observée.
MMA2015;2017-08-15;S01;Z01;A2;11;0.88;0.17;Rien à signaler.
MMA2015;2017-09-15;S01;Z01;A2;11;0.94;0.06;Rien à signaler.
MMA2015;2017-10-15;S01;Z01;A2;11;0.89;0.74;Légère variabilité observée.
MMA2016;2017-05-15;S01;Z01;A2;11;0.13;0.56;Rien à signaler.
MMA2016;2017-06-15;S01;Z01;A2;11;0.11;0.83;Condition normale pour la saison.
MMA2016;2017-07-15;S01;Z01;A2;11;0.11;0.82;Rien à signaler.
MMA2016;2017-08-15;S01;Z01;A2;11;0.08;0.17;Légère variabilité observée.
MMA2016;2017-09-15;S01;Z01;A2;11;0.43;0.51;Rien à signaler.
MMA2016;2017-10-15;S01;Z01;A2;11;0.91;0.24;Condition normale pour la saison.
MMA2017;2017-05-15;S01;Z01;A2;11;0.20;0.71;Rien à signaler.
MMA2017;2017-06-15;S01;Z01;A2;11;0.65;0.20;Condition normale pour la saison.
MMA2017;2017-07-15;S01;Z01;A2;11;0.35;0.50;Légère variabilité observée.
MMA2017;2017-08-15;S01;Z01;A2;11;0.33;0.87;Condition normale pour la saison.
MMA2017;2017-09-15;S01;Z01;A2;11;0.67;0.18;Légère variabilité observée.
MMA2017;2017-10-15;S01;Z01;A2;11;0.37;0.37;Condition normale pour la saison.
MMA2018;2017-05-15;S01;Z01;A2;11;0.07;0.53;Condition normale pour la saison.
MMA2018;2017-06-15;S01;Z01;A2;11;0.89;0.94;Condition normale pour la saison.
MMA2018;2017-07-15;S01;Z01;A2;11;0.09;0.42;Condition normale pour la saison.
MMA2018;2017-08-15;S01;Z01;A2;11;0.21;0.12;Légère variabilité observée.
MMA2018;2017-09-15;S01;Z01;A2;11;0.35;0.35;Légère variabilité observée.
MMA2018;2017-10-15;S01;Z01;A2;11;0.39;0.23;Rien à signaler.
MMA2019;2017-05-15;S01;Z01;A2;11;0.43;0.12;Condition normale pour la saison.
MMA2019;2017-06-15;S01;Z01;A2;11;0.08;0.33;Rien à signaler.
MMA2019;2017-07-15;S01;Z01;A2;11;0.72;0.84;Condition normale pour la saison.
MMA2019;2017-08-15;S01;Z01;A2;11;0.80;0.05;Légère variabilité observée.
MMA2019;2017-09-15;S01;Z01;A2;11;0.41;0.45;Condition normale pour la saison.
MMA2019;2017-10-15;S01;Z01;A2;11;0.11;0.51;Condition normale pour la saison.
MMA2020;2017-05-15;S01;Z01;A2;11;0.35;0.64;Condition normale pour la saison.
MMA2020;2017-06-15;S01;Z01;A2;11;0.40;0.24;Condition normale pour la saison.
MMA2020;2017-07-15;S01;Z01;A2;11;0.10;0.57;Légère variabilité observée.
MMA2020;2017-08-15;S01;Z01;A2;11;0.26;0.44;Condition normale pour la saison.
MMA2020;2017-09-15;S01;Z01;A2;11;0.49;0.64;Rien à signaler.
MMA2020;2017-10-15;S01;Z01;A2;11;0.31;0.51;Légère variabilité observée.
MMA2021;2017-05-15;S01;Z01;A2;11;0.13;0.63;Condition normale pour la saison.
MMA2021;2017-06-15;S01;Z01;A2;11;0.79;0.10;Condition normale pour la saison.
MMA2021;2017-07-15;S01;Z01;A2;11;0.74;0.83;Légère variabilité observée.
MMA2021;2017-08-15;S01;Z01;A2;11;0.24;0.72;Rien à signaler.
MMA2021;2017-09-15;S01;Z01;A2;11;0.21;0.55;Légère variabilité observée.
MMA2021;2017-10-15;S01;Z01;A2;11;0.54;0.54;Légère variabilité observée.
MMA2022;2017-05-15;S01;Z01;A2;11;0.07;0.19;Légère variabilité observée.
MMA2022;2017-06-15;S01;Z01;A2;11;0.91;0.38;Condition normale pour la saison.
MMA2022;2017-07-15;S01;Z01;A2;11;0.67;0.05;Rien à signaler.
MMA2022;2017-08-15;S01;Z01;A2;11;0.57;0.15;Légère variabilité observée.
MMA2022;2017-09-15;S01;Z01;A2;11;0.65;0.39;Rien à signaler.
MMA2022;2017-10-15;S01;Z01;A2;11;0.78;0.20;Condition normale pour la saison.
MMA2023;2017-05-15;S01;Z01;A2;11;0.39;0.79;Condition normale pour la saison.
MMA2023;2017-06-15;S01;Z01;A2;11;0.54;0.11;Rien à signaler.
MMA2023;2017-07-15;S01;Z01;A2;11;0.30;0.80;Rien à signaler.
MMA2023;2017-08-15;S01;Z01;A2;11;0.56;0.64;Condition normale pour la saison.
MMA2023;2017-09-15;S01;Z01;A2;11;0.92;0.57;Condition normale pour la saison.
MMA2023;2017-10-15;S01;Z01;A2;11;0.60;0.12;Condition normale pour la saison.
MMA2024;2017-05-15;S01;Z01;A2;11;0.57;0.84;Légère variabilité observée.
MMA2024;2017-06-15;S01;Z01;A2;11;0.24;0.44;Légère variabilité observée.
MMA2024;2017-07-15;S01;Z01;A2;11;0.81;0.26;Rien à signaler.
MMA2024;2017-08-15;S01;Z01;A2;11;0.14;0.87;Condition normale pour la saison.
MMA2024;2017-09-15;S01;Z01;A2;11;0.35;0.25;Condition normale pour la saison.
MMA2024;2017-10-15;S01;Z01;A2;11;0.09;0.35;Condition normale pour la saison.
MMA2025;2017-05-15;S01;Z01;A2;11;0.60;0.11;Légère variabilité observée.
MMA2025;2017-06-15;S01;Z01;A2;11;0.59;0.81;Condition normale pour la saison.
MMA2025;2017-07-15;S01;Z01;A2;11;0.95;0.53;Rien à signaler.
MMA2025;2017-08-15;S01;Z01;A2;11;0.65;0.55;Rien à signaler.
MMA2025;2017-09-15;S01;Z01;A2;11;0.50;0.85;Rien à signaler.
MMA2025;2017-10-15;S01;Z01;A2;11;0.55;0.19;Condition normale pour la saison.
MMA2026;2017-05-15;S01;Z01;A2;11;0.20;0.33;Condition normale pour la saison.
MMA2026;2017-06-15;S01;Z01;A2;11;0.84;0.25;Condition normale pour la saison.
MMA2026;2017-07-15;S01;Z01;A2;11;0.83;0.42;Condition normale pour la saison.
MMA2026;2017-08-15;S01;Z01;A2;11;0.49;0.88;Condition normale pour la saison.
MMA2026;2017-09-15;S01;Z01;A2;11;0.16;0.53;Légère variabilité observée.
MMA2026;2017-10-15;S01;Z01;A2;11;0.88;0.42;Légère variabilité observée.
MMA2027;2017-05-15;S01;Z01;A2;11;0.84;0.05;Légère variabilité observée.
MMA2027;2017-06-15;S01;Z01;A2;11;0.95;0.78;Rien à signaler.
MMA2027;2017-07-15;S01;Z01;A2;11;0.83;0.10;Condition normale pour la saison.
MMA2027;2017-08-15;S01;Z01;A2;11;0.61;0.45;Légère variabilité observée.
MMA2027;2017-09-15;S01;Z01;A2;11;0.78;0.92;Condition normale pour la saison.
MMA2027;2017-10-15;S01;Z01;A2;11;0.11;0.47;Légère variabilité observée.
MMA2028;2017-05-15;S01;Z01;A2;11;0.14;0.43;Condition normale pour la saison.
MMA2028;2017-06-15;S01;Z01;A2;11;0.67;0.38;Légère variabilité observée.
MMA2028;2017-07-15;S01;Z01;A2;11;0.26;0.32;Légère variabilité observée.
MMA2028;2017-08-15;S01;Z01;A2;11;0.71;0.40;Rien à signaler.
MMA2028;2017-09-15;S01;Z01;A2;11;0.34;0.72;Condition normale pour la saison.
MMA2028;2017-10-15;S01;Z01;A2;11;0.21;0.25;Condition normale pour la saison.
MMA2029;2017-05-15;S01;Z01;A2;11;0.67;0.77;Condition normale pour la saison.
MMA2029;2017-06-15;S01;Z01;A2;11;0.79;0.65;Condition normale pour la saison.
MMA2029;2017-07-15;S01;Z01;A2;11;0.34;0.13;Condition normale pour la saison.
MMA2029;2017-08-15;S01;Z01;A2;11;0.82;0.29;Condition normale pour la saison.
MMA2029;2017-09-15;S01;Z01;A2;11;0.85;0.43;Légère variabilité observée.
MMA2029;2017-10-15;S01;Z01;A2;11;0.35;0.24;Condition normale pour la saison.
MMA2030;2017-05-15;S01;Z01;A2;11;0.75;0.33;Légère variabilité observée.
MMA2030;2017-06-15;S01;Z01;A2;11;0.46;0.87;Légère variabilité observée.
MMA2030;2017-07-15;S01;Z01;A2;11;0.86;0.31;Légère variabilité observée.
MMA2030;2017-08-15;S01;Z01;A2;11;0.37;0.65;Condition normale pour la saison.
MMA2030;2017-09-15;S01;Z01;A2;11;0.24;0.09;Condition normale pour la saison.
MMA2030;2017-10-15;S01;Z01;A2;11;0.94;0.20;Condition normale pour la saison.
MMA2031;2017-05-15;S01;Z01;A2;11;0.16;0.36;Légère variabilité observée.
MMA2031;2017-06-15;S01;Z01;A2;11;0.63;0.53;Rien à signaler.
MMA2031;2017-07-15;S01;Z01;A2;11;0.66;0.73;Rien à signaler.
MMA2031;2017-08-15;S01;Z01;A2;11;0.44;0.15;Condition normale pour la saison.
MMA2031;2017-09-15;S01;Z01;A2;11;0.17;0.78;Légère variabilité observée.
MMA2031;2017-10-15;S01;Z01;A2;11;0.25;0.45;Condition normale pour la saison.
MMA2032;2017-05-15;S01;Z01;A2;11;0.32;0.07;Légère variabilité observée.
MMA2032;2017-06-15;S01;Z01;A2;11;0.24;0.83;Condition normale pour la saison.
MMA2032;2017-07-15;S01;Z01;A2;11;0.12;0.24;Condition normale pour la saison.
MMA2032;2017-08-15;S01;Z01;A2;11;0.84;0.44;Légère variabilité observée.
MMA2032;2017-09-15;S01;Z01;A2;11;0.23;0.85;Condition normale pour la saison.
MMA2032;2017-10-15;S01;Z01;A2;11;0.18;0.23;Condition normale pour la saison.
MMA2033;2017-05-15;S01;Z01;A2;11;0.16;0.09;Condition normale pour la saison.
MMA2033;2017-06-15;S01;Z01;A2;11;0.92;0.17;Légère variabilité observée.
MMA2033;2017-07-15;S01;Z01;A2;11;0.28;0.08;Condition normale pour la saison.
MMA2033;2017-08-15;S01;Z01;A2;11;0.83;0.68;Légère variabilité observée.
MMA2033;2017-09-15;S01;Z01;A2;11;0.87;0.76;Condition normale pour la saison.
MMA2033;2017-10-15;S01;Z01;A2;11;0.79;0.08;Condition normale pour la saison.
MMA2034;2017-05-15;S01;Z01;A2;11;0.63;0.65;Condition normale pour la saison.
MMA2034;2017-06-15;S01;Z01;A2;11;0.36;0.57;Condition normale pour la saison.
MMA2034;2017-07-15;S01;Z01;A2;11;0.11;0.67;Rien à signaler.
MMA2034;2017-08-15;S01;Z01;A2;11;0.11;0.75;Condition normale pour la saison.
MMA2034;2017-09-15;S01;Z01;A2;11;0.79;0.93;Condition normale pour la saison.
MMA2034;2017-10-15;S01;Z01;A2;11;0.83;0.22;Condition normale pour la saison.
MMA2035;2017-05-15;S01;Z01;A2;11;0.78;0.82;Condition normale pour la saison.
MMA2035;2017-06-15;S01;Z01;A2;11;0.67;0.15;Rien à signaler.
MMA2035;2017-07-15;S01;Z01;A2;11;0.54;0.74;Condition normale pour la saison.
MMA2035;2017-08-15;S01;Z01;A2;11;0.52;0.27;Condition normale pour la saison.
MMA2035;2017-09-15;S01;Z01;A2;11;0.31;0.36;Condition normale pour la saison.
MMA2035;2017-10-15;S01;Z01;A2;11;0.18;0.79;Légère variabilité observée.
MMA2036;2017-05-15;S01;Z01;A2;11;0.83;0.65;Légère variabilité observée.
MMA2036;2017-06-15;S01;Z01;A2;11;0.07;0.19;Condition normale pour la saison.
MMA2036;2017-07-15;S01;Z01;A2;11;0.73;0.10;Rien à signaler.
MMA2036;2017-08-15;S01;Z01;A2;11;0.38;0.71;Condition normale pour la saison.
MMA2036;2017-09-15;S01;Z01;A2;11;0.88;0.70;Condition normale pour la saison.
MMA2036;2017-10-15;S01;Z01;A2;11;0.88;0.82;Condition normale pour la saison.
MMA2037;2017-05-15;S01;Z01;A2;11;0.05;0.91;Condition normale pour la saison.
MMA2037;2017-06-15;S01;Z01;A2;11;0.24;0.27;Condition normale pour la saison.
MMA2037;2017-07-15;S01;Z01;A2;11;0.71;0.12;Condition normale pour la saison.
MMA2037;2017-08-15;S01;Z01;A2;11;0.69;0.11;Légère variabilité observée.
MMA2037;2017-09-15;S01;Z01;A2;11;0.40;0.09;Condition normale pour la saison.
MMA2037;2017-10-15;S01;Z01;A2;11;0.71;0.35;Rien à signaler.
MMA2038;2017-05-15;S01;Z01;A2;11;0.81;0.49;Légère variabilité observée.
MMA2038;2017-06-15;S01;Z01;A2;11;0.36;0.29;Légère variabilité observée.
MMA2038;2017-07-15;S01;Z01;A2;11;0.07;0.16;Condition normale pour la saison.
MMA2038;2017-08-15;S01;Z01;A2;11;0.27;0.51;Rien à signaler.
MMA2038;2017-09-15;S01;Z01;A2;11;0.21;0.63;Condition normale pour la saison.
MMA2038;2017-10-15;S01;Z01;A2;11;0.19;0.69;Condition normale pour la saison.
MMA2039;2017-05-15;S01;Z01;A2;11;0.94;0.34;Condition normale pour la saison.
MMA2039;2017-06-15;S01;Z01;A2;11;0.81;0.06;Rien à signaler.
MMA2039;2017-07-15;S01;Z01;A2;11;0.26;0.82;Condition normale pour la saison.
MMA2039;2017-08-15;S01;Z01;A2;11;0.73;0.82;Condition normale pour la saison.
MMA2039;2017-09-15;S01;Z01;A2;11;0.52;0.22;Condition normale pour la saison.
MMA2039;2017-10-15;S01;Z01;A2;11;0.68;0.06;Condition normale pour la saison.
MMA2040;2017-05-15;S01;Z01;A2;11;0.44;0.40;Condition normale pour la saison.
MMA2040;2017-06-15;S01;Z01;A2;11;0.20;0.09;Condition normale pour la saison.
MMA2040;2017-07-15;S01;Z01;A2;11;0.89;0.22;Condition normale pour la saison.
MMA2040;2017-08-15;S01;Z01;A2;11;0.44;0.35;Légère variabilité observée.
MMA2040;2017-09-15;S01;Z01;A2;11;0.53;0.58;Condition normale pour la saison.
MMA2040;2017-10-15;S01;Z01;A2;11;0.25;0.64;Condition normale pour la saison.
MMA2041;2017-05-15;S01;Z01;A2;11;0.18;0.45;Légère variabilité observée.
MMA2041;2017-06-15;S01;Z01;A2;11;0.27;0.12;Condition normale pour la saison.
MMA2041;2017-07-15;S01;Z01;A2;11;0.38;0.27;Condition normale pour la saison.
MMA2041;2017-08-15;S01;Z01;A2;11;0.38;0.39;Légère variabilité observée.
MMA2041;2017-09-15;S01;Z01;A2;11;0.08;0.62;Rien à signaler.
MMA2041;2017-10-15;S01;Z01;A2;11;0.80;0.61;Rien à signaler.
MMA2042;2017-05-15;S01;Z01;A2;11;0.14;0.92;Légère variabilité observée.
MMA2042;2017-06-15;S01;Z01;A2;11;0.46;0.42;Rien à signaler.
MMA2042;2017-07-15;S01;Z01;A2;11;0.17;0.08;Condition normale pour la saison.
MMA2042;2017-08-15;S01;Z01;A2;11;0.57;0.89;Légère variabilité observée.
MMA2042;2017-09-15;S01;Z01;A2;11;0.13;0.42;Condition normale pour la saison.
MMA2042;2017-10-15;S01;Z01;A2;11;0.27;0.19;Légère variabilité observée.
MMA2043;2017-05-15;S01;Z01;A2;11;0.19;0.43;Rien à signaler.
MMA2043;2017-06-15;S01;Z01;A2;11;0.29;0.92;Condition normale pour la saison.
MMA2043;2017-07-15;S01;Z01;A2;11;0.44;0.77;Rien à signaler.
MMA2043;2017-08-15;S01;Z01;A2;11;0.20;0.38;Condition normale pour la saison.
MMA2043;2017-09-15;S01;Z01;A2;11;0.80;0.86;Légère variabilité observée.
MMA2043;2017-10-15;S01;Z01;A2;11;0.77;0.53;Légère variabilité observée.
MMA2044;2017-05-15;S01;Z01;A2;11;0.08;0.68;Légère variabilité observée.
MMA2044;2017-07-15;S01;Z01;A2;11;0.74;0.13;Condition normale pour la saison.
MMA2044;2017-08-15;S01;Z01;A2;11;0.11;0.46;Condition normale pour la saison.
MMA2044;2017-09-15;S01;Z01;A2;11;0.61;0.18;Rien à signaler.
MMA2044;2017-10-15;S01;Z01;A2;11;0.39;0.84;Rien à signaler.
MMA2045;2017-05-15;S01;Z01;A2;11;0.80;0.87;Rien à signaler.
MMA2045;2017-06-15;S01;Z01;A2;11;0.17;0.44;Condition normale pour la saison.
MMA2045;2017-07-15;S01;Z01;A2;11;0.48;0.94;Légère variabilité observée.
MMA2045;2017-08-15;S01;Z01;A2;11;0.07;0.70;Condition normale pour la saison.
MMA2045;2017-09-15;S01;Z01;A2;11;0.23;0.29;Rien à signaler.
MMA2045;2017-10-15;S01;Z01;A2;11;0.67;0.16;Condition normale pour la saison.
MMA2046;2017-05-15;S01;Z01;A2;11;0.10;0.73;Condition normale pour la saison.
MMA2046;2017-06-15;S01;Z01;A2;11;0.20;0.44;Condition normale pour la saison.
MMA2046;2017-07-15;S01;Z01;A2;11;0.12;0.18;Légère variabilité observée.
MMA2046;2017-08-15;S01;Z01;A2;11;0.34;0.27;Condition normale pour la saison.
MMA2046;2017-09-15;S01;Z01;A2;11;0.32;0.50;Condition normale pour la saison.
MMA2046;2017-10-15;S01;Z01;A2;11;0.63;0.58;Rien à signaler.
MMA2047;2017-05-15;S01;Z01;A2;11;0.33;0.70;Condition normale pour la saison.
MMA2047;2017-06-15;S01;Z01;A2;11;0.24;0.92;Légère variabilité observée.
MMA2047;2017-07-15;S01;Z01;A2;11;0.75;0.66;Rien à signaler.
MMA2047;2017-08-15;S01;Z01;A2;11;0.20;0.53;Condition normale pour la saison.
MMA2047;2017-09-15;S01;Z01;A2;11;0.21;0.15;Condition normale pour la saison.
MMA2047;2017-10-15;S01;Z01;A2;11;0.36;0.13;Condition normale pour la saison.
MMA2048;2017-05-15;S01;Z01;A2;11;0.10;0.95;Rien à signaler.
MMA2048;2017-06-15;S01;Z01;A2;11;0.53;0.62;Légère variabilité observée.
MMA2048;2017-07-15;S01;Z01;A2;11;0.68;0.12;Rien à signaler.
MMA2048;2017-08-15;S01;Z01;A2;11;0.90;0.91;Légère variabilité observée.
MMA2048;2017-09-15;S01;Z01;A2;11;0.32;0.56;Condition normale pour la saison.
MMA2048;2017-10-15;S01;Z01;A2;11;0.83;0.55;Condition normale pour la saison.
MMA2049;2017-05-15;S01;Z01;A2;11;0.89;0.85;Légère variabilité observée.
MMA2049;2017-06-15;S01;Z01;A2;11;0.47;0.50;Légère variabilité observée.
MMA2049;2017-07-15;S01;Z01;A2;11;0.22;0.70;Rien à signaler.
MMA2049;2017-08-15;S01;Z01;A2;11;0.57;0.65;Rien à signaler.
MMA2049;2017-09-15;S01;Z01;A2;11;0.59;0.56;Rien à signaler.
MMA2049;2017-10-15;S01;Z01;A2;11;0.34;0.65;Rien à signaler.
MMA2050;2017-05-15;S01;Z01;A2;11;0.26;0.93;Légère variabilité observée.
MMA2050;2017-06-15;S01;Z01;A2;11;0.82;0.44;Légère variabilité observée.
MMA2050;2017-07-15;S01;Z01;A2;11;0.10;0.47;Condition normale pour la saison.
MMA2050;2017-08-15;S01;Z01;A2;11;0.21;0.10;Condition normale pour la saison.
MMA2050;2017-09-15;S01;Z01;A2;11;0.71;0.64;Rien à signaler.
MMA2050;2017-10-15;S01;Z01;A2;11;0.36;0.77;Condition normale pour la saison.
MMA2051;2017-05-15;S01;Z01;A2;11;0.15;0.07;Rien à signaler.
MMA2051;2017-06-15;S01;Z01;A2;11;0.28;0.20;Légère variabilité observée.
MMA2051;2017-07-15;S01;Z01;A2;11;0.76;0.54;Légère variabilité observée.
MMA2051;2017-08-15;S01;Z01;A2;11;0.84;0.47;Légère variabilité observée.
MMA2051;2017-09-15;S01;Z01;A2;11;0.72;0.27;Légère variabilité observée.
MMA2051;2017-10-15;S01;Z01;A2;11;0.88;0.62;Condition normale pour la saison.
MMA2052;2017-05-15;S01;Z01;A2;11;0.19;0.13;Rien à signaler.
MMA2052;2017-06-15;S01;Z01;A2;11;0.50;0.09;Condition normale pour la saison.
MMA2052;2017-07-15;S01;Z01;A2;11;0.37;0.34;Condition normale pour la saison.
MMA2052;2017-08-15;S01;Z01;A2;11;0.76;0.29;Légère variabilité observée.
MMA2052;2017-09-15;S01;Z01;A2;11;0.75;0.46;Condition normale pour la saison.
MMA2052;2017-10-15;S01;Z01;A2;11;0.75;0.87;Légère variabilité observée.
MMA2053;2017-05-15;S01;Z01;A2;11;0.50;0.61;Légère variabilité observée.
MMA2053;2017-06-15;S01;Z01;A2;11;0.80;0.47;Condition normale pour la saison.
MMA2053;2017-07-15;S01;Z01;A2;11;0.94;0.36;Légère variabilité observée.
MMA2053;2017-08-15;S01;Z01;A2;11;0.08;0.26;Légère variabilité observée.
MMA2053;2017-09-15;S01;Z01;A2;11;0.66;0.85;Légère variabilité observée.
MMA2053;2017-10-15;S01;Z01;A2;11;0.84;0.28;Condition normale pour la saison.
MMA2054;2017-05-15;S01;Z01;A2;11;0.80;0.72;Condition normale pour la saison.
MMA2054;2017-06-15;S01;Z01;A2;11;0.88;0.47;Rien à signaler.
MMA2054;2017-07-15;S01;Z01;A2;11;0.31;0.26;Légère variabilité observée.
MMA2054;2017-08-15;S01;Z01;A2;11;0.89;0.66;Rien à signaler.
MMA2054;2017-09-15;S01;Z01;A2;11;0.18;0.60;Condition normale pour la saison.
MMA2054;2017-10-15;S01;Z01;A2;11;0.46;0.08;Rien à signaler.
MMA2055;2017-05-15;S01;Z01;A2;11;0.57;0.10;Rien à signaler.
MMA2055;2017-06-15;S01;Z01;A2;11;0.28;0.36;Condition normale pour la saison.
MMA2055;2017-07-15;S01;Z01;A2;11;0.17;0.47;Légère variabilité observée.
MMA2055;2017-08-15;S01;Z01;A2;11;0.49;0.77;Légère variabilité observée.
MMA2055;2017-09-15;S01;Z01;A2;11;0.14;0.34;Rien à signaler.
MMA2055;2017-10-15;S01;Z01;A2;11;0.34;0.18;Condition normale pour la saison.
MMA2056;2017-05-15;S01;Z01;A2;11;0.19;0.82;Condition normale pour la saison.
MMA2056;2017-06-15;S01;Z01;A2;11;0.45;0.38;Légère variabilité observée.
MMA2056;2017-07-15;S01;Z01;A2;11;0.51;0.50;Condition normale pour la saison.
MMA2056;2017-08-15;S01;Z01;A2;11;0.18;0.82;Condition normale pour la saison.
MMA2056;2017-09-15;S01;Z01;A2;11;0.35;0.65;Condition normale pour la saison.
MMA2056;2017-10-15;S01;Z01;A2;11;0.85;0.76;Légère variabilité observée.
MMA2057;2017-05-15;S01;Z01;A2;11;0.43;0.28;Rien à signaler.
MMA2057;2017-06-15;S01;Z01;A2;11;0.48;0.59;Légère variabilité observée.
MMA2057;2017-07-15;S01;Z01;A2;11;0.83;0.92;Condition normale pour la saison.
MMA2057;2017-08-15;S01;Z01;A2;11;0.85;0.66;Condition normale pour la saison.
MMA2057;2017-09-15;S01;Z01;A2;11;0.42;0.13;Condition normale pour la saison.
MMA2057;2017-10-15;S01;Z01;A2;11;0.27;0.19;Rien à signaler.
MMA2058;2017-05-15;S01;Z01;A2;11;0.46;0.38;Condition normale pour la saison.
MMA2058;2017-06-15;S01;Z01;A2;11;0.89;0.44;Rien à signaler.
MMA2058;2017-07-15;S01;Z01;A2;11;0.83;0.05;Légère variabilité observée.
MMA2058;2017-08-15;S01;Z01;A2;11;0.58;0.54;Rien à signaler.
MMA2058;2017-09-15;S01;Z01;A2;11;0.94;0.90;Rien à signaler.
MMA2058;2017-10-15;S01;Z01;A2;11;0.84;0.48;Rien à signaler.
MMA2059;2017-05-15;S01;Z01;A2;11;0.29;0.51;Légère variabilité observée.
MMA2059;2017-06-15;S01;Z01;A2;11;0.59;0.19;Légère variabilité observée.
MMA2059;2017-07-15;S01;Z01;A2;11;0.13;0.71;Rien à signaler.
MMA2059;2017-08-15;S01;Z01;A2;11;0.52;0.08;Condition normale pour la saison.
MMA2059;2017-09-15;S01;Z01;A2;11;0.83;0.44;Condition normale pour la saison.
MMA2059;2017-10-15;S01;Z01;A2;11;0.40;0.14;Condition normale pour la saison.
MMA2060;2017-05-15;S01;Z01;A2;11;0.75;0.48;Condition normale pour la saison.
MMA2060;2017-06-15;S01;Z01;A2;11;0.12;0.08;Condition normale pour la saison.
MMA2060;2017-07-15;S01;Z01;A2;11;0.46;0.76;Rien à signaler.
MMA2060;2017-08-15;S01;Z01;A2;11;0.27;0.91;Légère variabilité observée.
MMA2060;2017-09-15;S01;Z01;A2;11;0.32;0.87;Condition normale pour la saison.
MMA2060;2017-10-15;S01;Z01;A2;11;0.41;0.24;Condition normale pour la saison.
MMA2061;2017-05-15;S01;Z01;A2;11;0.44;0.37;Légère variabilité observée.
MMA2061;2017-06-15;S01;Z01;A2;11;0.39;0.70;Rien à signaler.
MMA2061;2017-07-15;S01;Z01;A2;11;0.59;0.41;Légère variabilité observée.
MMA2061;2017-08-15;S01;Z01;A2;11;0.40;0.50;Légère variabilité observée.
MMA2061;2017-09-15;S01;Z01;A2;11;0.14;0.37;Condition normale pour la saison.
MMA2061;2017-10-15;S01;Z01;A2;11;0.90;0.56;Condition normale pour la saison.
MMA2062;2017-05-15;S01;Z01;A2;11;0.59;0.53;Condition normale pour la saison.
MMA2062;2017-06-15;S01;Z01;A2;11;0.28;0.43;Condition normale pour la saison.
MMA2062;2017-07-15;S01;Z01;A2;11;0.87;0.33;Condition normale pour la saison.
MMA2062;2017-08-15;S01;Z01;A2;11;0.79;0.91;Condition normale pour la saison.
MMA2062;2017-09-15;S01;Z01;A2;11;0.91;0.21;Condition normale pour la saison.
MMA2062;2017-10-15;S01;Z01;A2;11;0.94;0.26;Condition normale pour la saison.
MMA2063;2017-05-15;S01;Z01;A2;11;0.80;0.22;Condition normale pour la saison.
MMA2063;2017-06-15;S01;Z01;A2;11;0.77;0.61;Rien à signaler.
MMA2063;2017-07-15;S01;Z01;A2;11;0.90;0.55;Rien à signaler.
MMA2063;2017-08-15;S01;Z01;A2;11;0.64;0.44;Rien à signaler.
MMA2063;2017-09-15;S01;Z01;A2;11;0.36;0.58;Condition normale pour la saison.
MMA2063;2017-10-15;S01;Z01;A2;11;0.40;0.60;Rien à signaler.
MMA2064;2017-05-15;S01;Z01;A2;11;0.44;0.06;Condition normale pour la saison.
MMA2064;2017-06-15;S01;Z01;A2;11;0.17;0.54;Condition normale pour la saison.
MMA2064;2017-07-15;S01;Z01;A2;11;0.87;0.57;Rien à signaler.
MMA2064;2017-08-15;S01;Z01;A2;11;0.63;0.84;Légère variabilité observée.
MMA2064;2017-09-15;S01;Z01;A2;11;0.86;0.23;Condition normale pour la saison.
MMA2064;2017-10-15;S01;Z01;A2;11;0.12;0.27;Légère variabilité observée.
MMA2065;2017-05-15;S01;Z01;A2;11;0.90;0.81;Légère variabilité observée.
MMA2065;2017-06-15;S01;Z01;A2;11;0.59;0.73;Condition normale pour la saison.
MMA2065;2017-07-15;S01;Z01;A2;11;0.90;0.58;Condition normale pour la saison.
MMA2065;2017-08-15;S01;Z01;A2;11;0.81;0.06;Condition normale pour la saison.
MMA2065;2017-09-15;S01;Z01;A2;11;0.48;0.84;Condition normale pour la saison.
MMA2065;2017-10-15;S01;Z01;A2;11;0.08;0.47;Condition normale pour la saison.
MMA2066;2017-05-15;S01;Z01;A2;11;0.15;0.07;Condition normale pour la saison.
MMA2066;2017-06-15;S01;Z01;A2;11;0.54;0.43;Légère variabilité observée.
MMA2066;2017-07-15;S01;Z01;A2;11;0.40;0.86;Condition normale pour la saison.
MMA2066;2017-08-15;S01;Z01;A2;11;0.95;0.57;Légère variabilité observée.
MMA2066;2017-09-15;S01;Z01;A2;11;0.45;0.72;Condition normale pour la saison.
MMA2066;2017-10-15;S01;Z01;A2;11;0.34;0.33;Condition normale pour la saison.
MMA2067;2017-05-15;S01;Z01;A2;11;0.59;0.72;Condition normale pour la saison.
MMA2067;2017-06-15;S01;Z01;A2;11;0.62;0.92;Condition normale pour la saison.
MMA2067;2017-07-15;S01;Z01;A2;11;0.62;0.91;Condition normale pour la saison.
MMA2067;2017-08-15;S01;Z01;A2;11;0.87;0.39;Légère variabilité observée.
MMA2067;2017-09-15;S01;Z01;A2;11;0.52;0.13;Rien à signaler.
MMA2067;2017-10-15;S01;Z01;A2;11;0.22;0.33;Légère variabilité observée.
MMA2068;2017-05-15;S01;Z01;A2;11;0.26;0.35;Légère variabilité observée.
MMA2068;2017-06-15;S01;Z01;A2;11;0.23;0.84;Rien à signaler.
MMA2068;2017-07-15;S01;Z01;A2;11;0.82;0.67;Rien à signaler.
MMA2068;2017-08-15;S01;Z01;A2;11;0.11;0.91;Rien à signaler.
MMA2068;2017-09-15;S01;Z01;A2;11;0.34;0.76;Légère variabilité observée.
MMA2068;2017-10-15;S01;Z01;A2;11;0.24;0.14;Condition normale pour la saison.
MMA2069;2017-05-15;S01;Z01;A2;11;0.34;0.64;Rien à signaler.
MMA2069;2017-06-15;S01;Z01;A2;11;0.39;0.16;Rien à signaler.
MMA2069;2017-07-15;S01;Z01;A2;11;0.72;0.27;Condition normale pour la saison.
MMA2069;2017-08-15;S01;Z01;A2;11;0.54;0.14;Rien à signaler.
MMA2069;2017-09-15;S01;Z01;A2;11;0.91;0.35;Rien à signaler.
MMA2069;2017-10-15;S01;Z01;A2;11;0.60;0.21;Condition normale pour la saison.
MMA2070;2017-05-15;S01;Z01;A2;11;0.75;0.10;Légère variabilité observée.
MMA2070;2017-06-15;S01;Z01;A2;11;0.93;0.46;Condition normale pour la saison.
MMA2070;2017-07-15;S01;Z01;A2;11;0.10;0.84;Condition normale pour la saison.
MMA2070;2017-08-15;S01;Z01;A2;11;0.15;0.14;Rien à signaler.
MMA2070;2017-09-15;S01;Z01;A2;11;0.08;0.82;Condition normale pour la saison.
MMA2070;2017-10-15;S01;Z01;A2;11;0.70;0.43;Rien à signaler.
MMA2071;2017-05-15;S01;Z01;A2;11;0.19;0.56;Condition normale pour la saison.
MMA2071;2017-06-15;S01;Z01;A2;11;0.67;0.71;Condition normale pour la saison.
MMA2071;2017-07-15;S01;Z01;A2;11;0.08;0.51;Rien à signaler.
MMA2071;2017-08-15;S01;Z01;A2;11;0.91;0.56;Légère variabilité observée.
MMA2071;2017-09-15;S01;Z01;A2;11;0.71;0.25;Rien à signaler.
MMA2071;2017-10-15;S01;Z01;A2;11;0.49;0.89;Condition normale pour la saison.
MMA2072;2017-05-15;S01;Z01;A2;11;0.57;0.47;Légère variabilité observée.
MMA2072;2017-07-15;S01;Z01;A2;11;0.42;0.09;Condition normale pour la saison.
MMA2072;2017-08-15;S01;Z01;A2;11;0.75;0.22;Condition normale pour la saison.
MMA2072;2017-09-15;S01;Z01;A2;11;0.14;0.51;Condition normale pour la saison.
MMA2072;2017-10-15;S01;Z01;A2;11;0.08;0.35;Légère variabilité observée.
MMA2073;2017-05-15;S01;Z01;A2;11;0.26;0.69;Légère variabilité observée.
MMA2073;2017-06-15;S01;Z01;A2;11;0.26;0.68;Condition normale pour la saison.
MMA2073;2017-07-15;S01;Z01;A2;11;0.07;0.05;Condition normale pour la saison.
MMA2073;2017-08-15;S01;Z01;A2;11;0.94;0.11;Condition normale pour la saison.
MMA2073;2017-09-15;S01;Z01;A2;11;0.72;0.56;Condition normale pour la saison.
MMA2073;2017-10-15;S01;Z01;A2;11;0.75;0.64;Condition normale pour la saison.
MMA2074;2017-05-15;S01;Z01;A2;11;0.71;0.49;Condition normale pour la saison.
MMA2074;2017-06-15;S01;Z01;A2;11;0.12;0.68;Condition normale pour la saison.
MMA2074;2017-07-15;S01;Z01;A2;11;0.05;0.07;Rien à signaler.
MMA2074;2017-08-15;S01;Z01;A2;11;0.84;0.07;Condition normale pour la saison.
MMA2074;2017-09-15;S01;Z01;A2;11;0.15;0.10;Condition normale pour la saison.
MMA2074;2017-10-15;S01;Z01;A2;11;0.24;0.12;Rien à signaler.
MMA2075;2017-05-15;S01;Z01;A2;11;0.70;0.52;Condition normale pour la saison.
MMA2075;2017-06-15;S01;Z01;A2;11;0.13;0.30;Condition normale pour la saison.
MMA2075;2017-07-15;S01;Z01;A2;11;0.09;0.37;Condition normale pour la saison.
MMA2075;2017-08-15;S01;Z01;A2;11;0.65;0.26;Condition normale pour la saison.
MMA2075;2017-09-15;S01;Z01;A2;11;0.86;0.56;Condition normale pour la saison.
MMA2075;2017-10-15;S01;Z01;A2;11;0.94;0.06;Rien à signaler.
MMA2076;2017-05-15;S01;Z01;A2;11;0.55;0.62;Condition normale pour la saison.
MMA2076;2017-06-15;S01;Z01;A2;11;0.71;0.25;Condition normale pour la saison.
MMA2076;2017-07-15;S01;Z01;A2;11;0.86;0.20;Rien à signaler.
MMA2076;2017-08-15;S01;Z01;A2;11;0.07;0.15;Condition normale pour la saison.
MMA2076;2017-09-15;S01;Z01;A2;11;0.94;0.51;Condition normale pour la saison.
MMA2076;2017-10-15;S01;Z01;A2;11;0.41;0.49;Rien à signaler.
MMA2077;2017-05-15;S01;Z01;A2;11;0.79;0.19;Légère variabilité observée.
MMA2077;2017-06-15;S01;Z01;A2;11;0.12;0.45;Rien à signaler.
MMA2077;2017-07-15;S01;Z01;A2;11;0.80;0.89;Légère variabilité observée.
MMA2077;2017-08-15;S01;Z01;A2;11;0.14;0.68;Rien à signaler.
MMA2077;2017-09-15;S01;Z01;A2;11;0.81;0.63;Condition normale pour la saison.
MMA2077;2017-10-15;S01;Z01;A2;11;0.34;0.87;Condition normale pour la saison.
MMA2078;2017-05-15;S01;Z01;A2;11;0.91;0.40;Condition normale pour la saison.
MMA2078;2017-06-15;S01;Z01;A2;11;0.32;0.09;Rien à signaler.
MMA2078;2017-07-15;S01;Z01;A2;11;0.85;0.69;Légère variabilité observée.
MMA2078;2017-08-15;S01;Z01;A2;11;0.73;0.88;Condition normale pour la saison.
MMA2078;2017-09-15;S01;Z01;A2;11;0.54;0.52;Légère variabilité observée.
MMA2078;2017-10-15;S01;Z01;A2;11;0.72;0.18;Légère variabilité observée.
MMA2079;2017-05-15;S01;Z01;A2;11;0.12;0.62;Rien à signaler.
MMA2079;2017-06-15;S01;Z01;A2;11;0.63;0.69;Condition normale pour la saison.
MMA2079;2017-07-15;S01;Z01;A2;11;0.42;0.54;Condition normale pour la saison.
MMA2079;2017-08-15;S01;Z01;A2;11;0.73;0.33;Condition normale pour la saison.
MMA2079;2017-09-15;S01;Z01;A2;11;0.76;0.39;Légère variabilité observée.
MMA2079;2017-10-15;S01;Z01;A2;11;0.13;0.82;Condition normale pour la saison.
MMA2080;2017-05-15;S01;Z01;A2;11;0.42;0.42;Rien à signaler.
MMA2080;2017-06-15;S01;Z01;A2;11;0.29;0.68;Condition normale pour la saison.
MMA2080;2017-07-15;S01;Z01;A2;11;0.37;0.59;Légère variabilité observée.
MMA2080;2017-08-15;S01;Z01;A2;11;0.05;0.48;Condition normale pour la saison.
MMA2080;2017-09-15;S01;Z01;A2;11;0.06;0.42;Légère variabilité observée.
MMA2080;2017-10-15;S01;Z01;A2;11;0.23;0.52;Condition normale pour la saison.
MMA2081;2017-05-15;S01;Z01;A2;11;0.07;0.64;Condition normale pour la saison.
MMA2081;2017-06-15;S01;Z01;A2;11;0.23;0.84;Rien à signaler.
MMA2081;2017-07-15;S01;Z01;A2;11;0.42;0.66;Légère variabilité observée.
MMA2081;2017-08-15;S01;Z01;A2;11;0.24;0.55;Rien à signaler.
MMA2081;2017-09-15;S01;Z01;A2;11;0.77;0.74;Condition normale pour la saison.
MMA2081;2017-10-15;S01;Z01;A2;11;0.33;0.60;Condition normale pour la saison.
MMA2082;2017-05-15;S01;Z01;A2;11;0.28;0.63;Condition normale pour la saison.
MMA2082;2017-06-15;S01;Z01;A2;11;0.94;0.39;Rien à signaler.
MMA2082;2017-07-15;S01;Z01;A2;11;0.76;0.08;Rien à signaler.
MMA2082;2017-08-15;S01;Z01;A2;11;0.90;0.09;Condition normale pour la saison.
MMA2082;2017-09-15;S01;Z01;A2;11;0.47;0.11;Condition normale pour la saison.
MMA2082;2017-10-15;S01;Z01;A2;11;0.54;0.80;Légère variabilité observée.
MMA2083;2017-05-15;S01;Z01;A2;11;0.18;0.15;Condition normale pour la saison.
MMA2083;2017-06-15;S01;Z01;A2;11;0.37;0.33;Rien à signaler.
MMA2083;2017-07-15;S01;Z01;A2;11;0.56;0.67;Rien à signaler.
MMA2083;2017-08-15;S01;Z01;A2;11;0.30;0.55;Condition normale pour la saison.
MMA2083;2017-09-15;S01;Z01;A2;11;0.84;0.44;Rien à signaler.
MMA2083;2017-10-15;S01;Z01;A2;11;0.79;0.47;Condition normale pour la saison.
MMA2084;2017-05-15;S01;Z01;A2;11;0.34;0.55;Rien à signaler.
MMA2084;2017-06-15;S01;Z01;A2;11;0.37;0.05;Condition normale pour la saison.
MMA2084;2017-07-15;S01;Z01;A2;11;0.17;0.90;Condition normale pour la saison.
MMA2084;2017-08-15;S01;Z01;A2;11;0.22;0.09;Rien à signaler.
MMA2084;2017-09-15;S01;Z01;A2;11;0.30;0.88;Légère variabilité observée.
MMA2084;2017-10-15;S01;Z01;A2;11;0.19;0.29;Rien à signaler.
MMA2085;2017-05-15;S01;Z01;A2;11;0.55;0.69;Condition normale pour la saison.
MMA2085;2017-06-15;S01;Z01;A2;11;0.10;0.62;Condition normale pour la saison.
MMA2085;2017-07-15;S01;Z01;A2;11;0.33;0.79;Légère variabilité observée.
MMA2085;2017-08-15;S01;Z01;A2;11;0.66;0.30;Légère variabilité observée.
MMA2085;2017-09-15;S01;Z01;A2;11;0.72;0.45;Condition normale pour la saison.
MMA2085;2017-10-15;S01;Z01;A2;11;0.33;0.23;Rien à signaler.
MMA2086;2017-05-15;S01;Z01;A2;11;0.92;0.36;Condition normale pour la saison.
MMA2086;2017-06-15;S01;Z01;A2;11;0.46;0.39;Condition normale pour la saison.
MMA2086;2017-07-15;S01;Z01;A2;11;0.88;0.10;Rien à signaler.
MMA2086;2017-08-15;S01;Z01;A2;11;0.59;0.09;Légère variabilité observée.
MMA2086;2017-09-15;S01;Z01;A2;11;0.06;0.20;Condition normale pour la saison.
MMA2086;2017-10-15;S01;Z01;A2;11;0.51;0.21;Rien à signaler.
MMA2087;2017-05-15;S01;Z01;A2;11;0.43;0.76;Rien à signaler.
MMA2087;2017-06-15;S01;Z01;A2;11;0.56;0.21;Condition normale pour la saison.
MMA2087;2017-07-15;S01;Z01;A2;11;0.80;0.73;Rien à signaler.
MMA2087;2017-08-15;S01;Z01;A2;11;0.90;0.24;Condition normale pour la saison.
MMA2087;2017-09-15;S01;Z01;A2;11;0.31;0.13;Condition normale pour la saison.
MMA2087;2017-10-15;S01;Z01;A2;11;0.57;0.51;Rien à signaler.
MMA2088;2017-05-15;S01;Z01;A2;11;0.88;0.26;Condition normale pour la saison.
MMA2088;2017-06-15;S01;Z01;A2;11;0.33;0.45;Condition normale pour la saison.
MMA2088;2017-07-15;S01;Z01;A2;11;0.91;0.51;Rien à signaler.
MMA2088;2017-08-15;S01;Z01;A2;11;0.70;0.27;Condition normale pour la saison.
MMA2088;2017-09-15;S01;Z01;A2;11;0.31;0.55;Condition normale pour la saison.
MMA2088;2017-10-15;S01;Z01;A2;11;0.94;0.42;Condition normale pour la saison.
MMA2089;2017-05-15;S01;Z01;A2;11;0.53;0.59;Rien à signaler.
MMA2089;2017-06-15;S01;Z01;A2;11;0.19;0.61;Rien à signaler.
MMA2089;2017-07-15;S01;Z01;A2;11;0.84;0.33;Condition normale pour la saison.
MMA2089;2017-08-15;S01;Z01;A2;11;0.86;0.52;Condition normale pour la saison.
MMA2089;2017-09-15;S01;Z01;A2;11;0.33;0.50;Légère variabilité observée.
MMA2089;2017-10-15;S01;Z01;A2;11;0.11;0.36;Condition normale pour la saison.
MMA2090;2017-05-15;S01;Z01;A2;11;0.33;0.33;Rien à signaler.
MMA2090;2017-06-15;S01;Z01;A2;11;0.59;0.85;Condition normale pour la saison.
MMA2090;2017-07-15;S01;Z01;A2;11;0.55;0.19;Condition normale pour la saison.
MMA2090;2017-08-15;S01;Z01;A2;11;0.78;0.94;Condition normale pour la saison.
MMA2090;2017-09-15;S01;Z01;A2;11;0.80;0.70;Condition normale pour la saison.
MMA2090;2017-10-15;S01;Z01;A2;11;0.58;0.81;Condition normale pour la saison.
MMA2091;2017-05-15;S01;Z01;A2;11;0.53;0.43;Légère variabilité observée.
MMA2091;2017-06-15;S01;Z01;A2;11;0.53;0.24;Condition normale pour la saison.
MMA2091;2017-07-15;S01;Z01;A2;11;0.93;0.64;Condition normale pour la saison.
MMA2091;2017-08-15;S01;Z01;A2;11;0.53;0.93;Rien à signaler.
MMA2091;2017-09-15;S01;Z01;A2;11;0.93;0.93;Rien à signaler.
MMA2091;2017-10-15;S01;Z01;A2;11;0.30;0.67;Condition normale pour la saison.
MMA2092;2017-05-15;S01;Z01;A2;11;0.56;0.90;Légère variabilité observée.
MMA2092;2017-06-15;S01;Z01;A2;11;0.41;0.91;Légère variabilité observée.
MMA2092;2017-07-15;S01;Z01;A2;11;0.13;0.29;Condition normale pour la saison.
MMA2092;2017-08-15;S01;Z01;A2;11;0.33;0.68;Légère variabilité observée.
MMA2092;2017-09-15;S01;Z01;A2;11;0.62;0.71;Légère variabilité observée.
MMA2092;2017-10-15;S01;Z01;A2;11;0.51;0.58;Condition normale pour la saison.
MMA2093;2017-05-15;S01;Z01;A2;11;0.88;0.94;Condition normale pour la saison.
MMA2093;2017-06-15;S01;Z01;A2;11;0.17;0.50;Légère variabilité observée.
MMA2093;2017-07-15;S01;Z01;A2;11;0.70;0.51;Légère variabilité observée.
MMA2093;2017-08-15;S01;Z01;A2;11;0.57;0.49;Condition normale pour la saison.
MMA2093;2017-09-15;S01;Z01;A2;11;0.23;0.30;Rien à signaler.
MMA2093;2017-10-15;S01;Z01;A2;11;0.92;0.37;Rien à signaler.
MMA2094;2017-05-15;S01;Z01;A2;11;0.21;0.19;Rien à signaler.
MMA2094;2017-06-15;S01;Z01;A2;11;0.10;0.06;Rien à signaler.
MMA2094;2017-07-15;S01;Z01;A2;11;0.78;0.86;Légère variabilité observée.
MMA2094;2017-08-15;S01;Z01;A2;11;0.59;0.27;Condition normale pour la saison.
MMA2094;2017-09-15;S01;Z01;A2;11;0.48;0.56;Légère variabilité observée.
MMA2094;2017-10-15;S01;Z01;A2;11;0.20;0.86;Rien à signaler.
MMA2095;2017-05-15;S01;Z01;A2;11;0.16;0.86;Condition normale pour la saison.
MMA2095;2017-06-15;S01;Z01;A2;11;0.06;0.44;Condition normale pour la saison.
MMA2095;2017-07-15;S01;Z01;A2;11;0.38;0.31;Légère variabilité observée.
MMA2095;2017-08-15;S01;Z01;A2;11;0.72;0.61;Légère variabilité observée.
MMA2095;2017-09-15;S01;Z01;A2;11;0.57;0.17;Légère variabilité observée.
MMA2095;2017-10-15;S01;Z01;A2;11;0.21;0.32;Condition normale pour la saison.
MMA2096;2017-05-15;S01;Z01;A2;11;0.73;0.93;Condition normale pour la saison.
MMA2096;2017-06-15;S01;Z01;A2;11;0.89;0.24;Légère variabilité observée.
MMA2096;2017-07-15;S01;Z01;A2;11;0.48;0.81;Rien à signaler.
MMA2096;2017-08-15;S01;Z01;A2;11;0.64;0.37;Condition normale pour la saison.
MMA2096;2017-09-15;S01;Z01;A2;11;0.39;0.43;Légère variabilité observée.
MMA2096;2017-10-15;S01;Z01;A2;11;0.23;0.87;Légère variabilité observée.
MMA2097;2017-05-15;S01;Z01;A2;11;0.43;0.55;Rien à signaler.
MMA2097;2017-06-15;S01;Z01;A2;11;0.68;0.88;Légère variabilité observée.
MMA2097;2017-07-15;S01;Z01;A2;11;0.93;0.39;Condition normale pour la saison.
MMA2097;2017-08-15;S01;Z01;A2;11;0.37;0.14;Rien à signaler.
MMA2097;2017-09-15;S01;Z01;A2;11;0.39;0.76;Condition normale pour la saison.
MMA2097;2017-10-15;S01;Z01;A2;11;0.05;0.39;Condition normale pour la saison.
MMA2098;2017-05-15;S01;Z01;A2;11;0.31;0.44;Condition normale pour la saison.
MMA2098;2017-06-15;S01;Z01;A2;11;0.40;0.27;Légère variabilité observée.
MMA2098;2017-07-15;S01;Z01;A2;11;0.40;0.90;Condition normale pour la saison.
MMA2098;2017-08-15;S01;Z01;A2;11;0.71;0.35;Légère variabilité observée.
MMA2098;2017-09-15;S01;Z01;A2;11;0.47;0.47;Condition normale pour la saison.
MMA2098;2017-10-15;S01;Z01;A2;11;0.65;0.17;Rien à signaler.
MMA2099;2017-05-15;S01;Z01;A2;11;0.79;0.47;Légère variabilité observée.
MMA2099;2017-06-15;S01;Z01;A2;11;0.56;0.35;Condition normale pour la saison.
MMA2099;2017-07-15;S01;Z01;A2;11;0.14;0.47;Condition normale pour la saison.
MMA2099;2017-08-15;S01;Z01;A2;11;0.50;0.11;Rien à signaler.
MMA2099;2017-09-15;S01;Z01;A2;11;0.11;0.35;Condition normale pour la saison.
MMA2099;2017-10-15;S01;Z01;A2;11;0.55;0.51;Condition normale pour la saison.
MMA2100;2017-05-15;S01;Z01;A2;11;0.26;0.65;Légère variabilité observée.
MMA2100;2017-06-15;S01;Z01;A2;11;0.69;0.06;Condition normale pour la saison.
MMA2100;2017-07-15;S01;Z01;A2;11;0.38;0.66;Légère variabilité observée.
MMA2100;2017-08-15;S01;Z01;A2;11;0.17;0.75;Rien à signaler.
MMA2100;2017-09-15;S01;Z01;A2;11;0.68;0.68;Condition normale pour la saison.
MMA2100;2017-10-15;S01;Z01;A2;11;0.16;0.43;Rien à signaler.
MMA3001;2017-05-15;S01;Z01;A3;12;0.61;0.37;Condition normale pour la saison.
MMA3001;2017-06-15;S01;Z01;A3;12;0.06;0.66;Condition normale pour la saison.
MMA3001;2017-07-15;S01;Z01;A3;12;0.30;0.50;Légère variabilité observée.
MMA3001;2017-08-15;S01;Z01;A3;12;0.36;0.55;Rien à signaler.
MMA3001;2017-09-15;S01;Z01;A3;12;0.22;0.72;Rien à signaler.
MMA3001;2017-10-15;S01;Z01;A3;12;0.47;0.37;Rien à signaler.
MMA3002;2017-05-15;S01;Z01;A3;12;0.07;0.88;Condition normale pour la saison.
MMA3002;2017-06-15;S01;Z01;A3;12;0.81;0.47;Condition normale pour la saison.
MMA3002;2017-07-15;S01;Z01;A3;12;0.72;0.28;Condition normale pour la saison.
MMA3002;2017-08-15;S01;Z01;A3;12;0.45;0.20;Légère variabilité observée.
MMA3002;2017-09-15;S01;Z01;A3;12;0.45;0.67;Condition normale pour la saison.
MMA3002;2017-10-15;S01;Z01;A3;12;0.09;0.52;Condition normale pour la saison.
MMA3003;2017-05-15;S01;Z01;A3;12;0.46;0.89;Condition normale pour la saison.
MMA3003;2017-06-15;S01;Z01;A3;12;0.37;0.93;Condition normale pour la saison.
MMA3003;2017-07-15;S01;Z01;A3;12;0.90;0.79;Condition normale pour la saison.
MMA3003;2017-08-15;S01;Z01;A3;12;0.17;0.35;Condition normale pour la saison.
MMA3003;2017-09-15;S01;Z01;A3;12;0.85;0.08;Rien à signaler.
MMA3003;2017-10-15;S01;Z01;A3;12;0.86;0.90;Condition normale pour la saison.
MMA3004;2017-05-15;S01;Z01;A3;12;0.41;0.64;Légère variabilité observée.
MMA3004;2017-06-15;S01;Z01;A3;12;0.11;0.34;Condition normale pour la saison.
MMA3004;2017-07-15;S01;Z01;A3;12;0.68;0.21;Rien à signaler.
MMA3004;2017-08-15;S01;Z01;A3;12;0.06;0.77;Rien à signaler.
MMA3004;2017-09-15;S01;Z01;A3;12;0.95;0.33;Condition normale pour la saison.
MMA3004;2017-10-15;S01;Z01;A3;12;0.34;0.79;Légère variabilité observée.
MMA3005;2017-05-15;S01;Z01;A3;12;0.13;0.83;Légère variabilité observée.
MMA3005;2017-06-15;S01;Z01;A3;12;0.15;0.15;Rien à signaler.
MMA3005;2017-07-15;S01;Z01;A3;12;0.37;0.54;Condition normale pour la saison.
MMA3005;2017-08-15;S01;Z01;A3;12;0.35;0.27;Condition normale pour la saison.
MMA3005;2017-09-15;S01;Z01;A3;12;0.36;0.93;Condition normale pour la saison.
MMA3005;2017-10-15;S01;Z01;A3;12;0.13;0.21;Condition normale pour la saison.
MMA3006;2017-05-15;S01;Z01;A3;12;0.33;0.49;Légère variabilité observée.
MMA3006;2017-06-15;S01;Z01;A3;12;0.77;0.44;Condition normale pour la saison.
MMA3006;2017-07-15;S01;Z01;A3;12;0.17;0.26;Condition normale pour la saison.
MMA3006;2017-08-15;S01;Z01;A3;12;0.20;0.06;Condition normale pour la saison.
MMA3006;2017-09-15;S01;Z01;A3;12;0.07;0.08;Condition normale pour la saison.
MMA3006;2017-10-15;S01;Z01;A3;12;0.23;0.60;Condition normale pour la saison.
MMA3007;2017-05-15;S01;Z01;A3;12;0.22;0.48;Rien à signaler.
MMA3007;2017-06-15;S01;Z01;A3;12;0.90;0.35;Condition normale pour la saison.
MMA3007;2017-07-15;S01;Z01;A3;12;0.22;0.72;Condition normale pour la saison.
MMA3007;2017-08-15;S01;Z01;A3;12;0.63;0.41;Rien à signaler.
MMA3007;2017-09-15;S01;Z01;A3;12;0.23;0.19;Rien à signaler.
MMA3007;2017-10-15;S01;Z01;A3;12;0.08;0.52;Condition normale pour la saison.
MMA3008;2017-05-15;S01;Z01;A3;12;0.88;0.14;Légère variabilité observée.
MMA3008;2017-06-15;S01;Z01;A3;12;0.89;0.84;Rien à signaler.
MMA3008;2017-07-15;S01;Z01;A3;12;0.06;0.77;Légère variabilité observée.
MMA3008;2017-08-15;S01;Z01;A3;12;0.56;0.87;Légère variabilité observée.
MMA3008;2017-09-15;S01;Z01;A3;12;0.37;0.66;Condition normale pour la saison.
MMA3008;2017-10-15;S01;Z01;A3;12;0.47;0.81;Rien à signaler.
MMA3009;2017-05-15;S01;Z01;A3;12;0.64;0.08;Condition normale pour la saison.
MMA3009;2017-06-15;S01;Z01;A3;12;0.63;0.93;Rien à signaler.
MMA3009;2017-07-15;S01;Z01;A3;12;0.66;0.10;Rien à signaler.
MMA3009;2017-08-15;S01;Z01;A3;12;0.11;0.38;Rien à signaler.
MMA3009;2017-09-15;S01;Z01;A3;12;0.21;0.21;Rien à signaler.
MMA3009;2017-10-15;S01;Z01;A3;12;0.52;0.82;Condition normale pour la saison.
MMA3010;2017-05-15;S01;Z01;A3;12;0.17;0.49;Condition normale pour la saison.
MMA3010;2017-06-15;S01;Z01;A3;12;0.78;0.60;Rien à signaler.
MMA3010;2017-07-15;S01;Z01;A3;12;0.24;0.12;Légère variabilité observée.
MMA3010;2017-08-15;S01;Z01;A3;12;0.18;0.39;Condition normale pour la saison.
MMA3010;2017-09-15;S01;Z01;A3;12;0.35;0.12;Légère variabilité observée.
MMA3010;2017-10-15;S01;Z01;A3;12;0.94;0.85;Légère variabilité observée.
MMA3011;2017-05-15;S01;Z01;A3;12;0.47;0.23;Légère variabilité observée.
MMA3011;2017-06-15;S01;Z01;A3;12;0.92;0.34;Condition normale pour la saison.
MMA3011;2017-07-15;S01;Z01;A3;12;0.82;0.08;Rien à signaler.
MMA3011;2017-08-15;S01;Z01;A3;12;0.85;0.32;Condition normale pour la saison.
MMA3011;2017-09-15;S01;Z01;A3;12;0.22;0.50;Condition normale pour la saison.
MMA3011;2017-10-15;S01;Z01;A3;12;0.30;0.30;Rien à signaler.
MMA3012;2017-05-15;S01;Z01;A3;12;0.65;0.52;Rien à signaler.
MMA3012;2017-06-15;S01;Z01;A3;12;0.17;0.45;Légère variabilité observée.
MMA3012;2017-07-15;S01;Z01;A3;12;0.45;0.90;Condition normale pour la saison.
MMA3012;2017-08-15;S01;Z01;A3;12;0.09;0.19;Rien à signaler.
MMA3012;2017-09-15;S01;Z01;A3;12;0.62;0.07;Rien à signaler.
MMA3012;2017-10-15;S01;Z01;A3;12;0.54;0.40;Rien à signaler.
MMA3013;2017-05-15;S01;Z01;A3;12;0.24;0.44;Condition normale pour la saison.
MMA3013;2017-06-15;S01;Z01;A3;12;0.86;0.34;Rien à signaler.
MMA3013;2017-07-15;S01;Z01;A3;12;0.10;0.87;Condition normale pour la saison.
MMA3013;2017-08-15;S01;Z01;A3;12;0.91;0.64;Rien à signaler.
MMA3013;2017-09-15;S01;Z01;A3;12;0.32;0.12;Rien à signaler.
MMA3013;2017-10-15;S01;Z01;A3;12;0.20;0.94;Légère variabilité observée.
MMA3014;2017-05-15;S01;Z01;A3;12;0.69;0.56;Rien à signaler.
MMA3014;2017-06-15;S01;Z01;A3;12;0.80;0.62;Légère variabilité observée.
MMA3014;2017-07-15;S01;Z01;A3;12;0.16;0.12;Condition normale pour la saison.
MMA3014;2017-08-15;S01;Z01;A3;12;0.77;0.91;Rien à signaler.
MMA3014;2017-09-15;S01;Z01;A3;12;0.86;0.14;Condition normale pour la saison.
MMA3014;2017-10-15;S01;Z01;A3;12;0.57;0.46;Condition normale pour la saison.
MMA3015;2017-05-15;S01;Z01;A3;12;0.15;0.08;Condition normale pour la saison.
MMA3015;2017-06-15;S01;Z01;A3;12;0.46;0.43;Légère variabilité observée.
MMA3015;2017-07-15;S01;Z01;A3;12;0.22;0.83;Condition normale pour la saison.
MMA3015;2017-08-15;S01;Z01;A3;12;0.36;0.34;Légère variabilité observée.
MMA3015;2017-09-15;S01;Z01;A3;12;0.94;0.51;Légère variabilité observée.
MMA3015;2017-10-15;S01;Z01;A3;12;0.49;0.42;Condition normale pour la saison.
MMA3016;2017-05-15;S01;Z01;A3;12;0.23;0.82;Condition normale pour la saison.
MMA3016;2017-06-15;S01;Z01;A3;12;0.16;0.34;Condition normale pour la saison.
MMA3016;2017-07-15;S01;Z01;A3;12;0.34;0.54;Condition normale pour la saison.
MMA3016;2017-08-15;S01;Z01;A3;12;0.11;0.35;Rien à signaler.
MMA3016;2017-09-15;S01;Z01;A3;12;0.09;0.39;Légère variabilité observée.
MMA3016;2017-10-15;S01;Z01;A3;12;0.40;0.71;Condition normale pour la saison.
MMA3017;2017-05-15;S01;Z01;A3;12;0.29;0.30;Légère variabilité observée.
MMA3017;2017-06-15;S01;Z01;A3;12;0.49;0.50;Condition normale pour la saison.
MMA3017;2017-07-15;S01;Z01;A3;12;0.24;0.76;Légère variabilité observée.
MMA3017;2017-08-15;S01;Z01;A3;12;0.78;0.22;Condition normale pour la saison.
MMA3017;2017-09-15;S01;Z01;A3;12;0.61;0.39;Condition normale pour la saison.
MMA3017;2017-10-15;S01;Z01;A3;12;0.28;0.11;Condition normale pour la saison.
MMA3018;2017-05-15;S01;Z01;A3;12;0.94;0.44;Rien à signaler.
MMA3018;2017-06-15;S01;Z01;A3;12;0.83;0.36;Rien à signaler.
MMA3018;2017-07-15;S01;Z01;A3;12;0.65;0.12;Condition normale pour la saison.
MMA3018;2017-08-15;S01;Z01;A3;12;0.74;0.68;Condition normale pour la saison.
MMA3018;2017-09-15;S01;Z01;A3;12;0.34;0.23;Rien à signaler.
MMA3018;2017-10-15;S01;Z01;A3;12;0.25;0.06;Rien à signaler.
MMA3019;2017-05-15;S01;Z01;A3;12;0.58;0.40;Condition normale pour la saison.
MMA3019;2017-06-15;S01;Z01;A3;12;0.21;0.17;Condition normale pour la saison.
MMA3019;2017-07-15;S01;Z01;A3;12;0.36;0.59;Condition normale pour la saison.
MMA3019;2017-08-15;S01;Z01;A3;12;0.28;0.50;Rien à signaler.
MMA3019;2017-09-15;S01;Z01;A3;12;0.38;0.10;Condition normale pour la saison.
MMA3019;2017-10-15;S01;Z01;A3;12;0.69;0.60;Légère variabilité observée.
MMA3020;2017-05-15;S01;Z01;A3;12;0.39;0.18;Condition normale pour la saison.
MMA3020;2017-06-15;S01;Z01;A3;12;0.15;0.85;Rien à signaler.
MMA3020;2017-07-15;S01;Z01;A3;12;0.31;0.58;Légère variabilité observée.
MMA3020;2017-08-15;S01;Z01;A3;12;0.07;0.17;Légère variabilité observée.
MMA3020;2017-09-15;S01;Z01;A3;12;0.88;0.80;Condition normale pour la saison.
MMA3020;2017-10-15;S01;Z01;A3;12;0.83;0.45;Condition normale pour la saison.
MMA3021;2017-05-15;S01;Z01;A3;12;0.34;0.67;Rien à signaler.
MMA3021;2017-06-15;S01;Z01;A3;12;0.42;0.36;Condition normale pour la saison.
MMA3021;2017-07-15;S01;Z01;A3;12;0.47;0.16;Légère variabilité observée.
MMA3021;2017-08-15;S01;Z01;A3;12;0.41;0.21;Condition normale pour la saison.
MMA3021;2017-09-15;S01;Z01;A3;12;0.37;0.47;Condition normale pour la saison.
MMA3021;2017-10-15;S01;Z01;A3;12;0.24;0.80;Rien à signaler.
MMA3022;2017-05-15;S01;Z01;A3;12;0.28;0.45;Rien à signaler.
MMA3022;2017-06-15;S01;Z01;A3;12;0.67;0.11;Condition normale pour la saison.
MMA3022;2017-07-15;S01;Z01;A3;12;0.74;0.44;Condition normale pour la saison.
MMA3022;2017-08-15;S01;Z01;A3;12;0.45;0.88;Légère variabilité observée.
MMA3022;2017-09-15;S01;Z01;A3;12;0.41;0.38;Rien à signaler.
MMA3022;2017-10-15;S01;Z01;A3;12;0.73;0.26;Rien à signaler.
MMA3023;2017-05-15;S01;Z01;A3;12;0.18;0.33;Légère variabilité observée.
MMA3023;2017-06-15;S01;Z01;A3;12;0.06;0.40;Légère variabilité observée.
MMA3023;2017-07-15;S01;Z01;A3;12;0.20;0.44;Légère variabilité observée.
MMA3023;2017-08-15;S01;Z01;A3;12;0.46;0.27;Légère variabilité observée.
MMA3023;2017-09-15;S01;Z01;A3;12;0.57;0.64;Rien à signaler.
MMA3023;2017-10-15;S01;Z01;A3;12;0.44;0.49;Rien à signaler.
MMA3024;2017-05-15;S01;Z01;A3;12;0.58;0.94;Rien à signaler.
MMA3024;2017-06-15;S01;Z01;A3;12;0.18;0.80;Légère variabilité observée.
MMA3024;2017-07-15;S01;Z01;A3;12;0.56;0.15;Condition normale pour la saison.
MMA3024;2017-08-15;S01;Z01;A3;12;0.28;0.60;Condition normale pour la saison.
MMA3024;2017-09-15;S01;Z01;A3;12;0.83;0.89;Légère variabilité observée.
MMA3024;2017-10-15;S01;Z01;A3;12;0.91;0.90;Condition normale pour la saison.
MMA3025;2017-05-15;S01;Z01;A3;12;0.22;0.43;Condition normale pour la saison.
MMA3025;2017-06-15;S01;Z01;A3;12;0.51;0.40;Légère variabilité observée.
MMA3025;2017-07-15;S01;Z01;A3;12;0.45;0.18;Condition normale pour la saison.
MMA3025;2017-08-15;S01;Z01;A3;12;0.27;0.48;Rien à signaler.
MMA3025;2017-09-15;S01;Z01;A3;12;0.63;0.95;Condition normale pour la saison.
MMA3025;2017-10-15;S01;Z01;A3;12;0.40;0.85;Condition normale pour la saison.
MMA3026;2017-05-15;S01;Z01;A3;12;0.36;0.64;Condition normale pour la saison.
MMA3026;2017-06-15;S01;Z01;A3;12;0.54;0.54;Légère variabilité observée.
MMA3026;2017-07-15;S01;Z01;A3;12;0.64;0.72;Légère variabilité observée.
MMA3026;2017-08-15;S01;Z01;A3;12;0.20;0.78;Condition normale pour la saison.
MMA3026;2017-09-15;S01;Z01;A3;12;0.39;0.93;Rien à signaler.
MMA3026;2017-10-15;S01;Z01;A3;12;0.43;0.35;Condition normale pour la saison.
MMA3027;2017-05-15;S01;Z01;A3;12;0.89;0.35;Rien à signaler.
MMA3027;2017-06-15;S01;Z01;A3;12;0.72;0.69;Condition normale pour la saison.
MMA3027;2017-07-15;S01;Z01;A3;12;0.82;0.29;Légère variabilité observée.
MMA3027;2017-08-15;S01;Z01;A3;12;0.15;0.62;Condition normale pour la saison.
MMA3027;2017-09-15;S01;Z01;A3;12;0.29;0.65;Légère variabilité observée.
MMA3027;2017-10-15;S01;Z01;A3;12;0.19;0.38;Condition normale pour la saison.
MMA3028;2017-05-15;S01;Z01;A3;12;0.47;0.32;Légère variabilité observée.
MMA3028;2017-06-15;S01;Z01;A3;12;0.41;0.88;Légère variabilité observée.
MMA3028;2017-07-15;S01;Z01;A3;12;0.26;0.15;Rien à signaler.
MMA3028;2017-08-15;S01;Z01;A3;12;0.46;0.82;Rien à signaler.
MMA3028;2017-09-15;S01;Z01;A3;12;0.72;0.07;Condition normale pour la saison.
MMA3028;2017-10-15;S01;Z01;A3;12;0.69;0.86;Rien à signaler.
MMA3029;2017-05-15;S01;Z01;A3;12;0.62;0.88;Condition normale pour la saison.
MMA3029;2017-06-15;S01;Z01;A3;12;0.41;0.33;Légère variabilité observée.
MMA3029;2017-07-15;S01;Z01;A3;12;0.28;0.30;Rien à signaler.
MMA3029;2017-08-15;S01;Z01;A3;12;0.86;0.21;Légère variabilité observée.
MMA3029;2017-09-15;S01;Z01;A3;12;0.24;0.57;Condition normale pour la saison.
MMA3029;2017-10-15;S01;Z01;A3;12;0.36;0.27;Légère variabilité observée.
MMA3030;2017-05-15;S01;Z01;A3;12;0.16;0.73;Condition normale pour la saison.
MMA3030;2017-06-15;S01;Z01;A3;12;0.75;0.08;Condition normale pour la saison.
MMA3030;2017-07-15;S01;Z01;A3;12;0.14;0.72;Rien à signaler.
MMA3030;2017-08-15;S01;Z01;A3;12;0.85;0.48;Légère variabilité observée.
MMA3030;2017-09-15;S01;Z01;A3;12;0.57;0.45;Légère variabilité observée.
MMA3030;2017-10-15;S01;Z01;A3;12;0.63;0.31;Condition normale pour la saison.
MMA3031;2017-05-15;S01;Z01;A3;12;0.63;0.21;Condition normale pour la saison.
MMA3031;2017-06-15;S01;Z01;A3;12;0.91;0.65;Rien à signaler.
MMA3031;2017-07-15;S01;Z01;A3;12;0.52;0.09;Condition normale pour la saison.
MMA3031;2017-08-15;S01;Z01;A3;12;0.85;0.76;Condition normale pour la saison.
MMA3031;2017-09-15;S01;Z01;A3;12;0.43;0.82;Légère variabilité observée.
MMA3031;2017-10-15;S01;Z01;A3;12;0.66;0.14;Légère variabilité observée.
MMA3032;2017-05-15;S01;Z01;A3;12;0.23;0.52;Légère variabilité observée.
MMA3032;2017-06-15;S01;Z01;A3;12;0.09;0.93;Légère variabilité observée.
MMA3032;2017-07-15;S01;Z01;A3;12;0.09;0.32;Condition normale pour la saison.
MMA3032;2017-08-15;S01;Z01;A3;12;0.36;0.72;Légère variabilité observée.
MMA3032;2017-09-15;S01;Z01;A3;12;0.67;0.47;Condition normale pour la saison.
MMA3032;2017-10-15;S01;Z01;A3;12;0.08;0.94;Condition normale pour la saison.
MMA3033;2017-05-15;S01;Z01;A3;12;0.75;0.75;Légère variabilité observée.
MMA3033;2017-06-15;S01;Z01;A3;12;0.39;0.19;Légère variabilité observée.
MMA3033;2017-07-15;S01;Z01;A3;12;0.84;0.22;Condition normale pour la saison.
MMA3033;2017-08-15;S01;Z01;A3;12;0.88;0.26;Condition normale pour la saison.
MMA3033;2017-09-15;S01;Z01;A3;12;0.34;0.60;Rien à signaler.
MMA3033;2017-10-15;S01;Z01;A3;12;0.85;0.90;Condition normale pour la saison.
MMA3034;2017-05-15;S01;Z01;A3;12;0.12;0.25;Légère variabilité observée.
MMA3034;2017-06-15;S01;Z01;A3;12;0.94;0.11;Légère variabilité observée.
MMA3034;2017-07-15;S01;Z01;A3;12;0.53;0.14;Condition normale pour la saison.
MMA3034;2017-08-15;S01;Z01;A3;12;0.11;0.33;Condition normale pour la saison.
MMA3034;2017-09-15;S01;Z01;A3;12;0.70;0.25;Condition normale pour la saison.
MMA3034;2017-10-15;S01;Z01;A3;12;0.91;0.29;Rien à signaler.
MMA3035;2017-05-15;S01;Z01;A3;12;0.39;0.18;Condition normale pour la saison.
MMA3035;2017-06-15;S01;Z01;A3;12;0.48;0.31;Condition normale pour la saison.
MMA3035;2017-07-15;S01;Z01;A3;12;0.37;0.82;Condition normale pour la saison.
MMA3035;2017-08-15;S01;Z01;A3;12;0.57;0.72;Condition normale pour la saison.
MMA3035;2017-09-15;S01;Z01;A3;12;0.73;0.47;Condition normale pour la saison.
MMA3035;2017-10-15;S01;Z01;A3;12;0.68;0.93;Condition normale pour la saison.
MMA3036;2017-05-15;S01;Z01;A3;12;0.87;0.58;Rien à signaler.
MMA3036;2017-06-15;S01;Z01;A3;12;0.69;0.30;Condition normale pour la saison.
MMA3036;2017-07-15;S01;Z01;A3;12;0.60;0.75;Légère variabilité observée.
MMA3036;2017-08-15;S01;Z01;A3;12;0.26;0.12;Rien à signaler.
MMA3036;2017-09-15;S01;Z01;A3;12;0.91;0.27;Condition normale pour la saison.
MMA3036;2017-10-15;S01;Z01;A3;12;0.93;0.61;Rien à signaler.
MMA3037;2017-05-15;S01;Z01;A3;12;0.14;0.81;Condition normale pour la saison.
MMA3037;2017-06-15;S01;Z01;A3;12;0.95;0.52;Condition normale pour la saison.
MMA3037;2017-07-15;S01;Z01;A3;12;0.53;0.17;Rien à signaler.
MMA3037;2017-08-15;S01;Z01;A3;12;0.84;0.92;Condition normale pour la saison.
MMA3037;2017-09-15;S01;Z01;A3;12;0.49;0.49;Condition normale pour la saison.
MMA3037;2017-10-15;S01;Z01;A3;12;0.81;0.28;Rien à signaler.
MMA3038;2017-05-15;S01;Z01;A3;12;0.82;0.14;Condition normale pour la saison.
MMA3038;2017-06-15;S01;Z01;A3;12;0.88;0.11;Condition normale pour la saison.
MMA3038;2017-07-15;S01;Z01;A3;12;0.84;0.15;Légère variabilité observée.
MMA3038;2017-08-15;S01;Z01;A3;12;0.94;0.41;Condition normale pour la saison.
MMA3038;2017-09-15;S01;Z01;A3;12;0.25;0.61;Légère variabilité observée.
MMA3038;2017-10-15;S01;Z01;A3;12;0.13;0.35;Condition normale pour la saison.
MMA3039;2017-05-15;S01;Z01;A3;12;0.60;0.56;Condition normale pour la saison.
MMA3039;2017-06-15;S01;Z01;A3;12;0.40;0.86;Rien à signaler.
MMA3039;2017-07-15;S01;Z01;A3;12;0.57;0.78;Condition normale pour la saison.
MMA3039;2017-08-15;S01;Z01;A3;12;0.42;0.72;Légère variabilité observée.
MMA3039;2017-09-15;S01;Z01;A3;12;0.74;0.16;Légère variabilité observée.
MMA3039;2017-10-15;S01;Z01;A3;12;0.80;0.67;Condition normale pour la saison.
MMA3040;2017-05-15;S01;Z01;A3;12;0.69;0.14;Rien à signaler.
MMA3040;2017-06-15;S01;Z01;A3;12;0.56;0.49;Condition normale pour la saison.
MMA3040;2017-07-15;S01;Z01;A3;12;0.90;0.51;Légère variabilité observée.
MMA3040;2017-08-15;S01;Z01;A3;12;0.87;0.50;Rien à signaler.
MMA3040;2017-09-15;S01;Z01;A3;12;0.22;0.39;Condition normale pour la saison.
MMA3040;2017-10-15;S01;Z01;A3;12;0.49;0.67;Condition normale pour la saison.
MMA3041;2017-05-15;S01;Z01;A3;12;0.77;0.87;Légère variabilité observée.
MMA3041;2017-06-15;S01;Z01;A3;12;0.61;0.15;Rien à signaler.
MMA3041;2017-07-15;S01;Z01;A3;12;0.92;0.58;Condition normale pour la saison.
MMA3041;2017-08-15;S01;Z01;A3;12;0.30;0.07;Légère variabilité observée.
MMA3041;2017-09-15;S01;Z01;A3;12;0.18;0.67;Condition normale pour la saison.
MMA3041;2017-10-15;S01;Z01;A3;12;0.92;0.84;Condition normale pour la saison.
MMA3042;2017-05-15;S01;Z01;A3;12;0.88;0.41;Condition normale pour la saison.
MMA3042;2017-06-15;S01;Z01;A3;12;0.39;0.17;Condition normale pour la saison.
MMA3042;2017-07-15;S01;Z01;A3;12;0.36;0.18;Légère variabilité observée.
MMA3042;2017-08-15;S01;Z01;A3;12;0.90;0.83;Condition normale pour la saison.
MMA3042;2017-09-15;S01;Z01;A3;12;0.08;0.49;Légère variabilité observée.
MMA3042;2017-10-15;S01;Z01;A3;12;0.44;0.44;Condition normale pour la saison.
MMA3043;2017-05-15;S01;Z01;A3;12;0.39;0.35;Condition normale pour la saison.
MMA3043;2017-06-15;S01;Z01;A3;12;0.08;0.86;Légère variabilité observée.
MMA3043;2017-07-15;S01;Z01;A3;12;0.80;0.25;Condition normale pour la saison.
MMA3043;2017-08-15;S01;Z01;A3;12;0.67;0.86;Légère variabilité observée.
MMA3043;2017-09-15;S01;Z01;A3;12;0.58;0.56;Légère variabilité observée.
MMA3043;2017-10-15;S01;Z01;A3;12;0.60;0.52;Légère variabilité observée.
MMA3044;2017-05-15;S01;Z01;A3;12;0.07;0.92;Condition normale pour la saison.
MMA3044;2017-06-15;S01;Z01;A3;12;0.89;0.05;Rien à signaler.
MMA3044;2017-07-15;S01;Z01;A3;12;0.15;0.66;Condition normale pour la saison.
MMA3044;2017-08-15;S01;Z01;A3;12;0.32;0.22;Condition normale pour la saison.
MMA3044;2017-09-15;S01;Z01;A3;12;0.74;0.69;Condition normale pour la saison.
MMA3044;2017-10-15;S01;Z01;A3;12;0.16;0.90;Condition normale pour la saison.
MMA3045;2017-05-15;S01;Z01;A3;12;0.45;0.14;Condition normale pour la saison.
MMA3045;2017-06-15;S01;Z01;A3;12;0.39;0.55;Condition normale pour la saison.
MMA3045;2017-07-15;S01;Z01;A3;12;0.13;0.79;Condition normale pour la saison.
MMA3045;2017-08-15;S01;Z01;A3;12;0.57;0.82;Rien à signaler.
MMA3045;2017-09-15;S01;Z01;A3;12;0.75;0.70;Condition normale pour la saison.
MMA3045;2017-10-15;S01;Z01;A3;12;0.30;0.17;Légère variabilité observée.
MMA3046;2017-05-15;S01;Z01;A3;12;0.48;0.61;Condition normale pour la saison.
MMA3046;2017-06-15;S01;Z01;A3;12;0.34;0.14;Légère variabilité observée.
MMA3046;2017-07-15;S01;Z01;A3;12;0.53;0.36;Condition normale pour la saison.
MMA3046;2017-08-15;S01;Z01;A3;12;0.58;0.41;Condition normale pour la saison.
MMA3046;2017-09-15;S01;Z01;A3;12;0.91;0.46;Légère variabilité observée.
MMA3046;2017-10-15;S01;Z01;A3;12;0.45;0.11;Condition normale pour la saison.
MMA3047;2017-05-15;S01;Z01;A3;12;0.79;0.87;Légère variabilité observée.
MMA3047;2017-06-15;S01;Z01;A3;12;0.15;0.62;Rien à signaler.
MMA3047;2017-07-15;S01;Z01;A3;12;0.55;0.93;Rien à signaler.
MMA3047;2017-08-15;S01;Z01;A3;12;0.21;0.77;Condition normale pour la saison.
MMA3047;2017-09-15;S01;Z01;A3;12;0.52;0.15;Condition normale pour la saison.
MMA3047;2017-10-15;S01;Z01;A3;12;0.33;0.45;Condition normale pour la saison.
MMA3048;2017-05-15;S01;Z01;A3;12;0.82;0.24;Légère variabilité observée.
MMA3048;2017-06-15;S01;Z01;A3;12;0.36;0.14;Rien à signaler.
MMA3048;2017-07-15;S01;Z01;A3;12;0.68;0.89;Rien à signaler.
MMA3048;2017-08-15;S01;Z01;A3;12;0.07;0.53;Condition normale pour la saison.
MMA3048;2017-09-15;S01;Z01;A3;12;0.53;0.41;Condition normale pour la saison.
MMA3048;2017-10-15;S01;Z01;A3;12;0.35;0.58;Rien à signaler.
MMA3049;2017-05-15;S01;Z01;A3;12;0.89;0.84;Rien à signaler.
MMA3049;2017-06-15;S01;Z01;A3;12;0.64;0.91;Légère variabilité observée.
MMA3049;2017-07-15;S01;Z01;A3;12;0.32;0.81;Rien à signaler.
MMA3049;2017-08-15;S01;Z01;A3;12;0.07;0.40;Rien à signaler.
MMA3049;2017-09-15;S01;Z01;A3;12;0.65;0.51;Condition normale pour la saison.
MMA3049;2017-10-15;S01;Z01;A3;12;0.44;0.25;Condition normale pour la saison.
MMA3050;2017-05-15;S01;Z01;A3;12;0.67;0.11;Condition normale pour la saison.
MMA3050;2017-06-15;S01;Z01;A3;12;0.23;0.43;Condition normale pour la saison.
MMA3050;2017-07-15;S01;Z01;A3;12;0.24;0.17;Légère variabilité observée.
MMA3050;2017-08-15;S01;Z01;A3;12;0.52;0.87;Légère variabilité observée.
MMA3050;2017-09-15;S01;Z01;A3;12;0.19;0.27;Rien à signaler.
MMA3050;2017-10-15;S01;Z01;A3;12;0.39;0.47;Condition normale pour la saison.
MMA3051;2017-05-15;S01;Z01;A3;12;0.92;0.80;Condition normale pour la saison.
MMA3051;2017-06-15;S01;Z01;A3;12;0.51;0.87;Condition normale pour la saison.
MMA3051;2017-07-15;S01;Z01;A3;12;0.53;0.65;Légère variabilité observée.
MMA3051;2017-08-15;S01;Z01;A3;12;0.25;0.58;Condition normale pour la saison.
MMA3051;2017-09-15;S01;Z01;A3;12;0.52;0.46;Condition normale pour la saison.
MMA3051;2017-10-15;S01;Z01;A3;12;0.93;0.86;Condition normale pour la saison.
MMA3052;2017-05-15;S01;Z01;A3;12;0.80;0.83;Rien à signaler.
MMA3052;2017-06-15;S01;Z01;A3;12;0.51;0.11;Condition normale pour la saison.
MMA3052;2017-07-15;S01;Z01;A3;12;0.79;0.91;Condition normale pour la saison.
MMA3052;2017-08-15;S01;Z01;A3;12;0.90;0.40;Rien à signaler.
MMA3052;2017-09-15;S01;Z01;A3;12;0.12;0.91;Légère variabilité observée.
MMA3052;2017-10-15;S01;Z01;A3;12;0.21;0.60;Condition normale pour la saison.
MMA3053;2017-05-15;S01;Z01;A3;12;0.28;0.60;Condition normale pour la saison.
MMA3053;2017-06-15;S01;Z01;A3;12;0.72;0.50;Rien à signaler.
MMA3053;2017-07-15;S01;Z01;A3;12;0.26;0.71;Rien à signaler.
MMA3053;2017-08-15;S01;Z01;A3;12;0.67;0.26;Condition normale pour la saison.
MMA3053;2017-09-15;S01;Z01;A3;12;0.43;0.07;Condition normale pour la saison.
MMA3053;2017-10-15;S01;Z01;A3;12;0.14;0.26;Condition normale pour la saison.
MMA3054;2017-05-15;S01;Z01;A3;12;0.70;0.41;Condition normale pour la saison.
MMA3054;2017-06-15;S01;Z01;A3;12;0.33;0.52;Rien à signaler.
MMA3054;2017-07-15;S01;Z01;A3;12;0.79;0.64;Condition normale pour la saison.
MMA3054;2017-08-15;S01;Z01;A3;12;0.65;0.29;Condition normale pour la saison.
MMA3054;2017-09-15;S01;Z01;A3;12;0.57;0.67;Rien à signaler.
MMA3054;2017-10-15;S01;Z01;A3;12;0.56;0.50;Condition normale pour la saison.
MMA3055;2017-05-15;S01;Z01;A3;12;0.16;0.38;Condition normale pour la saison.
MMA3055;2017-06-15;S01;Z01;A3;12;0.69;0.27;Condition normale pour la saison.
MMA3055;2017-07-15;S01;Z01;A3;12;0.46;0.18;Condition normale pour la saison.
MMA3055;2017-08-15;S01;Z01;A3;12;0.45;0.84;Rien à signaler.
MMA3055;2017-09-15;S01;Z01;A3;12;0.53;0.41;Légère variabilité observée.
MMA3055;2017-10-15;S01;Z01;A3;12;0.30;0.91;Condition normale pour la saison.
MMA3056;2017-05-15;S01;Z01;A3;12;0.54;0.48;Condition normale pour la saison.
MMA3056;2017-06-15;S01;Z01;A3;12;0.90;0.93;Légère variabilité observée.
MMA3056;2017-07-15;S01;Z01;A3;12;0.55;0.50;Condition normale pour la saison.
MMA3056;2017-08-15;S01;Z01;A3;12;0.67;0.43;Légère variabilité observée.
MMA3056;2017-09-15;S01;Z01;A3;12;0.94;0.93;Légère variabilité observée.
MMA3057;2017-05-15;S01;Z01;A3;12;0.53;0.42;Condition normale pour la saison.
MMA3057;2017-06-15;S01;Z01;A3;12;0.78;0.18;Légère variabilité observée.
MMA3057;2017-07-15;S01;Z01;A3;12;0.15;0.53;Rien à signaler.
MMA3057;2017-08-15;S01;Z01;A3;12;0.25;0.56;Condition normale pour la saison.
MMA3057;2017-09-15;S01;Z01;A3;12;0.51;0.48;Condition normale pour la saison.
MMA3057;2017-10-15;S01;Z01;A3;12;0.87;0.21;Rien à signaler.
MMA3058;2017-05-15;S01;Z01;A3;12;0.27;0.78;Légère variabilité observée.
MMA3058;2017-06-15;S01;Z01;A3;12;0.25;0.12;Légère variabilité observée.
MMA3058;2017-07-15;S01;Z01;A3;12;0.64;0.06;Condition normale pour la saison.
MMA3058;2017-08-15;S01;Z01;A3;12;0.30;0.60;Rien à signaler.
MMA3058;2017-09-15;S01;Z01;A3;12;0.19;0.73;Condition normale pour la saison.
MMA3058;2017-10-15;S01;Z01;A3;12;0.63;0.22;Rien à signaler.
MMA3059;2017-05-15;S01;Z01;A3;12;0.84;0.28;Rien à signaler.
MMA3059;2017-06-15;S01;Z01;A3;12;0.46;0.42;Condition normale pour la saison.
MMA3059;2017-07-15;S01;Z01;A3;12;0.76;0.43;Légère variabilité observée.
MMA3059;2017-08-15;S01;Z01;A3;12;0.42;0.34;Condition normale pour la saison.
MMA3059;2017-09-15;S01;Z01;A3;12;0.48;0.50;Condition normale pour la saison.
MMA3059;2017-10-15;S01;Z01;A3;12;0.31;0.15;Légère variabilité observée.
MMA3060;2017-05-15;S01;Z01;A3;12;0.29;0.69;Condition normale pour la saison.
MMA3060;2017-06-15;S01;Z01;A3;12;0.71;0.67;Légère variabilité observée.
MMA3060;2017-07-15;S01;Z01;A3;12;0.69;0.45;Condition normale pour la saison.
MMA3060;2017-08-15;S01;Z01;A3;12;0.60;0.14;Rien à signaler.
MMA3060;2017-09-15;S01;Z01;A3;12;0.07;0.53;Condition normale pour la saison.
MMA3060;2017-10-15;S01;Z01;A3;12;0.39;0.50;Rien à signaler.
MMA3061;2017-05-15;S01;Z01;A3;12;0.43;0.66;Légère variabilité observée.
MMA3061;2017-06-15;S01;Z01;A3;12;0.64;0.28;Condition normale pour la saison.
MMA3061;2017-07-15;S01;Z01;A3;12;0.88;0.31;Condition normale pour la saison.
MMA3061;2017-08-15;S01;Z01;A3;12;0.75;0.77;Condition normale pour la saison.
MMA3061;2017-09-15;S01;Z01;A3;12;0.67;0.76;Condition normale pour la saison.
MMA3061;2017-10-15;S01;Z01;A3;12;0.16;0.73;Condition normale pour la saison.
MMA3062;2017-05-15;S01;Z01;A3;12;0.63;0.41;Légère variabilité observée.
MMA3062;2017-06-15;S01;Z01;A3;12;0.93;0.24;Condition normale pour la saison.
MMA3062;2017-07-15;S01;Z01;A3;12;0.53;0.57;Légère variabilité observée.
MMA3062;2017-08-15;S01;Z01;A3;12;0.17;0.24;Légère variabilité observée.
MMA3062;2017-09-15;S01;Z01;A3;12;0.72;0.33;Condition normale pour la saison.
MMA3062;2017-10-15;S01;Z01;A3;12;0.50;0.69;Condition normale pour la saison.
MMA3063;2017-05-15;S01;Z01;A3;12;0.29;0.09;Condition normale pour la saison.
MMA3063;2017-06-15;S01;Z01;A3;12;0.85;0.30;Légère variabilité observée.
MMA3063;2017-07-15;S01;Z01;A3;12;0.34;0.26;Condition normale pour la saison.
MMA3063;2017-08-15;S01;Z01;A3;12;0.61;0.52;Légère variabilité observée.
MMA3063;2017-09-15;S01;Z01;A3;12;0.43;0.91;Rien à signaler.
MMA3063;2017-10-15;S01;Z01;A3;12;0.82;0.76;Condition normale pour la saison.
MMA3064;2017-05-15;S01;Z01;A3;12;0.91;0.56;Condition normale pour la saison.
MMA3064;2017-06-15;S01;Z01;A3;12;0.23;0.19;Rien à signaler.
MMA3064;2017-07-15;S01;Z01;A3;12;0.37;0.49;Condition normale pour la saison.
MMA3064;2017-08-15;S01;Z01;A3;12;0.89;0.84;Condition normale pour la saison.
MMA3064;2017-09-15;S01;Z01;A3;12;0.34;0.67;Rien à signaler.
MMA3064;2017-10-15;S01;Z01;A3;12;0.40;0.76;Condition normale pour la saison.
MMA3065;2017-05-15;S01;Z01;A3;12;0.32;0.43;Légère variabilité observée.
MMA3065;2017-06-15;S01;Z01;A3;12;0.48;0.11;Condition normale pour la saison.
MMA3065;2017-07-15;S01;Z01;A3;12;0.85;0.93;Condition normale pour la saison.
MMA3065;2017-08-15;S01;Z01;A3;12;0.73;0.63;Condition normale pour la saison.
MMA3065;2017-09-15;S01;Z01;A3;12;0.55;0.10;Condition normale pour la saison.
MMA3065;2017-10-15;S01;Z01;A3;12;0.27;0.51;Légère variabilité observée.
MMA3066;2017-05-15;S01;Z01;A3;12;0.44;0.07;Condition normale pour la saison.
MMA3066;2017-06-15;S01;Z01;A3;12;0.27;0.55;Condition normale pour la saison.
MMA3066;2017-07-15;S01;Z01;A3;12;0.47;0.37;Condition normale pour la saison.
MMA3066;2017-08-15;S01;Z01;A3;12;0.50;0.40;Condition normale pour la saison.
MMA3066;2017-09-15;S01;Z01;A3;12;0.68;0.92;Condition normale pour la saison.
MMA3066;2017-10-15;S01;Z01;A3;12;0.90;0.40;Condition normale pour la saison.
MMA3067;2017-05-15;S01;Z01;A3;12;0.27;0.58;Condition normale pour la saison.
MMA3067;2017-06-15;S01;Z01;A3;12;0.20;0.76;Légère variabilité observée.
MMA3067;2017-07-15;S01;Z01;A3;12;0.86;0.28;Rien à signaler.
MMA3067;2017-08-15;S01;Z01;A3;12;0.43;0.47;Condition normale pour la saison.
MMA3067;2017-09-15;S01;Z01;A3;12;0.53;0.50;Légère variabilité observée.
MMA3067;2017-10-15;S01;Z01;A3;12;0.56;0.61;Condition normale pour la saison.
MMA3068;2017-05-15;S01;Z01;A3;12;0.61;0.95;Légère variabilité observée.
MMA3068;2017-06-15;S01;Z01;A3;12;0.28;0.92;Rien à signaler.
MMA3068;2017-07-15;S01;Z01;A3;12;0.93;0.62;Rien à signaler.
MMA3068;2017-08-15;S01;Z01;A3;12;0.94;0.49;Condition normale pour la saison.
MMA3068;2017-09-15;S01;Z01;A3;12;0.85;0.81;Condition normale pour la saison.
MMA3068;2017-10-15;S01;Z01;A3;12;0.33;0.40;Légère variabilité observée.
MMA3069;2017-05-15;S01;Z01;A3;12;0.10;0.21;Condition normale pour la saison.
MMA3069;2017-06-15;S01;Z01;A3;12;0.09;0.27;Légère variabilité observée.
MMA3069;2017-07-15;S01;Z01;A3;12;0.80;0.63;Condition normale pour la saison.
MMA3069;2017-08-15;S01;Z01;A3;12;0.56;0.79;Condition normale pour la saison.
MMA3069;2017-09-15;S01;Z01;A3;12;0.34;0.51;Condition normale pour la saison.
MMA3069;2017-10-15;S01;Z01;A3;12;0.55;0.75;Condition normale pour la saison.
MMA3070;2017-05-15;S01;Z01;A3;12;0.32;0.90;Condition normale pour la saison.
MMA3070;2017-06-15;S01;Z01;A3;12;0.68;0.91;Légère variabilité observée.
MMA3070;2017-07-15;S01;Z01;A3;12;0.73;0.62;Légère variabilité observée.
MMA3070;2017-08-15;S01;Z01;A3;12;0.21;0.17;Condition normale pour la saison.
MMA3070;2017-09-15;S01;Z01;A3;12;0.42;0.93;Rien à signaler.
MMA3070;2017-10-15;S01;Z01;A3;12;0.89;0.19;Condition normale pour la saison.
MMA3071;2017-05-15;S01;Z01;A3;12;0.62;0.50;Condition normale pour la saison.
MMA3071;2017-06-15;S01;Z01;A3;12;0.54;0.14;Rien à signaler.
MMA3071;2017-07-15;S01;Z01;A3;12;0.88;0.06;Légère variabilité observée.
MMA3071;2017-08-15;S01;Z01;A3;12;0.64;0.78;Légère variabilité observée.
MMA3071;2017-09-15;S01;Z01;A3;12;0.86;0.35;Rien à signaler.
MMA3071;2017-10-15;S01;Z01;A3;12;0.21;0.29;Condition normale pour la saison.
MMA3072;2017-05-15;S01;Z01;A3;12;0.21;0.46;Condition normale pour la saison.
MMA3072;2017-06-15;S01;Z01;A3;12;0.83;0.49;Rien à signaler.
MMA3072;2017-07-15;S01;Z01;A3;12;0.94;0.89;Condition normale pour la saison.
MMA3072;2017-08-15;S01;Z01;A3;12;0.51;0.20;Condition normale pour la saison.
MMA3072;2017-09-15;S01;Z01;A3;12;0.67;0.40;Condition normale pour la saison.
MMA3072;2017-10-15;S01;Z01;A3;12;0.92;0.74;Rien à signaler.
MMA3073;2017-05-15;S01;Z01;A3;12;0.37;0.35;Condition normale pour la saison.
MMA3073;2017-06-15;S01;Z01;A3;12;0.51;0.55;Rien à signaler.
MMA3073;2017-07-15;S01;Z01;A3;12;0.26;0.84;Rien à signaler.
MMA3073;2017-08-15;S01;Z01;A3;12;0.69;0.24;Condition normale pour la saison.
MMA3073;2017-09-15;S01;Z01;A3;12;0.26;0.50;Légère variabilité observée.
MMA3073;2017-10-15;S01;Z01;A3;12;0.42;0.93;Légère variabilité observée.
MMA3074;2017-05-15;S01;Z01;A3;12;0.77;0.58;Rien à signaler.
MMA3074;2017-06-15;S01;Z01;A3;12;0.69;0.67;Rien à signaler.
MMA3074;2017-07-15;S01;Z01;A3;12;0.40;0.14;Légère variabilité observée.
MMA3074;2017-08-15;S01;Z01;A3;12;0.68;0.63;Légère variabilité observée.
MMA3074;2017-09-15;S01;Z01;A3;12;0.22;0.67;Condition normale pour la saison.
MMA3074;2017-10-15;S01;Z01;A3;12;0.72;0.92;Condition normale pour la saison.
MMA3075;2017-05-15;S01;Z01;A3;12;0.72;0.73;Légère variabilité observée.
MMA3075;2017-06-15;S01;Z01;A3;12;0.43;0.51;Rien à signaler.
MMA3075;2017-07-15;S01;Z01;A3;12;0.56;0.93;Condition normale pour la saison.
MMA3075;2017-08-15;S01;Z01;A3;12;0.43;0.74;Légère variabilité observée.
MMA3075;2017-09-15;S01;Z01;A3;12;0.55;0.47;Légère variabilité observée.
MMA3075;2017-10-15;S01;Z01;A3;12;0.38;0.76;Légère variabilité observée.
MMA3076;2017-05-15;S01;Z01;A3;12;0.70;0.24;Rien à signaler.
MMA3076;2017-06-15;S01;Z01;A3;12;0.38;0.77;Condition normale pour la saison.
MMA3076;2017-07-15;S01;Z01;A3;12;0.12;0.78;Rien à signaler.
MMA3076;2017-08-15;S01;Z01;A3;12;0.51;0.33;Condition normale pour la saison.
MMA3076;2017-09-15;S01;Z01;A3;12;0.32;0.90;Légère variabilité observée.
MMA3076;2017-10-15;S01;Z01;A3;12;0.81;0.44;Rien à signaler.
MMA3077;2017-05-15;S01;Z01;A3;12;0.77;0.72;Condition normale pour la saison.
MMA3077;2017-06-15;S01;Z01;A3;12;0.10;0.07;Légère variabilité observée.
MMA3077;2017-07-15;S01;Z01;A3;12;0.74;0.09;Condition normale pour la saison.
MMA3077;2017-08-15;S01;Z01;A3;12;0.28;0.74;Condition normale pour la saison.
MMA3077;2017-09-15;S01;Z01;A3;12;0.50;0.12;Rien à signaler.
MMA3077;2017-10-15;S01;Z01;A3;12;0.83;0.17;Condition normale pour la saison.
MMA3078;2017-05-15;S01;Z01;A3;12;0.43;0.51;Condition normale pour la saison.
MMA3078;2017-06-15;S01;Z01;A3;12;0.22;0.15;Condition normale pour la saison.
MMA3078;2017-07-15;S01;Z01;A3;12;0.64;0.66;Rien à signaler.
MMA3078;2017-08-15;S01;Z01;A3;12;0.13;0.25;Rien à signaler.
MMA3078;2017-09-15;S01;Z01;A3;12;0.41;0.37;Condition normale pour la saison.
MMA3078;2017-10-15;S01;Z01;A3;12;0.27;0.34;Rien à signaler.
MMA3079;2017-05-15;S01;Z01;A3;12;0.25;0.93;Condition normale pour la saison.
MMA3079;2017-06-15;S01;Z01;A3;12;0.61;0.50;Condition normale pour la saison.
MMA3079;2017-07-15;S01;Z01;A3;12;0.79;0.11;Condition normale pour la saison.
MMA3079;2017-08-15;S01;Z01;A3;12;0.26;0.85;Légère variabilité observée.
MMA3079;2017-09-15;S01;Z01;A3;12;0.66;0.19;Légère variabilité observée.
MMA3079;2017-10-15;S01;Z01;A3;12;0.73;0.85;Légère variabilité observée.
MMA3080;2017-05-15;S01;Z01;A3;12;0.60;0.13;Condition normale pour la saison.
MMA3080;2017-06-15;S01;Z01;A3;12;0.68;0.30;Condition normale pour la saison.
MMA3080;2017-07-15;S01;Z01;A3;12;0.79;0.92;Condition normale pour la saison.
MMA3080;2017-08-15;S01;Z01;A3;12;0.43;0.55;Condition normale pour la saison.
MMA3080;2017-09-15;S01;Z01;A3;12;0.67;0.93;Condition normale pour la saison.
MMA3080;2017-10-15;S01;Z01;A3;12;0.08;0.70;Légère variabilité observée.
MMA3081;2017-05-15;S01;Z01;A3;12;0.71;0.79;Rien à signaler.
MMA3081;2017-06-15;S01;Z01;A3;12;0.40;0.41;Condition normale pour la saison.
MMA3081;2017-07-15;S01;Z01;A3;12;0.18;0.24;Légère variabilité observée.
MMA3081;2017-08-15;S01;Z01;A3;12;0.55;0.68;Condition normale pour la saison.
MMA3081;2017-09-15;S01;Z01;A3;12;0.35;0.30;Rien à signaler.
MMA3081;2017-10-15;S01;Z01;A3;12;0.78;0.39;Légère variabilité observée.
MMA3082;2017-05-15;S01;Z01;A3;12;0.69;0.56;Condition normale pour la saison.
MMA3082;2017-06-15;S01;Z01;A3;12;0.09;0.62;Condition normale pour la saison.
MMA3082;2017-07-15;S01;Z01;A3;12;0.18;0.39;Condition normale pour la saison.
MMA3082;2017-08-15;S01;Z01;A3;12;0.07;0.09;Rien à signaler.
MMA3082;2017-09-15;S01;Z01;A3;12;0.58;0.16;Condition normale pour la saison.
MMA3082;2017-10-15;S01;Z01;A3;12;0.16;0.57;Rien à signaler.
MMA3083;2017-05-15;S01;Z01;A3;12;0.11;0.79;Légère variabilité observée.
MMA3083;2017-06-15;S01;Z01;A3;12;0.55;0.08;Condition normale pour la saison.
MMA3083;2017-07-15;S01;Z01;A3;12;0.77;0.18;Condition normale pour la saison.
MMA3083;2017-08-15;S01;Z01;A3;12;0.69;0.55;Condition normale pour la saison.
MMA3083;2017-09-15;S01;Z01;A3;12;0.42;0.17;Condition normale pour la saison.
MMA3083;2017-10-15;S01;Z01;A3;12;0.87;0.67;Condition normale pour la saison.
MMA3084;2017-05-15;S01;Z01;A3;12;0.60;0.26;Légère variabilité observée.
MMA3084;2017-06-15;S01;Z01;A3;12;0.84;0.11;Condition normale pour la saison.
MMA3084;2017-07-15;S01;Z01;A3;12;0.70;0.23;Condition normale pour la saison.
MMA3084;2017-08-15;S01;Z01;A3;12;0.14;0.26;Condition normale pour la saison.
MMA3084;2017-09-15;S01;Z01;A3;12;0.64;0.34;Condition normale pour la saison.
MMA3084;2017-10-15;S01;Z01;A3;12;0.67;0.26;Condition normale pour la saison.
MMA3085;2017-05-15;S01;Z01;A3;12;0.08;0.06;Légère variabilité observée.
MMA3085;2017-06-15;S01;Z01;A3;12;0.27;0.67;Légère variabilité observée.
MMA3085;2017-07-15;S01;Z01;A3;12;0.71;0.87;Rien à signaler.
MMA3085;2017-08-15;S01;Z01;A3;12;0.18;0.23;Rien à signaler.
MMA3085;2017-09-15;S01;Z01;A3;12;0.38;0.06;Légère variabilité observée.
MMA3085;2017-10-15;S01;Z01;A3;12;0.17;0.26;Condition normale pour la saison.
MMA3086;2017-05-15;S01;Z01;A3;12;0.07;0.74;Condition normale pour la saison.
MMA3086;2017-06-15;S01;Z01;A3;12;0.33;0.18;Rien à signaler.
MMA3086;2017-07-15;S01;Z01;A3;12;0.51;0.06;Légère variabilité observée.
MMA3086;2017-08-15;S01;Z01;A3;12;0.46;0.32;Rien à signaler.
MMA3086;2017-09-15;S01;Z01;A3;12;0.34;0.70;Condition normale pour la saison.
MMA3086;2017-10-15;S01;Z01;A3;12;0.62;0.49;Légère variabilité observée.
MMA3087;2017-05-15;S01;Z01;A3;12;0.12;0.42;Condition normale pour la saison.
MMA3087;2017-06-15;S01;Z01;A3;12;0.42;0.64;Condition normale pour la saison.
MMA3087;2017-07-15;S01;Z01;A3;12;0.91;0.71;Condition normale pour la saison.
MMA3087;2017-08-15;S01;Z01;A3;12;0.36;0.52;Condition normale pour la saison.
MMA3087;2017-09-15;S01;Z01;A3;12;0.43;0.66;Légère variabilité observée.
MMA3087;2017-10-15;S01;Z01;A3;12;0.15;0.84;Condition normale pour la saison.
MMA3088;2017-05-15;S01;Z01;A3;12;0.77;0.08;Condition normale pour la saison.
MMA3088;2017-06-15;S01;Z01;A3;12;0.30;0.49;Rien à signaler.
MMA3088;2017-07-15;S01;Z01;A3;12;0.56;0.30;Rien à signaler.
MMA3088;2017-08-15;S01;Z01;A3;12;0.91;0.17;Rien à signaler.
MMA3088;2017-09-15;S01;Z01;A3;12;0.45;0.66;Rien à signaler.
MMA3088;2017-10-15;S01;Z01;A3;12;0.88;0.28;Rien à signaler.
MMA3089;2017-05-15;S01;Z01;A3;12;0.67;0.38;Condition normale pour la saison.
MMA3089;2017-06-15;S01;Z01;A3;12;0.31;0.23;Rien à signaler.
MMA3089;2017-07-15;S01;Z01;A3;12;0.75;0.50;Légère variabilité observée.
MMA3089;2017-08-15;S01;Z01;A3;12;0.60;0.36;Rien à signaler.
MMA3089;2017-09-15;S01;Z01;A3;12;0.08;0.65;Légère variabilité observée.
MMA3089;2017-10-15;S01;Z01;A3;12;0.16;0.18;Rien à signaler.
MMA3090;2017-05-15;S01;Z01;A3;12;0.40;0.09;Condition normale pour la saison.
MMA3090;2017-06-15;S01;Z01;A3;12;0.13;0.21;Condition normale pour la saison.
MMA3090;2017-07-15;S01;Z01;A3;12;0.60;0.95;Condition normale pour la saison.
MMA3090;2017-08-15;S01;Z01;A3;12;0.23;0.66;Rien à signaler.
MMA3090;2017-09-15;S01;Z01;A3;12;0.24;0.27;Condition normale pour la saison.
MMA3090;2017-10-15;S01;Z01;A3;12;0.32;0.15;Condition normale pour la saison.
MMA3091;2017-05-15;S01;Z01;A3;12;0.19;0.16;Condition normale pour la saison.
MMA3091;2017-06-15;S01;Z01;A3;12;0.09;0.73;Légère variabilité observée.
MMA3091;2017-07-15;S01;Z01;A3;12;0.71;0.48;Rien à signaler.
MMA3091;2017-08-15;S01;Z01;A3;12;0.43;0.90;Rien à signaler.
MMA3091;2017-09-15;S01;Z01;A3;12;0.16;0.33;Rien à signaler.
MMA3091;2017-10-15;S01;Z01;A3;12;0.62;0.88;Condition normale pour la saison.
MMA3092;2017-05-15;S01;Z01;A3;12;0.28;0.37;Légère variabilité observée.
MMA3092;2017-06-15;S01;Z01;A3;12;0.55;0.93;Légère variabilité observée.
MMA3092;2017-07-15;S01;Z01;A3;12;0.33;0.14;Rien à signaler.
MMA3092;2017-08-15;S01;Z01;A3;12;0.18;0.43;Rien à signaler.
MMA3092;2017-09-15;S01;Z01;A3;12;0.51;0.54;Légère variabilité observée.
MMA3092;2017-10-15;S01;Z01;A3;12;0.61;0.83;Condition normale pour la saison.
MMA3093;2017-05-15;S01;Z01;A3;12;0.58;0.41;Condition normale pour la saison.
MMA3093;2017-06-15;S01;Z01;A3;12;0.47;0.92;Légère variabilité observée.
MMA3093;2017-07-15;S01;Z01;A3;12;0.09;0.93;Rien à signaler.
MMA3093;2017-08-15;S01;Z01;A3;12;0.65;0.27;Légère variabilité observée.
MMA3093;2017-09-15;S01;Z01;A3;12;0.51;0.93;Condition normale pour la saison.
MMA3093;2017-10-15;S01;Z01;A3;12;0.11;0.77;Condition normale pour la saison.
MMA3094;2017-05-15;S01;Z01;A3;12;0.06;0.61;Condition normale pour la saison.
MMA3094;2017-06-15;S01;Z01;A3;12;0.64;0.09;Rien à signaler.
MMA3094;2017-07-15;S01;Z01;A3;12;0.34;0.45;Légère variabilité observée.
MMA3094;2017-08-15;S01;Z01;A3;12;0.44;0.89;Condition normale pour la saison.
MMA3094;2017-09-15;S01;Z01;A3;12;0.73;0.89;Rien à signaler.
MMA3094;2017-10-15;S01;Z01;A3;12;0.05;0.30;Rien à signaler.
MMA3095;2017-05-15;S01;Z01;A3;12;0.66;0.43;Condition normale pour la saison.
MMA3095;2017-06-15;S01;Z01;A3;12;0.68;0.26;Condition normale pour la saison.
MMA3095;2017-07-15;S01;Z01;A3;12;0.45;0.69;Légère variabilité observée.
MMA3095;2017-08-15;S01;Z01;A3;12;0.93;0.17;Légère variabilité observée.
MMA3095;2017-09-15;S01;Z01;A3;12;0.43;0.75;Légère variabilité observée.
MMA3095;2017-10-15;S01;Z01;A3;12;0.59;0.75;Rien à signaler.
MMA3096;2017-05-15;S01;Z01;A3;12;0.63;0.17;Condition normale pour la saison.
MMA3096;2017-06-15;S01;Z01;A3;12;0.23;0.16;Condition normale pour la saison.
MMA3096;2017-07-15;S01;Z01;A3;12;0.66;0.72;Condition normale pour la saison.
MMA3096;2017-08-15;S01;Z01;A3;12;0.81;0.29;Condition normale pour la saison.
MMA3096;2017-09-15;S01;Z01;A3;12;0.43;0.18;Condition normale pour la saison.
MMA3096;2017-10-15;S01;Z01;A3;12;0.76;0.85;Rien à signaler.
MMA3097;2017-05-15;S01;Z01;A3;12;0.87;0.70;Condition normale pour la saison.
MMA3097;2017-06-15;S01;Z01;A3;12;0.84;0.91;Légère variabilité observée.
MMA3097;2017-07-15;S01;Z01;A3;12;0.21;0.07;Rien à signaler.
MMA3097;2017-08-15;S01;Z01;A3;12;0.18;0.90;Condition normale pour la saison.
MMA3097;2017-09-15;S01;Z01;A3;12;0.39;0.13;Rien à signaler.
MMA3097;2017-10-15;S01;Z01;A3;12;0.67;0.23;Condition normale pour la saison.
MMA3098;2017-05-15;S01;Z01;A3;12;0.34;0.61;Condition normale pour la saison.
MMA3098;2017-06-15;S01;Z01;A3;12;0.44;0.44;Condition normale pour la saison.
MMA3098;2017-07-15;S01;Z01;A3;12;0.70;0.59;Condition normale pour la saison.
MMA3098;2017-08-15;S01;Z01;A3;12;0.23;0.91;Rien à signaler.
MMA3098;2017-09-15;S01;Z01;A3;12;0.40;0.65;Condition normale pour la saison.
MMA3098;2017-10-15;S01;Z01;A3;12;0.60;0.69;Rien à signaler.
MMA3099;2017-05-15;S01;Z01;A3;12;0.74;0.94;Légère variabilité observée.
MMA3099;2017-06-15;S01;Z01;A3;12;0.41;0.75;Condition normale pour la saison.
MMA3099;2017-07-15;S01;Z01;A3;12;0.82;0.68;Légère variabilité observée.
MMA3099;2017-08-15;S01;Z01;A3;12;0.85;0.36;Condition normale pour la saison.
MMA3099;2017-10-15;S01;Z01;A3;12;0.81;0.37;Rien à signaler.
MMA3100;2017-05-15;S01;Z01;A3;12;0.75;0.25;Condition normale pour la saison.
MMA3100;2017-06-15;S01;Z01;A3;12;0.86;0.94;Légère variabilité observée.
MMA3100;2017-07-15;S01;Z01;A3;12;0.29;0.68;Légère variabilité observée.
MMA3100;2017-08-15;S01;Z01;A3;12;0.28;0.53;Condition normale pour la saison.
MMA3100;2017-09-15;S01;Z01;A3;12;0.66;0.72;Rien à signaler.
MMA3100;2017-10-15;S01;Z01;A3;12;0.56;0.89;Condition normale pour la saison.
MMA4001;2017-05-15;S01;Z01;A4;11;0.52;0.46;Rien à signaler.
MMA4001;2017-06-15;S01;Z01;A4;11;0.25;0.42;Légère variabilité observée.
MMA4001;2017-07-15;S01;Z01;A4;11;0.88;0.87;Légère variabilité observée.
MMA4001;2017-08-15;S01;Z01;A4;11;0.27;0.18;Légère variabilité observée.
MMA4001;2017-09-15;S01;Z01;A4;11;0.50;0.87;Légère variabilité observée.
MMA4001;2017-10-15;S01;Z01;A4;11;0.45;0.82;Condition normale pour la saison.
MMA4002;2017-05-15;S01;Z01;A4;11;0.86;0.88;Condition normale pour la saison.
MMA4002;2017-06-15;S01;Z01;A4;11;0.37;0.51;Condition normale pour la saison.
MMA4002;2017-07-15;S01;Z01;A4;11;0.49;0.82;Rien à signaler.
MMA4002;2017-08-15;S01;Z01;A4;11;0.70;0.68;Condition normale pour la saison.
MMA4002;2017-09-15;S01;Z01;A4;11;0.78;0.22;Condition normale pour la saison.
MMA4002;2017-10-15;S01;Z01;A4;11;0.60;0.95;Condition normale pour la saison.
MMA4003;2017-05-15;S01;Z01;A4;11;0.52;0.90;Rien à signaler.
MMA4003;2017-06-15;S01;Z01;A4;11;0.74;0.74;Condition normale pour la saison.
MMA4003;2017-07-15;S01;Z01;A4;11;0.08;0.78;Rien à signaler.
MMA4003;2017-08-15;S01;Z01;A4;11;0.79;0.49;Condition normale pour la saison.
MMA4003;2017-09-15;S01;Z01;A4;11;0.16;0.72;Légère variabilité observée.
MMA4003;2017-10-15;S01;Z01;A4;11;0.61;0.14;Rien à signaler.
MMA4004;2017-05-15;S01;Z01;A4;11;0.66;0.48;Légère variabilité observée.
MMA4004;2017-06-15;S01;Z01;A4;11;0.23;0.19;Condition normale pour la saison.
MMA4004;2017-07-15;S01;Z01;A4;11;0.91;0.54;Condition normale pour la saison.
MMA4004;2017-08-15;S01;Z01;A4;11;0.46;0.64;Légère variabilité observée.
MMA4004;2017-09-15;S01;Z01;A4;11;0.75;0.93;Rien à signaler.
MMA4004;2017-10-15;S01;Z01;A4;11;0.54;0.17;Rien à signaler.
MMA4005;2017-05-15;S01;Z01;A4;11;0.57;0.10;Condition normale pour la saison.
MMA4005;2017-06-15;S01;Z01;A4;11;0.07;0.41;Rien à signaler.
MMA4005;2017-07-15;S01;Z01;A4;11;0.52;0.24;Condition normale pour la saison.
MMA4005;2017-08-15;S01;Z01;A4;11;0.67;0.77;Condition normale pour la saison.
MMA4005;2017-09-15;S01;Z01;A4;11;0.29;0.56;Condition normale pour la saison.
MMA4005;2017-10-15;S01;Z01;A4;11;0.25;0.32;Rien à signaler.
MMA4006;2017-05-15;S01;Z01;A4;11;0.23;0.17;Rien à signaler.
MMA4006;2017-06-15;S01;Z01;A4;11;0.07;0.38;Condition normale pour la saison.
MMA4006;2017-07-15;S01;Z01;A4;11;0.47;0.72;Condition normale pour la saison.
MMA4006;2017-08-15;S01;Z01;A4;11;0.36;0.45;Condition normale pour la saison.
MMA4006;2017-09-15;S01;Z01;A4;11;0.17;0.82;Rien à signaler.
MMA4006;2017-10-15;S01;Z01;A4;11;0.85;0.12;Condition normale pour la saison.
MMA4007;2017-05-15;S01;Z01;A4;11;0.43;0.91;Légère variabilité observée.
MMA4007;2017-06-15;S01;Z01;A4;11;0.65;0.43;Rien à signaler.
MMA4007;2017-07-15;S01;Z01;A4;11;0.58;0.25;Rien à signaler.
MMA4007;2017-08-15;S01;Z01;A4;11;0.92;0.40;Condition normale pour la saison.
MMA4007;2017-09-15;S01;Z01;A4;11;0.78;0.95;Condition normale pour la saison.
MMA4007;2017-10-15;S01;Z01;A4;11;0.62;0.41;Condition normale pour la saison.
MMA4008;2017-05-15;S01;Z01;A4;11;0.10;0.90;Condition normale pour la saison.
MMA4008;2017-06-15;S01;Z01;A4;11;0.74;0.34;Rien à signaler.
MMA4008;2017-07-15;S01;Z01;A4;11;0.83;0.42;Rien à signaler.
MMA4008;2017-08-15;S01;Z01;A4;11;0.16;0.36;Rien à signaler.
MMA4008;2017-09-15;S01;Z01;A4;11;0.56;0.59;Légère variabilité observée.
MMA4008;2017-10-15;S01;Z01;A4;11;0.93;0.64;Rien à signaler.
MMA4009;2017-05-15;S01;Z01;A4;11;0.56;0.93;Condition normale pour la saison.
MMA4009;2017-06-15;S01;Z01;A4;11;0.68;0.74;Condition normale pour la saison.
MMA4009;2017-07-15;S01;Z01;A4;11;0.65;0.45;Rien à signaler.
MMA4009;2017-08-15;S01;Z01;A4;11;0.68;0.27;Rien à signaler.
MMA4009;2017-09-15;S01;Z01;A4;11;0.61;0.51;Condition normale pour la saison.
MMA4009;2017-10-15;S01;Z01;A4;11;0.17;0.90;Légère variabilité observée.
MMA4010;2017-05-15;S01;Z01;A4;11;0.80;0.71;Condition normale pour la saison.
MMA4010;2017-06-15;S01;Z01;A4;11;0.45;0.79;Condition normale pour la saison.
MMA4010;2017-07-15;S01;Z01;A4;11;0.84;0.28;Légère variabilité observée.
MMA4010;2017-08-15;S01;Z01;A4;11;0.35;0.88;Condition normale pour la saison.
MMA4010;2017-09-15;S01;Z01;A4;11;0.36;0.90;Rien à signaler.
MMA4010;2017-10-15;S01;Z01;A4;11;0.20;0.33;Condition normale pour la saison.
MMA4011;2017-05-15;S01;Z01;A4;11;0.32;0.60;Condition normale pour la saison.
MMA4011;2017-06-15;S01;Z01;A4;11;0.17;0.48;Légère variabilité observée.
MMA4011;2017-07-15;S01;Z01;A4;11;0.74;0.68;Rien à signaler.
MMA4011;2017-08-15;S01;Z01;A4;11;0.32;0.39;Légère variabilité observée.
MMA4011;2017-09-15;S01;Z01;A4;11;0.43;0.60;Condition normale pour la saison.
MMA4011;2017-10-15;S01;Z01;A4;11;0.21;0.56;Rien à signaler.
MMA4012;2017-05-15;S01;Z01;A4;11;0.54;0.43;Légère variabilité observée.
MMA4012;2017-06-15;S01;Z01;A4;11;0.24;0.42;Condition normale pour la saison.
MMA4012;2017-07-15;S01;Z01;A4;11;0.94;0.29;Condition normale pour la saison.
MMA4012;2017-08-15;S01;Z01;A4;11;0.72;0.35;Condition normale pour la saison.
MMA4012;2017-09-15;S01;Z01;A4;11;0.53;0.64;Légère variabilité observée.
MMA4012;2017-10-15;S01;Z01;A4;11;0.80;0.93;Légère variabilité observée.
MMA4013;2017-05-15;S01;Z01;A4;11;0.46;0.28;Condition normale pour la saison.
MMA4013;2017-06-15;S01;Z01;A4;11;0.37;0.58;Rien à signaler.
MMA4013;2017-07-15;S01;Z01;A4;11;0.78;0.74;Rien à signaler.
MMA4013;2017-08-15;S01;Z01;A4;11;0.49;0.62;Condition normale pour la saison.
MMA4013;2017-09-15;S01;Z01;A4;11;0.28;0.52;Rien à signaler.
MMA4013;2017-10-15;S01;Z01;A4;11;0.49;0.06;Rien à signaler.
MMA4014;2017-05-15;S01;Z01;A4;11;0.19;0.43;Rien à signaler.
MMA4014;2017-06-15;S01;Z01;A4;11;0.95;0.80;Condition normale pour la saison.
MMA4014;2017-07-15;S01;Z01;A4;11;0.60;0.29;Légère variabilité observée.
MMA4014;2017-08-15;S01;Z01;A4;11;0.32;0.32;Condition normale pour la saison.
MMA4014;2017-09-15;S01;Z01;A4;11;0.58;0.62;Condition normale pour la saison.
MMA4014;2017-10-15;S01;Z01;A4;11;0.94;0.83;Condition normale pour la saison.
MMA4015;2017-05-15;S01;Z01;A4;11;0.94;0.83;Rien à signaler.
MMA4015;2017-06-15;S01;Z01;A4;11;0.88;0.06;Légère variabilité observée.
MMA4015;2017-07-15;S01;Z01;A4;11;0.45;0.11;Condition normale pour la saison.
MMA4015;2017-08-15;S01;Z01;A4;11;0.90;0.89;Condition normale pour la saison.
MMA4015;2017-09-15;S01;Z01;A4;11;0.23;0.75;Condition normale pour la saison.
MMA4015;2017-10-15;S01;Z01;A4;11;0.75;0.55;Condition normale pour la saison.
MMA4016;2017-05-15;S01;Z01;A4;11;0.67;0.95;Condition normale pour la saison.
MMA4016;2017-06-15;S01;Z01;A4;11;0.58;0.28;Rien à signaler.
MMA4016;2017-07-15;S01;Z01;A4;11;0.75;0.29;Condition normale pour la saison.
MMA4016;2017-08-15;S01;Z01;A4;11;0.66;0.52;Rien à signaler.
MMA4016;2017-09-15;S01;Z01;A4;11;0.92;0.27;Condition normale pour la saison.
MMA4016;2017-10-15;S01;Z01;A4;11;0.26;0.83;Rien à signaler.
MMA4017;2017-05-15;S01;Z01;A4;11;0.11;0.35;Légère variabilité observée.
MMA4017;2017-06-15;S01;Z01;A4;11;0.63;0.08;Légère variabilité observée.
MMA4017;2017-07-15;S01;Z01;A4;11;0.66;0.89;Légère variabilité observée.
MMA4017;2017-08-15;S01;Z01;A4;11;0.18;0.22;Condition normale pour la saison.
MMA4017;2017-09-15;S01;Z01;A4;11;0.22;0.23;Légère variabilité observée.
MMA4017;2017-10-15;S01;Z01;A4;11;0.22;0.21;Rien à signaler.
MMA4018;2017-05-15;S01;Z01;A4;11;0.20;0.49;Condition normale pour la saison.
MMA4018;2017-06-15;S01;Z01;A4;11;0.59;0.65;Légère variabilité observée.
MMA4018;2017-07-15;S01;Z01;A4;11;0.85;0.16;Rien à signaler.
MMA4018;2017-08-15;S01;Z01;A4;11;0.90;0.93;Condition normale pour la saison.
MMA4018;2017-09-15;S01;Z01;A4;11;0.60;0.25;Condition normale pour la saison.
MMA4018;2017-10-15;S01;Z01;A4;11;0.32;0.61;Condition normale pour la saison.
MMA4019;2017-05-15;S01;Z01;A4;11;0.10;0.76;Condition normale pour la saison.
MMA4019;2017-06-15;S01;Z01;A4;11;0.59;0.34;Rien à signaler.
MMA4019;2017-07-15;S01;Z01;A4;11;0.35;0.62;Condition normale pour la saison.
MMA4019;2017-08-15;S01;Z01;A4;11;0.83;0.84;Condition normale pour la saison.
MMA4019;2017-09-15;S01;Z01;A4;11;0.16;0.38;Légère variabilité observée.
MMA4019;2017-10-15;S01;Z01;A4;11;0.17;0.68;Condition normale pour la saison.
MMA4020;2017-05-15;S01;Z01;A4;11;0.88;0.11;Condition normale pour la saison.
MMA4020;2017-06-15;S01;Z01;A4;11;0.08;0.36;Condition normale pour la saison.
MMA4020;2017-07-15;S01;Z01;A4;11;0.87;0.10;Légère variabilité observée.
MMA4020;2017-08-15;S01;Z01;A4;11;0.72;0.75;Condition normale pour la saison.
MMA4020;2017-09-15;S01;Z01;A4;11;0.66;0.43;Légère variabilité observée.
MMA4020;2017-10-15;S01;Z01;A4;11;0.20;0.33;Légère variabilité observée.
MMA4021;2017-05-15;S01;Z01;A4;11;0.42;0.67;Rien à signaler.
MMA4021;2017-06-15;S01;Z01;A4;11;0.47;0.09;Condition normale pour la saison.
MMA4021;2017-07-15;S01;Z01;A4;11;0.71;0.56;Légère variabilité observée.
MMA4021;2017-08-15;S01;Z01;A4;11;0.73;0.32;Condition normale pour la saison.
MMA4021;2017-09-15;S01;Z01;A4;11;0.14;0.08;Condition normale pour la saison.
MMA4021;2017-10-15;S01;Z01;A4;11;0.59;0.59;Condition normale pour la saison.
MMA4022;2017-05-15;S01;Z01;A4;11;0.75;0.50;Rien à signaler.
MMA4022;2017-06-15;S01;Z01;A4;11;0.36;0.39;Condition normale pour la saison.
MMA4022;2017-07-15;S01;Z01;A4;11;0.08;0.53;Rien à signaler.
MMA4022;2017-08-15;S01;Z01;A4;11;0.23;0.67;Condition normale pour la saison.
MMA4022;2017-09-15;S01;Z01;A4;11;0.09;0.86;Rien à signaler.
MMA4022;2017-10-15;S01;Z01;A4;11;0.62;0.86;Rien à signaler.
MMA4023;2017-05-15;S01;Z01;A4;11;0.15;0.82;Rien à signaler.
MMA4023;2017-06-15;S01;Z01;A4;11;0.44;0.89;Légère variabilité observée.
MMA4023;2017-07-15;S01;Z01;A4;11;0.88;0.28;Légère variabilité observée.
MMA4023;2017-08-15;S01;Z01;A4;11;0.74;0.40;Condition normale pour la saison.
MMA4023;2017-09-15;S01;Z01;A4;11;0.88;0.07;Légère variabilité observée.
MMA4023;2017-10-15;S01;Z01;A4;11;0.87;0.44;Rien à signaler.
MMA4024;2017-05-15;S01;Z01;A4;11;0.86;0.91;Légère variabilité observée.
MMA4024;2017-06-15;S01;Z01;A4;11;0.06;0.21;Condition normale pour la saison.
MMA4024;2017-07-15;S01;Z01;A4;11;0.09;0.73;Condition normale pour la saison.
MMA4024;2017-08-15;S01;Z01;A4;11;0.85;0.32;Condition normale pour la saison.
MMA4024;2017-09-15;S01;Z01;A4;11;0.40;0.72;Rien à signaler.
MMA4024;2017-10-15;S01;Z01;A4;11;0.53;0.27;Condition normale pour la saison.
MMA4025;2017-05-15;S01;Z01;A4;11;0.88;0.38;Légère variabilité observée.
MMA4025;2017-06-15;S01;Z01;A4;11;0.65;0.69;Condition normale pour la saison.
MMA4025;2017-07-15;S01;Z01;A4;11;0.48;0.79;Légère variabilité observée.
MMA4025;2017-08-15;S01;Z01;A4;11;0.31;0.37;Rien à signaler.
MMA4025;2017-09-15;S01;Z01;A4;11;0.65;0.07;Légère variabilité observée.
MMA4025;2017-10-15;S01;Z01;A4;11;0.59;0.06;Légère variabilité observée.
MMA4026;2017-05-15;S01;Z01;A4;11;0.36;0.11;Rien à signaler.
MMA4026;2017-06-15;S01;Z01;A4;11;0.43;0.15;Rien à signaler.
MMA4026;2017-07-15;S01;Z01;A4;11;0.92;0.28;Condition normale pour la saison.
MMA4026;2017-08-15;S01;Z01;A4;11;0.34;0.14;Condition normale pour la saison.
MMA4026;2017-09-15;S01;Z01;A4;11;0.24;0.45;Condition normale pour la saison.
MMA4026;2017-10-15;S01;Z01;A4;11;0.87;0.20;Condition normale pour la saison.
MMA4027;2017-05-15;S01;Z01;A4;11;0.82;0.13;Condition normale pour la saison.
MMA4027;2017-06-15;S01;Z01;A4;11;0.16;0.63;Rien à signaler.
MMA4027;2017-08-15;S01;Z01;A4;11;0.22;0.23;Légère variabilité observée.
MMA4027;2017-09-15;S01;Z01;A4;11;0.89;0.46;Condition normale pour la saison.
MMA4027;2017-10-15;S01;Z01;A4;11;0.18;0.84;Condition normale pour la saison.
MMA4028;2017-05-15;S01;Z01;A4;11;0.55;0.24;Légère variabilité observée.
MMA4028;2017-06-15;S01;Z01;A4;11;0.67;0.30;Condition normale pour la saison.
MMA4028;2017-07-15;S01;Z01;A4;11;0.12;0.33;Légère variabilité observée.
MMA4028;2017-08-15;S01;Z01;A4;11;0.47;0.76;Condition normale pour la saison.
MMA4028;2017-09-15;S01;Z01;A4;11;0.52;0.60;Condition normale pour la saison.
MMA4028;2017-10-15;S01;Z01;A4;11;0.32;0.88;Condition normale pour la saison.
MMA4029;2017-05-15;S01;Z01;A4;11;0.89;0.82;Condition normale pour la saison.
MMA4029;2017-06-15;S01;Z01;A4;11;0.41;0.63;Condition normale pour la saison.
MMA4029;2017-07-15;S01;Z01;A4;11;0.94;0.76;Condition normale pour la saison.
MMA4029;2017-08-15;S01;Z01;A4;11;0.20;0.56;Condition normale pour la saison.
MMA4029;2017-09-15;S01;Z01;A4;11;0.52;0.14;Légère variabilité observée.
MMA4029;2017-10-15;S01;Z01;A4;11;0.89;0.41;Condition normale pour la saison.
MMA4030;2017-05-15;S01;Z01;A4;11;0.53;0.34;Condition normale pour la saison.
MMA4030;2017-06-15;S01;Z01;A4;11;0.16;0.44;Condition normale pour la saison.
MMA4030;2017-07-15;S01;Z01;A4;11;0.86;0.29;Rien à signaler.
MMA4030;2017-08-15;S01;Z01;A4;11;0.55;0.09;Légère variabilité observée.
MMA4030;2017-09-15;S01;Z01;A4;11;0.89;0.09;Rien à signaler.
MMA4030;2017-10-15;S01;Z01;A4;11;0.81;0.74;Condition normale pour la saison.
MMA4031;2017-05-15;S01;Z01;A4;11;0.10;0.63;Condition normale pour la saison.
MMA4031;2017-06-15;S01;Z01;A4;11;0.05;0.37;Condition normale pour la saison.
MMA4031;2017-07-15;S01;Z01;A4;11;0.27;0.05;Condition normale pour la saison.
MMA4031;2017-08-15;S01;Z01;A4;11;0.76;0.83;Condition normale pour la saison.
MMA4031;2017-09-15;S01;Z01;A4;11;0.19;0.64;Condition normale pour la saison.
MMA4031;2017-10-15;S01;Z01;A4;11;0.88;0.58;Condition normale pour la saison.
MMA4032;2017-05-15;S01;Z01;A4;11;0.24;0.56;Condition normale pour la saison.
MMA4032;2017-06-15;S01;Z01;A4;11;0.06;0.90;Condition normale pour la saison.
MMA4032;2017-07-15;S01;Z01;A4;11;0.83;0.76;Condition normale pour la saison.
MMA4032;2017-08-15;S01;Z01;A4;11;0.56;0.71;Condition normale pour la saison.
MMA4032;2017-09-15;S01;Z01;A4;11;0.36;0.84;Légère variabilité observée.
MMA4032;2017-10-15;S01;Z01;A4;11;0.09;0.81;Légère variabilité observée.
MMA4033;2017-05-15;S01;Z01;A4;11;0.49;0.08;Légère variabilité observée.
MMA4033;2017-06-15;S01;Z01;A4;11;0.87;0.81;Rien à signaler.
MMA4033;2017-07-15;S01;Z01;A4;11;0.54;0.57;Rien à signaler.
MMA4033;2017-08-15;S01;Z01;A4;11;0.83;0.59;Rien à signaler.
MMA4033;2017-09-15;S01;Z01;A4;11;0.63;0.41;Condition normale pour la saison.
MMA4033;2017-10-15;S01;Z01;A4;11;0.41;0.65;Condition normale pour la saison.
MMA4034;2017-05-15;S01;Z01;A4;11;0.80;0.93;Rien à signaler.
MMA4034;2017-06-15;S01;Z01;A4;11;0.84;0.88;Condition normale pour la saison.
MMA4034;2017-07-15;S01;Z01;A4;11;0.58;0.66;Rien à signaler.
MMA4034;2017-08-15;S01;Z01;A4;11;0.56;0.90;Condition normale pour la saison.
MMA4034;2017-09-15;S01;Z01;A4;11;0.32;0.74;Légère variabilité observée.
MMA4034;2017-10-15;S01;Z01;A4;11;0.49;0.27;Légère variabilité observée.
MMA4035;2017-05-15;S01;Z01;A4;11;0.68;0.66;Rien à signaler.
MMA4035;2017-06-15;S01;Z01;A4;11;0.87;0.50;Rien à signaler.
MMA4035;2017-07-15;S01;Z01;A4;11;0.17;0.17;Condition normale pour la saison.
MMA4035;2017-08-15;S01;Z01;A4;11;0.74;0.46;Condition normale pour la saison.
MMA4035;2017-09-15;S01;Z01;A4;11;0.62;0.60;Rien à signaler.
MMA4035;2017-10-15;S01;Z01;A4;11;0.46;0.07;Légère variabilité observée.
MMA4036;2017-05-15;S01;Z01;A4;11;0.78;0.07;Rien à signaler.
MMA4036;2017-06-15;S01;Z01;A4;11;0.82;0.09;Légère variabilité observée.
MMA4036;2017-07-15;S01;Z01;A4;11;0.46;0.78;Condition normale pour la saison.
MMA4036;2017-08-15;S01;Z01;A4;11;0.92;0.24;Condition normale pour la saison.
MMA4036;2017-09-15;S01;Z01;A4;11;0.43;0.73;Légère variabilité observée.
MMA4036;2017-10-15;S01;Z01;A4;11;0.70;0.30;Condition normale pour la saison.
MMA4037;2017-05-15;S01;Z01;A4;11;0.42;0.50;Rien à signaler.
MMA4037;2017-06-15;S01;Z01;A4;11;0.48;0.71;Légère variabilité observée.
MMA4037;2017-07-15;S01;Z01;A4;11;0.35;0.06;Légère variabilité observée.
MMA4037;2017-08-15;S01;Z01;A4;11;0.30;0.33;Légère variabilité observée.
MMA4037;2017-09-15;S01;Z01;A4;11;0.56;0.89;Légère variabilité observée.
MMA4037;2017-10-15;S01;Z01;A4;11;0.53;0.74;Rien à signaler.
MMA4038;2017-05-15;S01;Z01;A4;11;0.65;0.05;Condition normale pour la saison.
MMA4038;2017-06-15;S01;Z01;A4;11;0.48;0.22;Condition normale pour la saison.
MMA4038;2017-07-15;S01;Z01;A4;11;0.79;0.10;Rien à signaler.
MMA4038;2017-08-15;S01;Z01;A4;11;0.18;0.74;Condition normale pour la saison.
MMA4038;2017-09-15;S01;Z01;A4;11;0.07;0.83;Légère variabilité observée.
MMA4038;2017-10-15;S01;Z01;A4;11;0.42;0.20;Condition normale pour la saison.
MMA4039;2017-05-15;S01;Z01;A4;11;0.35;0.42;Légère variabilité observée.
MMA4039;2017-06-15;S01;Z01;A4;11;0.77;0.28;Condition normale pour la saison.
MMA4039;2017-07-15;S01;Z01;A4;11;0.47;0.69;Condition normale pour la saison.
MMA4039;2017-08-15;S01;Z01;A4;11;0.35;0.26;Condition normale pour la saison.
MMA4039;2017-09-15;S01;Z01;A4;11;0.93;0.77;Condition normale pour la saison.
MMA4039;2017-10-15;S01;Z01;A4;11;0.16;0.63;Condition normale pour la saison.
MMA4040;2017-05-15;S01;Z01;A4;11;0.63;0.78;Rien à signaler.
MMA4040;2017-06-15;S01;Z01;A4;11;0.22;0.70;Condition normale pour la saison.
MMA4040;2017-07-15;S01;Z01;A4;11;0.81;0.80;Condition normale pour la saison.
MMA4040;2017-08-15;S01;Z01;A4;11;0.16;0.28;Légère variabilité observée.
MMA4040;2017-09-15;S01;Z01;A4;11;0.78;0.23;Condition normale pour la saison.
MMA4040;2017-10-15;S01;Z01;A4;11;0.65;0.31;Légère variabilité observée.
MMA4041;2017-05-15;S01;Z01;A4;11;0.81;0.83;Condition normale pour la saison.
MMA4041;2017-06-15;S01;Z01;A4;11;0.78;0.46;Condition normale pour la saison.
MMA4041;2017-07-15;S01;Z01;A4;11;0.68;0.65;Condition normale pour la saison.
MMA4041;2017-09-15;S01;Z01;A4;11;0.05;0.93;Condition normale pour la saison.
MMA4041;2017-10-15;S01;Z01;A4;11;0.86;0.37;Condition normale pour la saison.
MMA4042;2017-05-15;S01;Z01;A4;11;0.87;0.59;Rien à signaler.
MMA4042;2017-06-15;S01;Z01;A4;11;0.20;0.80;Légère variabilité observée.
MMA4042;2017-07-15;S01;Z01;A4;11;0.58;0.70;Condition normale pour la saison.
MMA4042;2017-08-15;S01;Z01;A4;11;0.53;0.51;Condition normale pour la saison.
MMA4042;2017-09-15;S01;Z01;A4;11;0.70;0.36;Condition normale pour la saison.
MMA4042;2017-10-15;S01;Z01;A4;11;0.36;0.23;Rien à signaler.
MMA4043;2017-05-15;S01;Z01;A4;11;0.37;0.29;Condition normale pour la saison.
MMA4043;2017-06-15;S01;Z01;A4;11;0.12;0.54;Légère variabilité observée.
MMA4043;2017-07-15;S01;Z01;A4;11;0.63;0.62;Condition normale pour la saison.
MMA4043;2017-08-15;S01;Z01;A4;11;0.40;0.19;Condition normale pour la saison.
MMA4043;2017-09-15;S01;Z01;A4;11;0.95;0.37;Rien à signaler.
MMA4043;2017-10-15;S01;Z01;A4;11;0.29;0.78;Condition normale pour la saison.
MMA4044;2017-05-15;S01;Z01;A4;11;0.83;0.31;Condition normale pour la saison.
MMA4044;2017-06-15;S01;Z01;A4;11;0.50;0.53;Légère variabilité observée.
MMA4044;2017-07-15;S01;Z01;A4;11;0.23;0.38;Rien à signaler.
MMA4044;2017-08-15;S01;Z01;A4;11;0.68;0.28;Condition normale pour la saison.
MMA4044;2017-09-15;S01;Z01;A4;11;0.13;0.33;Condition normale pour la saison.
MMA4044;2017-10-15;S01;Z01;A4;11;0.34;0.60;Condition normale pour la saison.
MMA4045;2017-05-15;S01;Z01;A4;11;0.08;0.30;Légère variabilité observée.
MMA4045;2017-06-15;S01;Z01;A4;11;0.06;0.55;Condition normale pour la saison.
MMA4045;2017-07-15;S01;Z01;A4;11;0.26;0.61;Rien à signaler.
MMA4045;2017-08-15;S01;Z01;A4;11;0.09;0.27;Condition normale pour la saison.
MMA4045;2017-09-15;S01;Z01;A4;11;0.20;0.18;Condition normale pour la saison.
MMA4045;2017-10-15;S01;Z01;A4;11;0.19;0.06;Légère variabilité observée.
MMA4046;2017-05-15;S01;Z01;A4;11;0.81;0.57;Condition normale pour la saison.
MMA4046;2017-06-15;S01;Z01;A4;11;0.78;0.09;Condition normale pour la saison.
MMA4046;2017-07-15;S01;Z01;A4;11;0.42;0.19;Condition normale pour la saison.
MMA4046;2017-08-15;S01;Z01;A4;11;0.10;0.12;Condition normale pour la saison.
MMA4046;2017-09-15;S01;Z01;A4;11;0.78;0.89;Légère variabilité observée.
MMA4046;2017-10-15;S01;Z01;A4;11;0.59;0.62;Condition normale pour la saison.
MMA4047;2017-05-15;S01;Z01;A4;11;0.74;0.50;Condition normale pour la saison.
MMA4047;2017-06-15;S01;Z01;A4;11;0.12;0.28;Rien à signaler.
MMA4047;2017-07-15;S01;Z01;A4;11;0.25;0.68;Légère variabilité observée.
MMA4047;2017-08-15;S01;Z01;A4;11;0.56;0.92;Rien à signaler.
MMA4047;2017-09-15;S01;Z01;A4;11;0.28;0.91;Condition normale pour la saison.
MMA4047;2017-10-15;S01;Z01;A4;11;0.11;0.91;Légère variabilité observée.
MMA4048;2017-05-15;S01;Z01;A4;11;0.70;0.67;Légère variabilité observée.
MMA4048;2017-06-15;S01;Z01;A4;11;0.66;0.67;Condition normale pour la saison.
MMA4048;2017-07-15;S01;Z01;A4;11;0.87;0.10;Condition normale pour la saison.
MMA4048;2017-08-15;S01;Z01;A4;11;0.73;0.56;Condition normale pour la saison.
MMA4048;2017-09-15;S01;Z01;A4;11;0.65;0.60;Condition normale pour la saison.
MMA4048;2017-10-15;S01;Z01;A4;11;0.78;0.06;Légère variabilité observée.
MMA4049;2017-05-15;S01;Z01;A4;11;0.80;0.63;Légère variabilité observée.
MMA4049;2017-06-15;S01;Z01;A4;11;0.53;0.30;Condition normale pour la saison.
MMA4049;2017-07-15;S01;Z01;A4;11;0.29;0.92;Légère variabilité observée.
MMA4049;2017-08-15;S01;Z01;A4;11;0.60;0.85;Condition normale pour la saison.
MMA4049;2017-09-15;S01;Z01;A4;11;0.80;0.20;Condition normale pour la saison.
MMA4049;2017-10-15;S01;Z01;A4;11;0.68;0.32;Légère variabilité observée.
MMA4050;2017-05-15;S01;Z01;A4;11;0.20;0.39;Condition normale pour la saison.
MMA4050;2017-06-15;S01;Z01;A4;11;0.28;0.87;Légère variabilité observée.
MMA4050;2017-07-15;S01;Z01;A4;11;0.36;0.82;Rien à signaler.
MMA4050;2017-08-15;S01;Z01;A4;11;0.29;0.12;Condition normale pour la saison.
MMA4050;2017-09-15;S01;Z01;A4;11;0.23;0.32;Légère variabilité observée.
MMA4050;2017-10-15;S01;Z01;A4;11;0.48;0.22;Rien à signaler.
MMA4051;2017-05-15;S01;Z01;A4;11;0.89;0.58;Légère variabilité observée.
MMA4051;2017-06-15;S01;Z01;A4;11;0.70;0.92;Rien à signaler.
MMA4051;2017-07-15;S01;Z01;A4;11;0.81;0.26;Condition normale pour la saison.
MMA4051;2017-08-15;S01;Z01;A4;11;0.38;0.41;Condition normale pour la saison.
MMA4051;2017-09-15;S01;Z01;A4;11;0.23;0.07;Rien à signaler.
MMA4051;2017-10-15;S01;Z01;A4;11;0.64;0.61;Légère variabilité observée.
MMA4052;2017-05-15;S01;Z01;A4;11;0.71;0.53;Condition normale pour la saison.
MMA4052;2017-06-15;S01;Z01;A4;11;0.57;0.47;Rien à signaler.
MMA4052;2017-07-15;S01;Z01;A4;11;0.30;0.55;Rien à signaler.
MMA4052;2017-08-15;S01;Z01;A4;11;0.62;0.51;Condition normale pour la saison.
MMA4052;2017-09-15;S01;Z01;A4;11;0.79;0.06;Condition normale pour la saison.
MMA4052;2017-10-15;S01;Z01;A4;11;0.75;0.77;Condition normale pour la saison.
MMA4053;2017-05-15;S01;Z01;A4;11;0.50;0.23;Condition normale pour la saison.
MMA4053;2017-06-15;S01;Z01;A4;11;0.89;0.29;Rien à signaler.
MMA4053;2017-07-15;S01;Z01;A4;11;0.32;0.22;Condition normale pour la saison.
MMA4053;2017-08-15;S01;Z01;A4;11;0.14;0.32;Condition normale pour la saison.
MMA4053;2017-09-15;S01;Z01;A4;11;0.54;0.57;Condition normale pour la saison.
MMA4053;2017-10-15;S01;Z01;A4;11;0.95;0.68;Rien à signaler.
MMA4054;2017-05-15;S01;Z01;A4;11;0.73;0.39;Légère variabilité observée.
MMA4054;2017-06-15;S01;Z01;A4;11;0.90;0.86;Légère variabilité observée.
MMA4054;2017-07-15;S01;Z01;A4;11;0.29;0.08;Condition normale pour la saison.
MMA4054;2017-08-15;S01;Z01;A4;11;0.31;0.27;Légère variabilité observée.
MMA4054;2017-09-15;S01;Z01;A4;11;0.51;0.81;Condition normale pour la saison.
MMA4054;2017-10-15;S01;Z01;A4;11;0.29;0.57;Légère variabilité observée.
MMA4055;2017-05-15;S01;Z01;A4;11;0.20;0.08;Rien à signaler.
MMA4055;2017-06-15;S01;Z01;A4;11;0.33;0.92;Légère variabilité observée.
MMA4055;2017-07-15;S01;Z01;A4;11;0.88;0.66;Condition normale pour la saison.
MMA4055;2017-08-15;S01;Z01;A4;11;0.47;0.29;Condition normale pour la saison.
MMA4055;2017-09-15;S01;Z01;A4;11;0.87;0.22;Rien à signaler.
MMA4055;2017-10-15;S01;Z01;A4;11;0.22;0.79;Légère variabilité observée.
MMA4056;2017-05-15;S01;Z01;A4;11;0.56;0.61;Condition normale pour la saison.
MMA4056;2017-06-15;S01;Z01;A4;11;0.60;0.19;Condition normale pour la saison.
MMA4056;2017-07-15;S01;Z01;A4;11;0.35;0.90;Condition normale pour la saison.
MMA4056;2017-08-15;S01;Z01;A4;11;0.39;0.39;Condition normale pour la saison.
MMA4056;2017-09-15;S01;Z01;A4;11;0.25;0.06;Condition normale pour la saison.
MMA4056;2017-10-15;S01;Z01;A4;11;0.25;0.57;Rien à signaler.
MMA4057;2017-05-15;S01;Z01;A4;11;0.75;0.39;Condition normale pour la saison.
MMA4057;2017-06-15;S01;Z01;A4;11;0.30;0.21;Condition normale pour la saison.
MMA4057;2017-07-15;S01;Z01;A4;11;0.45;0.29;Condition normale pour la saison.
MMA4057;2017-08-15;S01;Z01;A4;11;0.53;0.80;Condition normale pour la saison.
MMA4057;2017-09-15;S01;Z01;A4;11;0.64;0.16;Rien à signaler.
MMA4057;2017-10-15;S01;Z01;A4;11;0.72;0.72;Condition normale pour la saison.
MMA4058;2017-05-15;S01;Z01;A4;11;0.37;0.56;Condition normale pour la saison.
MMA4058;2017-06-15;S01;Z01;A4;11;0.86;0.38;Légère variabilité observée.
MMA4058;2017-07-15;S01;Z01;A4;11;0.77;0.44;Condition normale pour la saison.
MMA4058;2017-08-15;S01;Z01;A4;11;0.70;0.16;Condition normale pour la saison.
MMA4058;2017-09-15;S01;Z01;A4;11;0.81;0.82;Condition normale pour la saison.
MMA4058;2017-10-15;S01;Z01;A4;11;0.21;0.06;Condition normale pour la saison.
MMA4059;2017-05-15;S01;Z01;A4;11;0.52;0.39;Rien à signaler.
MMA4059;2017-06-15;S01;Z01;A4;11;0.54;0.52;Rien à signaler.
MMA4059;2017-07-15;S01;Z01;A4;11;0.36;0.26;Légère variabilité observée.
MMA4059;2017-08-15;S01;Z01;A4;11;0.07;0.26;Légère variabilité observée.
MMA4059;2017-09-15;S01;Z01;A4;11;0.65;0.68;Rien à signaler.
MMA4059;2017-10-15;S01;Z01;A4;11;0.38;0.33;Condition normale pour la saison.
MMA4060;2017-05-15;S01;Z01;A4;11;0.87;0.91;Condition normale pour la saison.
MMA4060;2017-06-15;S01;Z01;A4;11;0.45;0.12;Légère variabilité observée.
MMA4060;2017-07-15;S01;Z01;A4;11;0.44;0.14;Rien à signaler.
MMA4060;2017-08-15;S01;Z01;A4;11;0.13;0.39;Légère variabilité observée.
MMA4060;2017-09-15;S01;Z01;A4;11;0.88;0.84;Légère variabilité observée.
MMA4060;2017-10-15;S01;Z01;A4;11;0.76;0.38;Condition normale pour la saison.
MMA4061;2017-05-15;S01;Z01;A4;11;0.26;0.10;Condition normale pour la saison.
MMA4061;2017-06-15;S01;Z01;A4;11;0.23;0.71;Rien à signaler.
MMA4061;2017-07-15;S01;Z01;A4;11;0.78;0.65;Rien à signaler.
MMA4061;2017-08-15;S01;Z01;A4;11;0.27;0.91;Condition normale pour la saison.
MMA4061;2017-09-15;S01;Z01;A4;11;0.62;0.88;Légère variabilité observée.
MMA4061;2017-10-15;S01;Z01;A4;11;0.33;0.73;Rien à signaler.
MMA4062;2017-05-15;S01;Z01;A4;11;0.22;0.24;Condition normale pour la saison.
MMA4062;2017-06-15;S01;Z01;A4;11;0.13;0.57;Condition normale pour la saison.
MMA4062;2017-07-15;S01;Z01;A4;11;0.12;0.60;Condition normale pour la saison.
MMA4062;2017-08-15;S01;Z01;A4;11;0.56;0.91;Rien à signaler.
MMA4062;2017-09-15;S01;Z01;A4;11;0.08;0.63;Condition normale pour la saison.
MMA4062;2017-10-15;S01;Z01;A4;11;0.53;0.76;Condition normale pour la saison.
MMA4063;2017-05-15;S01;Z01;A4;11;0.08;0.69;Condition normale pour la saison.
MMA4063;2017-06-15;S01;Z01;A4;11;0.47;0.06;Légère variabilité observée.
MMA4063;2017-07-15;S01;Z01;A4;11;0.81;0.46;Rien à signaler.
MMA4063;2017-08-15;S01;Z01;A4;11;0.21;0.43;Condition normale pour la saison.
MMA4063;2017-09-15;S01;Z01;A4;11;0.80;0.51;Légère variabilité observée.
MMA4063;2017-10-15;S01;Z01;A4;11;0.35;0.22;Rien à signaler.
MMA4064;2017-05-15;S01;Z01;A4;11;0.09;0.50;Condition normale pour la saison.
MMA4064;2017-06-15;S01;Z01;A4;11;0.38;0.90;Condition normale pour la saison.
MMA4064;2017-07-15;S01;Z01;A4;11;0.83;0.70;Légère variabilité observée.
MMA4064;2017-08-15;S01;Z01;A4;11;0.72;0.90;Condition normale pour la saison.
MMA4064;2017-09-15;S01;Z01;A4;11;0.48;0.55;Condition normale pour la saison.
MMA4064;2017-10-15;S01;Z01;A4;11;0.51;0.15;Condition normale pour la saison.
MMA4065;2017-05-15;S01;Z01;A4;11;0.19;0.71;Rien à signaler.
MMA4065;2017-06-15;S01;Z01;A4;11;0.06;0.65;Rien à signaler.
MMA4065;2017-07-15;S01;Z01;A4;11;0.50;0.43;Condition normale pour la saison.
MMA4065;2017-08-15;S01;Z01;A4;11;0.42;0.90;Rien à signaler.
MMA4065;2017-09-15;S01;Z01;A4;11;0.92;0.45;Condition normale pour la saison.
MMA4065;2017-10-15;S01;Z01;A4;11;0.19;0.83;Légère variabilité observée.
MMA4066;2017-05-15;S01;Z01;A4;11;0.78;0.17;Rien à signaler.
MMA4066;2017-06-15;S01;Z01;A4;11;0.67;0.54;Rien à signaler.
MMA4066;2017-07-15;S01;Z01;A4;11;0.74;0.32;Condition normale pour la saison.
MMA4066;2017-08-15;S01;Z01;A4;11;0.41;0.81;Rien à signaler.
MMA4066;2017-09-15;S01;Z01;A4;11;0.32;0.89;Rien à signaler.
MMA4066;2017-10-15;S01;Z01;A4;11;0.79;0.22;Légère variabilité observée.
MMA4067;2017-05-15;S01;Z01;A4;11;0.94;0.76;Légère variabilité observée.
MMA4067;2017-06-15;S01;Z01;A4;11;0.08;0.27;Rien à signaler.
MMA4067;2017-07-15;S01;Z01;A4;11;0.81;0.77;Rien à signaler.
MMA4067;2017-08-15;S01;Z01;A4;11;0.42;0.22;Rien à signaler.
MMA4067;2017-09-15;S01;Z01;A4;11;0.76;0.70;Rien à signaler.
MMA4067;2017-10-15;S01;Z01;A4;11;0.82;0.14;Condition normale pour la saison.
MMA4068;2017-05-15;S01;Z01;A4;11;0.53;0.16;Condition normale pour la saison.
MMA4068;2017-06-15;S01;Z01;A4;11;0.93;0.24;Condition normale pour la saison.
MMA4068;2017-07-15;S01;Z01;A4;11;0.17;0.57;Condition normale pour la saison.
MMA4068;2017-08-15;S01;Z01;A4;11;0.45;0.94;Rien à signaler.
MMA4068;2017-09-15;S01;Z01;A4;11;0.18;0.46;Rien à signaler.
MMA4068;2017-10-15;S01;Z01;A4;11;0.54;0.84;Rien à signaler.
MMA4069;2017-05-15;S01;Z01;A4;11;0.23;0.38;Condition normale pour la saison.
MMA4069;2017-06-15;S01;Z01;A4;11;0.68;0.92;Rien à signaler.
MMA4069;2017-07-15;S01;Z01;A4;11;0.76;0.88;Condition normale pour la saison.
MMA4069;2017-08-15;S01;Z01;A4;11;0.44;0.69;Rien à signaler.
MMA4069;2017-09-15;S01;Z01;A4;11;0.21;0.91;Rien à signaler.
MMA4069;2017-10-15;S01;Z01;A4;11;0.14;0.35;Condition normale pour la saison.
MMA4070;2017-05-15;S01;Z01;A4;11;0.61;0.44;Rien à signaler.
MMA4070;2017-06-15;S01;Z01;A4;11;0.65;0.84;Légère variabilité observée.
MMA4070;2017-07-15;S01;Z01;A4;11;0.37;0.36;Légère variabilité observée.
MMA4070;2017-08-15;S01;Z01;A4;11;0.30;0.69;Légère variabilité observée.
MMA4070;2017-09-15;S01;Z01;A4;11;0.73;0.27;Légère variabilité observée.
MMA4070;2017-10-15;S01;Z01;A4;11;0.52;0.89;Rien à signaler.
MMA4071;2017-05-15;S01;Z01;A4;11;0.08;0.82;Légère variabilité observée.
MMA4071;2017-06-15;S01;Z01;A4;11;0.70;0.31;Condition normale pour la saison.
MMA4071;2017-07-15;S01;Z01;A4;11;0.78;0.65;Condition normale pour la saison.
MMA4071;2017-08-15;S01;Z01;A4;11;0.51;0.56;Condition normale pour la saison.
MMA4071;2017-09-15;S01;Z01;A4;11;0.17;0.82;Légère variabilité observée.
MMA4071;2017-10-15;S01;Z01;A4;11;0.83;0.81;Condition normale pour la saison.
MMA4072;2017-05-15;S01;Z01;A4;11;0.95;0.74;Condition normale pour la saison.
MMA4072;2017-06-15;S01;Z01;A4;11;0.51;0.93;Rien à signaler.
MMA4072;2017-07-15;S01;Z01;A4;11;0.58;0.65;Rien à signaler.
MMA4072;2017-08-15;S01;Z01;A4;11;0.42;0.79;Condition normale pour la saison.
MMA4072;2017-09-15;S01;Z01;A4;11;0.33;0.83;Rien à signaler.
MMA4072;2017-10-15;S01;Z01;A4;11;0.34;0.35;Condition normale pour la saison.
MMA4073;2017-05-15;S01;Z01;A4;11;0.47;0.67;Rien à signaler.
MMA4073;2017-06-15;S01;Z01;A4;11;0.80;0.19;Condition normale pour la saison.
MMA4073;2017-07-15;S01;Z01;A4;11;0.38;0.80;Légère variabilité observée.
MMA4073;2017-08-15;S01;Z01;A4;11;0.48;0.84;Condition normale pour la saison.
MMA4073;2017-09-15;S01;Z01;A4;11;0.89;0.17;Condition normale pour la saison.
MMA4073;2017-10-15;S01;Z01;A4;11;0.61;0.59;Condition normale pour la saison.
MMA4074;2017-05-15;S01;Z01;A4;11;0.62;0.22;Condition normale pour la saison.
MMA4074;2017-06-15;S01;Z01;A4;11;0.92;0.60;Rien à signaler.
MMA4074;2017-07-15;S01;Z01;A4;11;0.41;0.72;Légère variabilité observée.
MMA4074;2017-08-15;S01;Z01;A4;11;0.07;0.46;Légère variabilité observée.
MMA4074;2017-09-15;S01;Z01;A4;11;0.27;0.12;Condition normale pour la saison.
MMA4074;2017-10-15;S01;Z01;A4;11;0.26;0.77;Condition normale pour la saison.
MMA4075;2017-05-15;S01;Z01;A4;11;0.62;0.07;Condition normale pour la saison.
MMA4075;2017-06-15;S01;Z01;A4;11;0.28;0.74;Rien à signaler.
MMA4075;2017-07-15;S01;Z01;A4;11;0.63;0.79;Condition normale pour la saison.
MMA4075;2017-08-15;S01;Z01;A4;11;0.38;0.21;Rien à signaler.
MMA4075;2017-09-15;S01;Z01;A4;11;0.53;0.63;Condition normale pour la saison.
MMA4075;2017-10-15;S01;Z01;A4;11;0.65;0.10;Condition normale pour la saison.
MMA4076;2017-05-15;S01;Z01;A4;11;0.95;0.05;Légère variabilité observée.
MMA4076;2017-06-15;S01;Z01;A4;11;0.56;0.43;Condition normale pour la saison.
MMA4076;2017-07-15;S01;Z01;A4;11;0.53;0.64;Condition normale pour la saison.
MMA4076;2017-08-15;S01;Z01;A4;11;0.67;0.12;Condition normale pour la saison.
MMA4076;2017-09-15;S01;Z01;A4;11;0.52;0.89;Condition normale pour la saison.
MMA4076;2017-10-15;S01;Z01;A4;11;0.32;0.53;Rien à signaler.
MMA4077;2017-05-15;S01;Z01;A4;11;0.65;0.56;Légère variabilité observée.
MMA4077;2017-06-15;S01;Z01;A4;11;0.54;0.83;Condition normale pour la saison.
MMA4077;2017-07-15;S01;Z01;A4;11;0.39;0.22;Rien à signaler.
MMA4077;2017-08-15;S01;Z01;A4;11;0.23;0.89;Rien à signaler.
MMA4077;2017-09-15;S01;Z01;A4;11;0.81;0.63;Légère variabilité observée.
MMA4077;2017-10-15;S01;Z01;A4;11;0.18;0.56;Condition normale pour la saison.
MMA4078;2017-05-15;S01;Z01;A4;11;0.34;0.19;Légère variabilité observée.
MMA4078;2017-06-15;S01;Z01;A4;11;0.10;0.65;Condition normale pour la saison.
MMA4078;2017-07-15;S01;Z01;A4;11;0.76;0.12;Légère variabilité observée.
MMA4078;2017-08-15;S01;Z01;A4;11;0.83;0.32;Rien à signaler.
MMA4078;2017-09-15;S01;Z01;A4;11;0.75;0.64;Rien à signaler.
MMA4078;2017-10-15;S01;Z01;A4;11;0.94;0.20;Légère variabilité observée.
MMA4079;2017-05-15;S01;Z01;A4;11;0.88;0.36;Rien à signaler.
MMA4079;2017-06-15;S01;Z01;A4;11;0.42;0.73;Rien à signaler.
MMA4079;2017-07-15;S01;Z01;A4;11;0.25;0.30;Légère variabilité observée.
MMA4079;2017-08-15;S01;Z01;A4;11;0.91;0.43;Rien à signaler.
MMA4079;2017-09-15;S01;Z01;A4;11;0.48;0.74;Rien à signaler.
MMA4079;2017-10-15;S01;Z01;A4;11;0.93;0.87;Condition normale pour la saison.
MMA4080;2017-05-15;S01;Z01;A4;11;0.50;0.77;Légère variabilité observée.
MMA4080;2017-06-15;S01;Z01;A4;11;0.23;0.51;Rien à signaler.
MMA4080;2017-07-15;S01;Z01;A4;11;0.25;0.76;Légère variabilité observée.
MMA4080;2017-08-15;S01;Z01;A4;11;0.53;0.38;Rien à signaler.
MMA4080;2017-09-15;S01;Z01;A4;11;0.23;0.50;Condition normale pour la saison.
MMA4080;2017-10-15;S01;Z01;A4;11;0.21;0.59;Condition normale pour la saison.
MMA4081;2017-05-15;S01;Z01;A4;11;0.53;0.57;Rien à signaler.
MMA4081;2017-06-15;S01;Z01;A4;11;0.92;0.48;Condition normale pour la saison.
MMA4081;2017-07-15;S01;Z01;A4;11;0.38;0.42;Condition normale pour la saison.
MMA4081;2017-08-15;S01;Z01;A4;11;0.25;0.66;Rien à signaler.
MMA4081;2017-09-15;S01;Z01;A4;11;0.80;0.55;Rien à signaler.
MMA4081;2017-10-15;S01;Z01;A4;11;0.51;0.36;Rien à signaler.
MMA4082;2017-05-15;S01;Z01;A4;11;0.17;0.51;Condition normale pour la saison.
MMA4082;2017-06-15;S01;Z01;A4;11;0.06;0.48;Condition normale pour la saison.
MMA4082;2017-07-15;S01;Z01;A4;11;0.43;0.73;Condition normale pour la saison.
MMA4082;2017-08-15;S01;Z01;A4;11;0.64;0.44;Condition normale pour la saison.
MMA4082;2017-09-15;S01;Z01;A4;11;0.93;0.89;Condition normale pour la saison.
MMA4082;2017-10-15;S01;Z01;A4;11;0.68;0.79;Condition normale pour la saison.
MMA4083;2017-05-15;S01;Z01;A4;11;0.14;0.72;Rien à signaler.
MMA4083;2017-06-15;S01;Z01;A4;11;0.33;0.46;Rien à signaler.
MMA4083;2017-07-15;S01;Z01;A4;11;0.93;0.45;Rien à signaler.
MMA4083;2017-08-15;S01;Z01;A4;11;0.93;0.52;Condition normale pour la saison.
MMA4083;2017-09-15;S01;Z01;A4;11;0.87;0.33;Condition normale pour la saison.
MMA4083;2017-10-15;S01;Z01;A4;11;0.39;0.28;Condition normale pour la saison.
MMA4084;2017-05-15;S01;Z01;A4;11;0.89;0.35;Rien à signaler.
MMA4084;2017-06-15;S01;Z01;A4;11;0.55;0.42;Condition normale pour la saison.
MMA4084;2017-07-15;S01;Z01;A4;11;0.63;0.43;Condition normale pour la saison.
MMA4084;2017-08-15;S01;Z01;A4;11;0.68;0.54;Condition normale pour la saison.
MMA4084;2017-09-15;S01;Z01;A4;11;0.46;0.17;Légère variabilité observée.
MMA4084;2017-10-15;S01;Z01;A4;11;0.69;0.16;Condition normale pour la saison.
MMA4085;2017-05-15;S01;Z01;A4;11;0.08;0.45;Condition normale pour la saison.
MMA4085;2017-06-15;S01;Z01;A4;11;0.13;0.11;Condition normale pour la saison.
MMA4085;2017-07-15;S01;Z01;A4;11;0.66;0.34;Condition normale pour la saison.
MMA4085;2017-08-15;S01;Z01;A4;11;0.60;0.57;Condition normale pour la saison.
MMA4085;2017-09-15;S01;Z01;A4;11;0.63;0.24;Rien à signaler.
MMA4085;2017-10-15;S01;Z01;A4;11;0.71;0.17;Condition normale pour la saison.
MMA4086;2017-05-15;S01;Z01;A4;11;0.78;0.54;Rien à signaler.
MMA4086;2017-06-15;S01;Z01;A4;11;0.34;0.20;Condition normale pour la saison.
MMA4086;2017-07-15;S01;Z01;A4;11;0.40;0.90;Rien à signaler.
MMA4086;2017-08-15;S01;Z01;A4;11;0.28;0.86;Condition normale pour la saison.
MMA4086;2017-09-15;S01;Z01;A4;11;0.51;0.85;Condition normale pour la saison.
MMA4086;2017-10-15;S01;Z01;A4;11;0.11;0.30;Condition normale pour la saison.
MMA4087;2017-05-15;S01;Z01;A4;11;0.36;0.60;Condition normale pour la saison.
MMA4087;2017-06-15;S01;Z01;A4;11;0.66;0.91;Rien à signaler.
MMA4087;2017-07-15;S01;Z01;A4;11;0.13;0.73;Légère variabilité observée.
MMA4087;2017-08-15;S01;Z01;A4;11;0.42;0.93;Condition normale pour la saison.
MMA4087;2017-09-15;S01;Z01;A4;11;0.32;0.79;Rien à signaler.
MMA4087;2017-10-15;S01;Z01;A4;11;0.29;0.74;Rien à signaler.
MMA4088;2017-05-15;S01;Z01;A4;11;0.58;0.48;Condition normale pour la saison.
MMA4088;2017-06-15;S01;Z01;A4;11;0.66;0.48;Condition normale pour la saison.
MMA4088;2017-07-15;S01;Z01;A4;11;0.57;0.87;Rien à signaler.
MMA4088;2017-08-15;S01;Z01;A4;11;0.23;0.27;Rien à signaler.
MMA4088;2017-09-15;S01;Z01;A4;11;0.51;0.59;Rien à signaler.
MMA4088;2017-10-15;S01;Z01;A4;11;0.56;0.63;Condition normale pour la saison.
MMA4089;2017-05-15;S01;Z01;A4;11;0.91;0.67;Légère variabilité observée.
MMA4089;2017-06-15;S01;Z01;A4;11;0.89;0.19;Condition normale pour la saison.
MMA4089;2017-07-15;S01;Z01;A4;11;0.93;0.72;Condition normale pour la saison.
MMA4089;2017-08-15;S01;Z01;A4;11;0.39;0.88;Rien à signaler.
MMA4089;2017-09-15;S01;Z01;A4;11;0.17;0.26;Condition normale pour la saison.
MMA4089;2017-10-15;S01;Z01;A4;11;0.37;0.51;Rien à signaler.
MMA4090;2017-05-15;S01;Z01;A4;11;0.36;0.20;Rien à signaler.
MMA4090;2017-06-15;S01;Z01;A4;11;0.69;0.36;Rien à signaler.
MMA4090;2017-07-15;S01;Z01;A4;11;0.08;0.83;Légère variabilité observée.
MMA4090;2017-08-15;S01;Z01;A4;11;0.94;0.78;Condition normale pour la saison.
MMA4090;2017-09-15;S01;Z01;A4;11;0.29;0.49;Légère variabilité observée.
MMA4090;2017-10-15;S01;Z01;A4;11;0.60;0.92;Condition normale pour la saison.
MMA4091;2017-05-15;S01;Z01;A4;11;0.49;0.32;Rien à signaler.
MMA4091;2017-06-15;S01;Z01;A4;11;0.58;0.71;Légère variabilité observée.
MMA4091;2017-07-15;S01;Z01;A4;11;0.92;0.84;Condition normale pour la saison.
MMA4091;2017-08-15;S01;Z01;A4;11;0.58;0.47;Condition normale pour la saison.
MMA4091;2017-09-15;S01;Z01;A4;11;0.50;0.47;Condition normale pour la saison.
MMA4091;2017-10-15;S01;Z01;A4;11;0.83;0.78;Légère variabilité observée.
MMA4092;2017-05-15;S01;Z01;A4;11;0.70;0.28;Condition normale pour la saison.
MMA4092;2017-06-15;S01;Z01;A4;11;0.94;0.19;Légère variabilité observée.
MMA4092;2017-07-15;S01;Z01;A4;11;0.06;0.76;Légère variabilité observée.
MMA4092;2017-08-15;S01;Z01;A4;11;0.87;0.09;Condition normale pour la saison.
MMA4092;2017-09-15;S01;Z01;A4;11;0.26;0.54;Rien à signaler.
MMA4092;2017-10-15;S01;Z01;A4;11;0.17;0.92;Légère variabilité observée.
MMA4093;2017-05-15;S01;Z01;A4;11;0.69;0.19;Condition normale pour la saison.
MMA4093;2017-06-15;S01;Z01;A4;11;0.73;0.32;Légère variabilité observée.
MMA4093;2017-07-15;S01;Z01;A4;11;0.88;0.87;Condition normale pour la saison.
MMA4093;2017-08-15;S01;Z01;A4;11;0.19;0.39;Condition normale pour la saison.
MMA4093;2017-09-15;S01;Z01;A4;11;0.49;0.61;Rien à signaler.
MMA4093;2017-10-15;S01;Z01;A4;11;0.06;0.20;Condition normale pour la saison.
MMA4094;2017-05-15;S01;Z01;A4;11;0.70;0.48;Condition normale pour la saison.
MMA4094;2017-06-15;S01;Z01;A4;11;0.79;0.89;Condition normale pour la saison.
MMA4094;2017-07-15;S01;Z01;A4;11;0.22;0.68;Rien à signaler.
MMA4094;2017-08-15;S01;Z01;A4;11;0.45;0.26;Condition normale pour la saison.
MMA4094;2017-09-15;S01;Z01;A4;11;0.38;0.05;Rien à signaler.
MMA4094;2017-10-15;S01;Z01;A4;11;0.33;0.71;Légère variabilité observée.
MMA4095;2017-05-15;S01;Z01;A4;11;0.68;0.83;Rien à signaler.
MMA4095;2017-06-15;S01;Z01;A4;11;0.33;0.77;Rien à signaler.
MMA4095;2017-07-15;S01;Z01;A4;11;0.51;0.39;Condition normale pour la saison.
MMA4095;2017-08-15;S01;Z01;A4;11;0.36;0.87;Condition normale pour la saison.
MMA4095;2017-09-15;S01;Z01;A4;11;0.92;0.64;Condition normale pour la saison.
MMA4095;2017-10-15;S01;Z01;A4;11;0.12;0.43;Condition normale pour la saison.
MMA4096;2017-05-15;S01;Z01;A4;11;0.12;0.34;Légère variabilité observée.
MMA4096;2017-06-15;S01;Z01;A4;11;0.49;0.49;Rien à signaler.
MMA4096;2017-07-15;S01;Z01;A4;11;0.91;0.51;Condition normale pour la saison.
MMA4096;2017-08-15;S01;Z01;A4;11;0.26;0.18;Rien à signaler.
MMA4096;2017-09-15;S01;Z01;A4;11;0.14;0.67;Rien à signaler.
MMA4096;2017-10-15;S01;Z01;A4;11;0.06;0.68;Légère variabilité observée.
MMA4097;2017-05-15;S01;Z01;A4;11;0.41;0.11;Rien à signaler.
MMA4097;2017-06-15;S01;Z01;A4;11;0.06;0.32;Rien à signaler.
MMA4097;2017-07-15;S01;Z01;A4;11;0.15;0.90;Légère variabilité observée.
MMA4097;2017-08-15;S01;Z01;A4;11;0.84;0.30;Légère variabilité observée.
MMA4097;2017-09-15;S01;Z01;A4;11;0.34;0.13;Condition normale pour la saison.
MMA4097;2017-10-15;S01;Z01;A4;11;0.91;0.38;Légère variabilité observée.
MMA4098;2017-05-15;S01;Z01;A4;11;0.78;0.81;Légère variabilité observée.
MMA4098;2017-06-15;S01;Z01;A4;11;0.71;0.34;Condition normale pour la saison.
MMA4098;2017-07-15;S01;Z01;A4;11;0.18;0.76;Légère variabilité observée.
MMA4098;2017-08-15;S01;Z01;A4;11;0.92;0.93;Condition normale pour la saison.
MMA4098;2017-09-15;S01;Z01;A4;11;0.38;0.77;Condition normale pour la saison.
MMA4098;2017-10-15;S01;Z01;A4;11;0.82;0.88;Condition normale pour la saison.
MMA4099;2017-05-15;S01;Z01;A4;11;0.58;0.27;Légère variabilité observée.
MMA4099;2017-06-15;S01;Z01;A4;11;0.24;0.39;Légère variabilité observée.
MMA4099;2017-07-15;S01;Z01;A4;11;0.54;0.83;Rien à signaler.
MMA4099;2017-08-15;S01;Z01;A4;11;0.74;0.49;Condition normale pour la saison.
MMA4099;2017-09-15;S01;Z01;A4;11;0.78;0.91;Rien à signaler.
MMA4099;2017-10-15;S01;Z01;A4;11;0.56;0.80;Condition normale pour la saison.
MMA4100;2017-05-15;S01;Z01;A4;11;0.27;0.32;Légère variabilité observée.
MMA4100;2017-06-15;S01;Z01;A4;11;0.82;0.77;Condition normale pour la saison.
MMA4100;2017-07-15;S01;Z01;A4;11;0.68;0.19;Condition normale pour la saison.
MMA4100;2017-08-15;S01;Z01;A4;11;0.74;0.41;Condition normale pour la saison.
MMA4100;2017-09-15;S01;Z01;A4;11;0.87;0.23;Condition normale pour la saison.
MMA4100;2017-10-15;S01;Z01;A4;11;0.57;0.84;Condition normale pour la saison.
MMB1001;2017-05-15;S01;Z02;B1;11;0.58;0.80;Légère variabilité observée.
MMB1001;2017-06-15;S01;Z02;B1;11;0.32;0.28;Condition normale pour la saison.
MMB1001;2017-07-15;S01;Z02;B1;11;0.23;0.09;Légère variabilité observée.
MMB1001;2017-08-15;S01;Z02;B1;11;0.35;0.47;Légère variabilité observée.
MMB1001;2017-09-15;S01;Z02;B1;11;0.33;0.58;Condition normale pour la saison.
MMB1001;2017-10-15;S01;Z02;B1;11;0.09;0.38;Rien à signaler.
MMB1002;2017-05-15;S01;Z02;B1;11;0.39;0.26;Condition normale pour la saison.
MMB1002;2017-06-15;S01;Z02;B1;11;0.87;0.34;Rien à signaler.
MMB1002;2017-07-15;S01;Z02;B1;11;0.13;0.80;Rien à signaler.
MMB1002;2017-08-15;S01;Z02;B1;11;0.39;0.11;Rien à signaler.
MMB1002;2017-09-15;S01;Z02;B1;11;0.69;0.51;Condition normale pour la saison.
MMB1002;2017-10-15;S01;Z02;B1;11;0.76;0.42;Légère variabilité observée.
MMB1003;2017-05-15;S01;Z02;B1;11;0.63;0.35;Condition normale pour la saison.
MMB1003;2017-06-15;S01;Z02;B1;11;0.19;0.81;Condition normale pour la saison.
MMB1003;2017-07-15;S01;Z02;B1;11;0.22;0.81;Condition normale pour la saison.
MMB1003;2017-08-15;S01;Z02;B1;11;0.11;0.26;Condition normale pour la saison.
MMB1003;2017-09-15;S01;Z02;B1;11;0.73;0.44;Légère variabilité observée.
MMB1003;2017-10-15;S01;Z02;B1;11;0.86;0.89;Rien à signaler.
MMB1004;2017-05-15;S01;Z02;B1;11;0.60;0.46;Condition normale pour la saison.
MMB1004;2017-06-15;S01;Z02;B1;11;0.74;0.93;Légère variabilité observée.
MMB1004;2017-07-15;S01;Z02;B1;11;0.50;0.52;Légère variabilité observée.
MMB1004;2017-08-15;S01;Z02;B1;11;0.15;0.22;Condition normale pour la saison.
MMB1004;2017-09-15;S01;Z02;B1;11;0.53;0.86;Légère variabilité observée.
MMB1004;2017-10-15;S01;Z02;B1;11;0.10;0.94;Rien à signaler.
MMB1005;2017-05-15;S01;Z02;B1;11;0.68;0.32;Condition normale pour la saison.
MMB1005;2017-06-15;S01;Z02;B1;11;0.47;0.77;Légère variabilité observée.
MMB1005;2017-07-15;S01;Z02;B1;11;0.08;0.25;Condition normale pour la saison.
MMB1005;2017-08-15;S01;Z02;B1;11;0.62;0.45;Condition normale pour la saison.
MMB1005;2017-09-15;S01;Z02;B1;11;0.25;0.68;Rien à signaler.
MMB1005;2017-10-15;S01;Z02;B1;11;0.51;0.59;Condition normale pour la saison.
MMB1006;2017-05-15;S01;Z02;B1;11;0.48;0.76;Rien à signaler.
MMB1006;2017-06-15;S01;Z02;B1;11;0.60;0.10;Condition normale pour la saison.
MMB1006;2017-07-15;S01;Z02;B1;11;0.42;0.45;Rien à signaler.
MMB1006;2017-08-15;S01;Z02;B1;11;0.33;0.17;Rien à signaler.
MMB1006;2017-09-15;S01;Z02;B1;11;0.60;0.64;Condition normale pour la saison.
MMB1006;2017-10-15;S01;Z02;B1;11;0.34;0.82;Rien à signaler.
MMB1007;2017-05-15;S01;Z02;B1;11;0.35;0.30;Légère variabilité observée.
MMB1007;2017-06-15;S01;Z02;B1;11;0.27;0.32;Légère variabilité observée.
MMB1007;2017-07-15;S01;Z02;B1;11;0.89;0.32;Condition normale pour la saison.
MMB1007;2017-08-15;S01;Z02;B1;11;0.32;0.07;Légère variabilité observée.
MMB1007;2017-09-15;S01;Z02;B1;11;0.11;0.55;Rien à signaler.
MMB1007;2017-10-15;S01;Z02;B1;11;0.17;0.51;Condition normale pour la saison.
MMB1008;2017-05-15;S01;Z02;B1;11;0.85;0.64;Condition normale pour la saison.
MMB1008;2017-06-15;S01;Z02;B1;11;0.82;0.53;Légère variabilité observée.
MMB1008;2017-07-15;S01;Z02;B1;11;0.42;0.36;Rien à signaler.
MMB1008;2017-08-15;S01;Z02;B1;11;0.06;0.58;Condition normale pour la saison.
MMB1008;2017-09-15;S01;Z02;B1;11;0.06;0.49;Condition normale pour la saison.
MMB1008;2017-10-15;S01;Z02;B1;11;0.89;0.75;Rien à signaler.
MMB1009;2017-05-15;S01;Z02;B1;11;0.58;0.45;Légère variabilité observée.
MMB1009;2017-06-15;S01;Z02;B1;11;0.88;0.06;Condition normale pour la saison.
MMB1009;2017-07-15;S01;Z02;B1;11;0.46;0.52;Rien à signaler.
MMB1009;2017-08-15;S01;Z02;B1;11;0.07;0.74;Légère variabilité observée.
MMB1009;2017-09-15;S01;Z02;B1;11;0.78;0.10;Rien à signaler.
MMB1009;2017-10-15;S01;Z02;B1;11;0.31;0.22;Condition normale pour la saison.
MMB1010;2017-05-15;S01;Z02;B1;11;0.43;0.64;Rien à signaler.
MMB1010;2017-06-15;S01;Z02;B1;11;0.76;0.80;Légère variabilité observée.
MMB1010;2017-07-15;S01;Z02;B1;11;0.55;0.45;Légère variabilité observée.
MMB1010;2017-08-15;S01;Z02;B1;11;0.95;0.26;Légère variabilité observée.
MMB1010;2017-09-15;S01;Z02;B1;11;0.88;0.14;Rien à signaler.
MMB1010;2017-10-15;S01;Z02;B1;11;0.70;0.95;Légère variabilité observée.
MMB1011;2017-05-15;S01;Z02;B1;11;0.90;0.71;Condition normale pour la saison.
MMB1011;2017-06-15;S01;Z02;B1;11;0.35;0.49;Condition normale pour la saison.
MMB1011;2017-07-15;S01;Z02;B1;11;0.13;0.83;Condition normale pour la saison.
MMB1011;2017-08-15;S01;Z02;B1;11;0.78;0.86;Légère variabilité observée.
MMB1011;2017-09-15;S01;Z02;B1;11;0.58;0.85;Rien à signaler.
MMB1011;2017-10-15;S01;Z02;B1;11;0.17;0.38;Condition normale pour la saison.
MMB1012;2017-05-15;S01;Z02;B1;11;0.23;0.86;Condition normale pour la saison.
MMB1012;2017-06-15;S01;Z02;B1;11;0.66;0.21;Rien à signaler.
MMB1012;2017-07-15;S01;Z02;B1;11;0.58;0.34;Condition normale pour la saison.
MMB1012;2017-08-15;S01;Z02;B1;11;0.22;0.20;Condition normale pour la saison.
MMB1012;2017-09-15;S01;Z02;B1;11;0.28;0.79;Condition normale pour la saison.
MMB1012;2017-10-15;S01;Z02;B1;11;0.14;0.16;Rien à signaler.
MMB1013;2017-05-15;S01;Z02;B1;11;0.06;0.74;Légère variabilité observée.
MMB1013;2017-06-15;S01;Z02;B1;11;0.77;0.39;Condition normale pour la saison.
MMB1013;2017-07-15;S01;Z02;B1;11;0.36;0.74;Rien à signaler.
MMB1013;2017-08-15;S01;Z02;B1;11;0.43;0.43;Condition normale pour la saison.
MMB1013;2017-09-15;S01;Z02;B1;11;0.71;0.68;Condition normale pour la saison.
MMB1013;2017-10-15;S01;Z02;B1;11;0.91;0.70;Condition normale pour la saison.
MMB1014;2017-05-15;S01;Z02;B1;11;0.50;0.31;Rien à signaler.
MMB1014;2017-06-15;S01;Z02;B1;11;0.27;0.30;Condition normale pour la saison.
MMB1014;2017-07-15;S01;Z02;B1;11;0.48;0.55;Rien à signaler.
MMB1014;2017-08-15;S01;Z02;B1;11;0.89;0.36;Rien à signaler.
MMB1014;2017-09-15;S01;Z02;B1;11;0.72;0.32;Condition normale pour la saison.
MMB1014;2017-10-15;S01;Z02;B1;11;0.89;0.51;Rien à signaler.
MMB1015;2017-05-15;S01;Z02;B1;11;0.95;0.43;Légère variabilité observée.
MMB1015;2017-06-15;S01;Z02;B1;11;0.71;0.61;Légère variabilité observée.
MMB1015;2017-07-15;S01;Z02;B1;11;0.41;0.75;Rien à signaler.
MMB1015;2017-08-15;S01;Z02;B1;11;0.65;0.74;Légère variabilité observée.
MMB1015;2017-09-15;S01;Z02;B1;11;0.32;0.28;Condition normale pour la saison.
MMB1015;2017-10-15;S01;Z02;B1;11;0.55;0.56;Rien à signaler.
MMB1016;2017-05-15;S01;Z02;B1;11;0.38;0.05;Condition normale pour la saison.
MMB1016;2017-06-15;S01;Z02;B1;11;0.56;0.83;Condition normale pour la saison.
MMB1016;2017-07-15;S01;Z02;B1;11;0.25;0.41;Rien à signaler.
MMB1016;2017-08-15;S01;Z02;B1;11;0.20;0.47;Légère variabilité observée.
MMB1016;2017-09-15;S01;Z02;B1;11;0.23;0.71;Condition normale pour la saison.
MMB1016;2017-10-15;S01;Z02;B1;11;0.41;0.51;Légère variabilité observée.
MMB1017;2017-05-15;S01;Z02;B1;11;0.53;0.45;Rien à signaler.
MMB1017;2017-06-15;S01;Z02;B1;11;0.20;0.47;Condition normale pour la saison.
MMB1017;2017-07-15;S01;Z02;B1;11;0.69;0.20;Rien à signaler.
MMB1017;2017-08-15;S01;Z02;B1;11;0.18;0.26;Rien à signaler.
MMB1017;2017-09-15;S01;Z02;B1;11;0.74;0.25;Légère variabilité observée.
MMB1017;2017-10-15;S01;Z02;B1;11;0.59;0.69;Condition normale pour la saison.
MMB1018;2017-05-15;S01;Z02;B1;11;0.60;0.86;Légère variabilité observée.
MMB1018;2017-06-15;S01;Z02;B1;11;0.53;0.46;Condition normale pour la saison.
MMB1018;2017-07-15;S01;Z02;B1;11;0.71;0.29;Rien à signaler.
MMB1018;2017-08-15;S01;Z02;B1;11;0.79;0.21;Légère variabilité observée.
MMB1018;2017-09-15;S01;Z02;B1;11;0.55;0.10;Condition normale pour la saison.
MMB1018;2017-10-15;S01;Z02;B1;11;0.14;0.33;Légère variabilité observée.
MMB1019;2017-05-15;S01;Z02;B1;11;0.72;0.33;Rien à signaler.
MMB1019;2017-06-15;S01;Z02;B1;11;0.81;0.48;Légère variabilité observée.
MMB1019;2017-07-15;S01;Z02;B1;11;0.78;0.87;Légère variabilité observée.
MMB1019;2017-08-15;S01;Z02;B1;11;0.37;0.24;Condition normale pour la saison.
MMB1019;2017-09-15;S01;Z02;B1;11;0.28;0.33;Condition normale pour la saison.
MMB1019;2017-10-15;S01;Z02;B1;11;0.43;0.31;Condition normale pour la saison.
MMB1020;2017-05-15;S01;Z02;B1;11;0.15;0.92;Condition normale pour la saison.
MMB1020;2017-06-15;S01;Z02;B1;11;0.07;0.65;Condition normale pour la saison.
MMB1020;2017-07-15;S01;Z02;B1;11;0.66;0.23;Condition normale pour la saison.
MMB1020;2017-08-15;S01;Z02;B1;11;0.21;0.66;Rien à signaler.
MMB1020;2017-09-15;S01;Z02;B1;11;0.32;0.10;Condition normale pour la saison.
MMB1020;2017-10-15;S01;Z02;B1;11;0.29;0.89;Condition normale pour la saison.
MMB1021;2017-05-15;S01;Z02;B1;11;0.06;0.53;Légère variabilité observée.
MMB1021;2017-06-15;S01;Z02;B1;11;0.39;0.60;Légère variabilité observée.
MMB1021;2017-07-15;S01;Z02;B1;11;0.33;0.81;Condition normale pour la saison.
MMB1021;2017-08-15;S01;Z02;B1;11;0.15;0.44;Condition normale pour la saison.
MMB1021;2017-09-15;S01;Z02;B1;11;0.10;0.60;Rien à signaler.
MMB1021;2017-10-15;S01;Z02;B1;11;0.60;0.09;Condition normale pour la saison.
MMB1022;2017-05-15;S01;Z02;B1;11;0.09;0.71;Condition normale pour la saison.
MMB1022;2017-06-15;S01;Z02;B1;11;0.25;0.84;Condition normale pour la saison.
MMB1022;2017-07-15;S01;Z02;B1;11;0.37;0.10;Rien à signaler.
MMB1022;2017-08-15;S01;Z02;B1;11;0.33;0.88;Légère variabilité observée.
MMB1022;2017-09-15;S01;Z02;B1;11;0.65;0.67;Condition normale pour la saison.
MMB1022;2017-10-15;S01;Z02;B1;11;0.53;0.19;Condition normale pour la saison.
MMB1023;2017-05-15;S01;Z02;B1;11;0.38;0.90;Condition normale pour la saison.
MMB1023;2017-06-15;S01;Z02;B1;11;0.07;0.38;Rien à signaler.
MMB1023;2017-07-15;S01;Z02;B1;11;0.74;0.57;Condition normale pour la saison.
MMB1023;2017-08-15;S01;Z02;B1;11;0.74;0.49;Condition normale pour la saison.
MMB1023;2017-09-15;S01;Z02;B1;11;0.62;0.81;Condition normale pour la saison.
MMB1023;2017-10-15;S01;Z02;B1;11;0.17;0.15;Légère variabilité observée.
MMB1024;2017-05-15;S01;Z02;B1;11;0.84;0.48;Condition normale pour la saison.
MMB1024;2017-06-15;S01;Z02;B1;11;0.16;0.93;Condition normale pour la saison.
MMB1024;2017-07-15;S01;Z02;B1;11;0.45;0.68;Légère variabilité observée.
MMB1024;2017-08-15;S01;Z02;B1;11;0.24;0.25;Condition normale pour la saison.
MMB1024;2017-09-15;S01;Z02;B1;11;0.94;0.94;Rien à signaler.
MMB1024;2017-10-15;S01;Z02;B1;11;0.42;0.60;Légère variabilité observée.
MMB1025;2017-05-15;S01;Z02;B1;11;0.57;0.75;Légère variabilité observée.
MMB1025;2017-06-15;S01;Z02;B1;11;0.70;0.39;Rien à signaler.
MMB1025;2017-07-15;S01;Z02;B1;11;0.20;0.17;Condition normale pour la saison.
MMB1025;2017-08-15;S01;Z02;B1;11;0.16;0.46;Condition normale pour la saison.
MMB1025;2017-09-15;S01;Z02;B1;11;0.12;0.44;Rien à signaler.
MMB1025;2017-10-15;S01;Z02;B1;11;0.20;0.60;Légère variabilité observée.
MMB1026;2017-05-15;S01;Z02;B1;11;0.42;0.51;Condition normale pour la saison.
MMB1026;2017-06-15;S01;Z02;B1;11;0.74;0.28;Condition normale pour la saison.
MMB1026;2017-07-15;S01;Z02;B1;11;0.38;0.56;Condition normale pour la saison.
MMB1026;2017-08-15;S01;Z02;B1;11;0.59;0.16;Condition normale pour la saison.
MMB1026;2017-09-15;S01;Z02;B1;11;0.72;0.73;Légère variabilité observée.
MMB1026;2017-10-15;S01;Z02;B1;11;0.60;0.44;Condition normale pour la saison.
MMB1027;2017-05-15;S01;Z02;B1;11;0.20;0.91;Rien à signaler.
MMB1027;2017-06-15;S01;Z02;B1;11;0.60;0.93;Légère variabilité observée.
MMB1027;2017-07-15;S01;Z02;B1;11;0.88;0.68;Rien à signaler.
MMB1027;2017-08-15;S01;Z02;B1;11;0.49;0.64;Légère variabilité observée.
MMB1027;2017-09-15;S01;Z02;B1;11;0.08;0.09;Condition normale pour la saison.
MMB1027;2017-10-15;S01;Z02;B1;11;0.54;0.18;Légère variabilité observée.
MMB1028;2017-05-15;S01;Z02;B1;11;0.84;0.09;Condition normale pour la saison.
MMB1028;2017-06-15;S01;Z02;B1;11;0.51;0.55;Légère variabilité observée.
MMB1028;2017-07-15;S01;Z02;B1;11;0.86;0.64;Condition normale pour la saison.
MMB1028;2017-08-15;S01;Z02;B1;11;0.12;0.38;Rien à signaler.
MMB1028;2017-09-15;S01;Z02;B1;11;0.83;0.87;Rien à signaler.
MMB1028;2017-10-15;S01;Z02;B1;11;0.69;0.14;Condition normale pour la saison.
MMB1029;2017-05-15;S01;Z02;B1;11;0.34;0.43;Condition normale pour la saison.
MMB1029;2017-06-15;S01;Z02;B1;11;0.19;0.79;Condition normale pour la saison.
MMB1029;2017-07-15;S01;Z02;B1;11;0.46;0.81;Condition normale pour la saison.
MMB1029;2017-08-15;S01;Z02;B1;11;0.59;0.85;Condition normale pour la saison.
MMB1029;2017-09-15;S01;Z02;B1;11;0.51;0.13;Légère variabilité observée.
MMB1029;2017-10-15;S01;Z02;B1;11;0.88;0.19;Légère variabilité observée.
MMB1030;2017-05-15;S01;Z02;B1;11;0.79;0.39;Rien à signaler.
MMB1030;2017-06-15;S01;Z02;B1;11;0.48;0.32;Condition normale pour la saison.
MMB1030;2017-07-15;S01;Z02;B1;11;0.56;0.38;Légère variabilité observée.
MMB1030;2017-08-15;S01;Z02;B1;11;0.35;0.17;Condition normale pour la saison.
MMB1030;2017-09-15;S01;Z02;B1;11;0.85;0.21;Légère variabilité observée.
MMB1030;2017-10-15;S01;Z02;B1;11;0.82;0.68;Rien à signaler.
MMB1031;2017-05-15;S01;Z02;B1;11;0.21;0.66;Rien à signaler.
MMB1031;2017-06-15;S01;Z02;B1;11;0.07;0.54;Condition normale pour la saison.
MMB1031;2017-07-15;S01;Z02;B1;11;0.61;0.41;Condition normale pour la saison.
MMB1031;2017-08-15;S01;Z02;B1;11;0.94;0.72;Condition normale pour la saison.
MMB1031;2017-09-15;S01;Z02;B1;11;0.51;0.51;Légère variabilité observée.
MMB1031;2017-10-15;S01;Z02;B1;11;0.73;0.47;Condition normale pour la saison.
MMB1032;2017-05-15;S01;Z02;B1;11;0.31;0.19;Condition normale pour la saison.
MMB1032;2017-06-15;S01;Z02;B1;11;0.39;0.15;Légère variabilité observée.
MMB1032;2017-07-15;S01;Z02;B1;11;0.37;0.41;Condition normale pour la saison.
MMB1032;2017-08-15;S01;Z02;B1;11;0.36;0.08;Rien à signaler.
MMB1032;2017-09-15;S01;Z02;B1;11;0.41;0.09;Condition normale pour la saison.
MMB1032;2017-10-15;S01;Z02;B1;11;0.94;0.19;Condition normale pour la saison.
MMB1033;2017-05-15;S01;Z02;B1;11;0.72;0.70;Rien à signaler.
MMB1033;2017-06-15;S01;Z02;B1;11;0.24;0.60;Condition normale pour la saison.
MMB1033;2017-07-15;S01;Z02;B1;11;0.19;0.33;Condition normale pour la saison.
MMB1033;2017-08-15;S01;Z02;B1;11;0.87;0.56;Condition normale pour la saison.
MMB1033;2017-09-15;S01;Z02;B1;11;0.90;0.90;Condition normale pour la saison.
MMB1033;2017-10-15;S01;Z02;B1;11;0.80;0.27;Légère variabilité observée.
MMB1034;2017-05-15;S01;Z02;B1;11;0.75;0.42;Condition normale pour la saison.
MMB1034;2017-06-15;S01;Z02;B1;11;0.46;0.31;Condition normale pour la saison.
MMB1034;2017-07-15;S01;Z02;B1;11;0.71;0.05;Condition normale pour la saison.
MMB1034;2017-08-15;S01;Z02;B1;11;0.84;0.59;Condition normale pour la saison.
MMB1034;2017-09-15;S01;Z02;B1;11;0.41;0.82;Légère variabilité observée.
MMB1034;2017-10-15;S01;Z02;B1;11;0.93;0.55;Rien à signaler.
MMB1035;2017-05-15;S01;Z02;B1;11;0.52;0.63;Condition normale pour la saison.
MMB1035;2017-06-15;S01;Z02;B1;11;0.39;0.73;Condition normale pour la saison.
MMB1035;2017-07-15;S01;Z02;B1;11;0.05;0.82;Légère variabilité observée.
MMB1035;2017-08-15;S01;Z02;B1;11;0.81;0.13;Rien à signaler.
MMB1035;2017-09-15;S01;Z02;B1;11;0.35;0.71;Condition normale pour la saison.
MMB1035;2017-10-15;S01;Z02;B1;11;0.66;0.08;Condition normale pour la saison.
MMB1036;2017-05-15;S01;Z02;B1;11;0.75;0.40;Condition normale pour la saison.
MMB1036;2017-06-15;S01;Z02;B1;11;0.37;0.45;Légère variabilité observée.
MMB1036;2017-07-15;S01;Z02;B1;11;0.69;0.55;Condition normale pour la saison.
MMB1036;2017-08-15;S01;Z02;B1;11;0.34;0.62;Condition normale pour la saison.
MMB1036;2017-09-15;S01;Z02;B1;11;0.52;0.24;Condition normale pour la saison.
MMB1036;2017-10-15;S01;Z02;B1;11;0.47;0.87;Rien à signaler.
MMB1037;2017-05-15;S01;Z02;B1;11;0.82;0.44;Légère variabilité observée.
MMB1037;2017-06-15;S01;Z02;B1;11;0.22;0.71;Condition normale pour la saison.
MMB1037;2017-07-15;S01;Z02;B1;11;0.31;0.26;Condition normale pour la saison.
MMB1037;2017-08-15;S01;Z02;B1;11;0.59;0.81;Rien à signaler.
MMB1037;2017-09-15;S01;Z02;B1;11;0.25;0.13;Condition normale pour la saison.
MMB1037;2017-10-15;S01;Z02;B1;11;0.65;0.30;Condition normale pour la saison.
MMB1038;2017-05-15;S01;Z02;B1;11;0.82;0.85;Rien à signaler.
MMB1038;2017-06-15;S01;Z02;B1;11;0.45;0.68;Condition normale pour la saison.
MMB1038;2017-07-15;S01;Z02;B1;11;0.61;0.71;Condition normale pour la saison.
MMB1038;2017-08-15;S01;Z02;B1;11;0.86;0.32;Condition normale pour la saison.
MMB1038;2017-09-15;S01;Z02;B1;11;0.24;0.58;Légère variabilité observée.
MMB1038;2017-10-15;S01;Z02;B1;11;0.82;0.50;Condition normale pour la saison.
MMB1039;2017-05-15;S01;Z02;B1;11;0.90;0.30;Légère variabilité observée.
MMB1039;2017-06-15;S01;Z02;B1;11;0.84;0.65;Condition normale pour la saison.
MMB1039;2017-07-15;S01;Z02;B1;11;0.86;0.32;Condition normale pour la saison.
MMB1039;2017-08-15;S01;Z02;B1;11;0.83;0.81;Condition normale pour la saison.
MMB1039;2017-09-15;S01;Z02;B1;11;0.84;0.08;Condition normale pour la saison.
MMB1039;2017-10-15;S01;Z02;B1;11;0.69;0.19;Condition normale pour la saison.
MMB1040;2017-05-15;S01;Z02;B1;11;0.35;0.15;Légère variabilité observée.
MMB1040;2017-06-15;S01;Z02;B1;11;0.70;0.32;Rien à signaler.
MMB1040;2017-07-15;S01;Z02;B1;11;0.07;0.76;Légère variabilité observée.
MMB1040;2017-08-15;S01;Z02;B1;11;0.42;0.10;Condition normale pour la saison.
MMB1040;2017-09-15;S01;Z02;B1;11;0.23;0.70;Condition normale pour la saison.
MMB1040;2017-10-15;S01;Z02;B1;11;0.55;0.91;Condition normale pour la saison.
MMB1041;2017-05-15;S01;Z02;B1;11;0.20;0.46;Rien à signaler.
MMB1041;2017-06-15;S01;Z02;B1;11;0.49;0.20;Condition normale pour la saison.
MMB1041;2017-07-15;S01;Z02;B1;11;0.71;0.26;Rien à signaler.
MMB1041;2017-08-15;S01;Z02;B1;11;0.27;0.29;Légère variabilité observée.
MMB1041;2017-09-15;S01;Z02;B1;11;0.12;0.18;Condition normale pour la saison.
MMB1041;2017-10-15;S01;Z02;B1;11;0.79;0.40;Légère variabilité observée.
MMB1042;2017-05-15;S01;Z02;B1;11;0.55;0.49;Condition normale pour la saison.
MMB1042;2017-06-15;S01;Z02;B1;11;0.78;0.23;Légère variabilité observée.
MMB1042;2017-07-15;S01;Z02;B1;11;0.47;0.11;Condition normale pour la saison.
MMB1042;2017-08-15;S01;Z02;B1;11;0.12;0.51;Condition normale pour la saison.
MMB1042;2017-09-15;S01;Z02;B1;11;0.51;0.55;Légère variabilité observée.
MMB1042;2017-10-15;S01;Z02;B1;11;0.32;0.50;Légère variabilité observée.
MMB1043;2017-05-15;S01;Z02;B1;11;0.30;0.43;Condition normale pour la saison.
MMB1043;2017-06-15;S01;Z02;B1;11;0.62;0.43;Condition normale pour la saison.
MMB1043;2017-07-15;S01;Z02;B1;11;0.73;0.19;Condition normale pour la saison.
MMB1043;2017-08-15;S01;Z02;B1;11;0.09;0.19;Condition normale pour la saison.
MMB1043;2017-09-15;S01;Z02;B1;11;0.87;0.11;Condition normale pour la saison.
MMB1043;2017-10-15;S01;Z02;B1;11;0.73;0.31;Condition normale pour la saison.
MMB1044;2017-05-15;S01;Z02;B1;11;0.14;0.59;Légère variabilité observée.
MMB1044;2017-06-15;S01;Z02;B1;11;0.41;0.19;Condition normale pour la saison.
MMB1044;2017-07-15;S01;Z02;B1;11;0.08;0.31;Condition normale pour la saison.
MMB1044;2017-08-15;S01;Z02;B1;11;0.39;0.62;Condition normale pour la saison.
MMB1044;2017-09-15;S01;Z02;B1;11;0.46;0.20;Légère variabilité observée.
MMB1044;2017-10-15;S01;Z02;B1;11;0.10;0.88;Condition normale pour la saison.
MMB1045;2017-05-15;S01;Z02;B1;11;0.28;0.62;Légère variabilité observée.
MMB1045;2017-06-15;S01;Z02;B1;11;0.65;0.94;Condition normale pour la saison.
MMB1045;2017-07-15;S01;Z02;B1;11;0.77;0.53;Rien à signaler.
MMB1045;2017-08-15;S01;Z02;B1;11;0.64;0.47;Condition normale pour la saison.
MMB1045;2017-09-15;S01;Z02;B1;11;0.21;0.24;Légère variabilité observée.
MMB1045;2017-10-15;S01;Z02;B1;11;0.88;0.41;Légère variabilité observée.
MMB1046;2017-05-15;S01;Z02;B1;11;0.76;0.31;Condition normale pour la saison.
MMB1046;2017-06-15;S01;Z02;B1;11;0.36;0.88;Légère variabilité observée.
MMB1046;2017-07-15;S01;Z02;B1;11;0.86;0.56;Légère variabilité observée.
MMB1046;2017-08-15;S01;Z02;B1;11;0.15;0.67;Condition normale pour la saison.
MMB1046;2017-09-15;S01;Z02;B1;11;0.71;0.18;Condition normale pour la saison.
MMB1046;2017-10-15;S01;Z02;B1;11;0.45;0.27;Légère variabilité observée.
MMB1047;2017-05-15;S01;Z02;B1;11;0.49;0.41;Rien à signaler.
MMB1047;2017-06-15;S01;Z02;B1;11;0.87;0.51;Condition normale pour la saison.
MMB1047;2017-07-15;S01;Z02;B1;11;0.56;0.79;Condition normale pour la saison.
MMB1047;2017-08-15;S01;Z02;B1;11;0.20;0.50;Rien à signaler.
MMB1047;2017-09-15;S01;Z02;B1;11;0.74;0.11;Légère variabilité observée.
MMB1047;2017-10-15;S01;Z02;B1;11;0.25;0.24;Condition normale pour la saison.
MMB1048;2017-05-15;S01;Z02;B1;11;0.08;0.37;Rien à signaler.
MMB1048;2017-06-15;S01;Z02;B1;11;0.95;0.14;Condition normale pour la saison.
MMB1048;2017-07-15;S01;Z02;B1;11;0.95;0.75;Légère variabilité observée.
MMB1048;2017-08-15;S01;Z02;B1;11;0.68;0.21;Rien à signaler.
MMB1048;2017-09-15;S01;Z02;B1;11;0.53;0.90;Condition normale pour la saison.
MMB1048;2017-10-15;S01;Z02;B1;11;0.65;0.93;Rien à signaler.
MMB1049;2017-05-15;S01;Z02;B1;11;0.69;0.69;Condition normale pour la saison.
MMB1049;2017-06-15;S01;Z02;B1;11;0.68;0.28;Condition normale pour la saison.
MMB1049;2017-07-15;S01;Z02;B1;11;0.81;0.22;Légère variabilité observée.
MMB1049;2017-08-15;S01;Z02;B1;11;0.82;0.29;Condition normale pour la saison.
MMB1049;2017-09-15;S01;Z02;B1;11;0.87;0.38;Condition normale pour la saison.
MMB1049;2017-10-15;S01;Z02;B1;11;0.73;0.77;Légère variabilité observée.
MMB1050;2017-05-15;S01;Z02;B1;11;0.39;0.78;Condition normale pour la saison.
MMB1050;2017-06-15;S01;Z02;B1;11;0.21;0.06;Rien à signaler.
MMB1050;2017-07-15;S01;Z02;B1;11;0.08;0.06;Condition normale pour la saison.
MMB1050;2017-08-15;S01;Z02;B1;11;0.79;0.62;Condition normale pour la saison.
MMB1050;2017-09-15;S01;Z02;B1;11;0.69;0.94;Condition normale pour la saison.
MMB1050;2017-10-15;S01;Z02;B1;11;0.46;0.51;Légère variabilité observée.
MMB1051;2017-05-15;S01;Z02;B1;11;0.94;0.30;Rien à signaler.
MMB1051;2017-06-15;S01;Z02;B1;11;0.76;0.78;Rien à signaler.
MMB1051;2017-07-15;S01;Z02;B1;11;0.11;0.30;Condition normale pour la saison.
MMB1051;2017-08-15;S01;Z02;B1;11;0.69;0.74;Condition normale pour la saison.
MMB1051;2017-09-15;S01;Z02;B1;11;0.38;0.95;Condition normale pour la saison.
MMB1051;2017-10-15;S01;Z02;B1;11;0.14;0.55;Rien à signaler.
MMB1052;2017-05-15;S01;Z02;B1;11;0.36;0.41;Rien à signaler.
MMB1052;2017-06-15;S01;Z02;B1;11;0.93;0.11;Rien à signaler.
MMB1052;2017-07-15;S01;Z02;B1;11;0.11;0.12;Condition normale pour la saison.
MMB1052;2017-08-15;S01;Z02;B1;11;0.69;0.16;Légère variabilité observée.
MMB1052;2017-09-15;S01;Z02;B1;11;0.42;0.88;Condition normale pour la saison.
MMB1052;2017-10-15;S01;Z02;B1;11;0.87;0.48;Rien à signaler.
MMB1053;2017-05-15;S01;Z02;B1;11;0.10;0.24;Condition normale pour la saison.
MMB1053;2017-06-15;S01;Z02;B1;11;0.34;0.74;Condition normale pour la saison.
MMB1053;2017-07-15;S01;Z02;B1;11;0.19;0.80;Condition normale pour la saison.
MMB1053;2017-08-15;S01;Z02;B1;11;0.40;0.35;Rien à signaler.
MMB1053;2017-09-15;S01;Z02;B1;11;0.57;0.26;Rien à signaler.
MMB1053;2017-10-15;S01;Z02;B1;11;0.39;0.22;Légère variabilité observée.
MMB1054;2017-05-15;S01;Z02;B1;11;0.19;0.64;Rien à signaler.
MMB1054;2017-06-15;S01;Z02;B1;11;0.86;0.67;Rien à signaler.
MMB1054;2017-07-15;S01;Z02;B1;11;0.75;0.83;Légère variabilité observée.
MMB1054;2017-08-15;S01;Z02;B1;11;0.85;0.42;Condition normale pour la saison.
MMB1054;2017-09-15;S01;Z02;B1;11;0.43;0.25;Rien à signaler.
MMB1054;2017-10-15;S01;Z02;B1;11;0.83;0.15;Condition normale pour la saison.
MMB1055;2017-05-15;S01;Z02;B1;11;0.38;0.80;Condition normale pour la saison.
MMB1055;2017-06-15;S01;Z02;B1;11;0.28;0.94;Légère variabilité observée.
MMB1055;2017-07-15;S01;Z02;B1;11;0.35;0.62;Condition normale pour la saison.
MMB1055;2017-08-15;S01;Z02;B1;11;0.28;0.64;Rien à signaler.
MMB1055;2017-09-15;S01;Z02;B1;11;0.75;0.11;Rien à signaler.
MMB1055;2017-10-15;S01;Z02;B1;11;0.66;0.84;Condition normale pour la saison.
MMB1056;2017-05-15;S01;Z02;B1;11;0.24;0.76;Rien à signaler.
MMB1056;2017-06-15;S01;Z02;B1;11;0.91;0.21;Condition normale pour la saison.
MMB1056;2017-07-15;S01;Z02;B1;11;0.65;0.52;Condition normale pour la saison.
MMB1056;2017-08-15;S01;Z02;B1;11;0.86;0.72;Condition normale pour la saison.
MMB1056;2017-09-15;S01;Z02;B1;11;0.89;0.95;Condition normale pour la saison.
MMB1056;2017-10-15;S01;Z02;B1;11;0.91;0.28;Condition normale pour la saison.
MMB1057;2017-05-15;S01;Z02;B1;11;0.87;0.52;Condition normale pour la saison.
MMB1057;2017-06-15;S01;Z02;B1;11;0.43;0.62;Rien à signaler.
MMB1057;2017-07-15;S01;Z02;B1;11;0.14;0.44;Rien à signaler.
MMB1057;2017-08-15;S01;Z02;B1;11;0.13;0.56;Légère variabilité observée.
MMB1057;2017-09-15;S01;Z02;B1;11;0.71;0.59;Condition normale pour la saison.
MMB1057;2017-10-15;S01;Z02;B1;11;0.77;0.42;Rien à signaler.
MMB1058;2017-05-15;S01;Z02;B1;11;0.27;0.94;Rien à signaler.
MMB1058;2017-06-15;S01;Z02;B1;11;0.90;0.70;Condition normale pour la saison.
MMB1058;2017-07-15;S01;Z02;B1;11;0.11;0.89;Condition normale pour la saison.
MMB1058;2017-08-15;S01;Z02;B1;11;0.15;0.55;Légère variabilité observée.
MMB1058;2017-09-15;S01;Z02;B1;11;0.94;0.10;Légère variabilité observée.
MMB1058;2017-10-15;S01;Z02;B1;11;0.95;0.71;Condition normale pour la saison.
MMB1059;2017-05-15;S01;Z02;B1;11;0.79;0.34;Rien à signaler.
MMB1059;2017-06-15;S01;Z02;B1;11;0.57;0.33;Condition normale pour la saison.
MMB1059;2017-07-15;S01;Z02;B1;11;0.49;0.86;Rien à signaler.
MMB1059;2017-08-15;S01;Z02;B1;11;0.22;0.05;Condition normale pour la saison.
MMB1059;2017-09-15;S01;Z02;B1;11;0.51;0.71;Rien à signaler.
MMB1059;2017-10-15;S01;Z02;B1;11;0.83;0.48;Condition normale pour la saison.
MMB1060;2017-05-15;S01;Z02;B1;11;0.68;0.64;Légère variabilité observée.
MMB1060;2017-06-15;S01;Z02;B1;11;0.94;0.05;Rien à signaler.
MMB1060;2017-07-15;S01;Z02;B1;11;0.22;0.36;Légère variabilité observée.
MMB1060;2017-08-15;S01;Z02;B1;11;0.88;0.25;Légère variabilité observée.
MMB1060;2017-09-15;S01;Z02;B1;11;0.08;0.19;Légère variabilité observée.
MMB1060;2017-10-15;S01;Z02;B1;11;0.13;0.85;Légère variabilité observée.
MMB1061;2017-05-15;S01;Z02;B1;11;0.42;0.22;Condition normale pour la saison.
MMB1061;2017-06-15;S01;Z02;B1;11;0.20;0.29;Condition normale pour la saison.
MMB1061;2017-07-15;S01;Z02;B1;11;0.73;0.45;Rien à signaler.
MMB1061;2017-08-15;S01;Z02;B1;11;0.83;0.06;Rien à signaler.
MMB1061;2017-09-15;S01;Z02;B1;11;0.51;0.52;Rien à signaler.
MMB1061;2017-10-15;S01;Z02;B1;11;0.48;0.84;Condition normale pour la saison.
MMB1062;2017-05-15;S01;Z02;B1;11;0.60;0.47;Condition normale pour la saison.
MMB1062;2017-06-15;S01;Z02;B1;11;0.60;0.75;Condition normale pour la saison.
MMB1062;2017-07-15;S01;Z02;B1;11;0.77;0.50;Rien à signaler.
MMB1062;2017-08-15;S01;Z02;B1;11;0.66;0.84;Légère variabilité observée.
MMB1062;2017-09-15;S01;Z02;B1;11;0.63;0.83;Rien à signaler.
MMB1062;2017-10-15;S01;Z02;B1;11;0.16;0.47;Rien à signaler.
MMB1063;2017-05-15;S01;Z02;B1;11;0.39;0.44;Condition normale pour la saison.
MMB1063;2017-06-15;S01;Z02;B1;11;0.43;0.75;Condition normale pour la saison.
MMB1063;2017-07-15;S01;Z02;B1;11;0.26;0.68;Condition normale pour la saison.
MMB1063;2017-08-15;S01;Z02;B1;11;0.38;0.42;Condition normale pour la saison.
MMB1063;2017-09-15;S01;Z02;B1;11;0.79;0.12;Condition normale pour la saison.
MMB1063;2017-10-15;S01;Z02;B1;11;0.66;0.79;Condition normale pour la saison.
MMB1064;2017-05-15;S01;Z02;B1;11;0.31;0.61;Condition normale pour la saison.
MMB1064;2017-06-15;S01;Z02;B1;11;0.64;0.86;Condition normale pour la saison.
MMB1064;2017-07-15;S01;Z02;B1;11;0.72;0.55;Condition normale pour la saison.
MMB1064;2017-08-15;S01;Z02;B1;11;0.92;0.48;Rien à signaler.
MMB1064;2017-09-15;S01;Z02;B1;11;0.11;0.68;Rien à signaler.
MMB1064;2017-10-15;S01;Z02;B1;11;0.90;0.74;Légère variabilité observée.
MMB1065;2017-05-15;S01;Z02;B1;11;0.33;0.51;Légère variabilité observée.
MMB1065;2017-06-15;S01;Z02;B1;11;0.29;0.22;Rien à signaler.
MMB1065;2017-07-15;S01;Z02;B1;11;0.22;0.70;Condition normale pour la saison.
MMB1065;2017-08-15;S01;Z02;B1;11;0.59;0.53;Condition normale pour la saison.
MMB1065;2017-09-15;S01;Z02;B1;11;0.56;0.83;Condition normale pour la saison.
MMB1065;2017-10-15;S01;Z02;B1;11;0.72;0.43;Légère variabilité observée.
MMB1066;2017-05-15;S01;Z02;B1;11;0.29;0.49;Légère variabilité observée.
MMB1066;2017-06-15;S01;Z02;B1;11;0.13;0.22;Rien à signaler.
MMB1066;2017-07-15;S01;Z02;B1;11;0.58;0.10;Rien à signaler.
MMB1066;2017-08-15;S01;Z02;B1;11;0.62;0.62;Rien à signaler.
MMB1066;2017-09-15;S01;Z02;B1;11;0.69;0.71;Condition normale pour la saison.
MMB1066;2017-10-15;S01;Z02;B1;11;0.87;0.51;Condition normale pour la saison.
MMB1067;2017-05-15;S01;Z02;B1;11;0.72;0.71;Condition normale pour la saison.
MMB1067;2017-06-15;S01;Z02;B1;11;0.34;0.34;Condition normale pour la saison.
MMB1067;2017-07-15;S01;Z02;B1;11;0.14;0.85;Légère variabilité observée.
MMB1067;2017-08-15;S01;Z02;B1;11;0.27;0.90;Légère variabilité observée.
MMB1067;2017-09-15;S01;Z02;B1;11;0.71;0.35;Condition normale pour la saison.
MMB1067;2017-10-15;S01;Z02;B1;11;0.18;0.09;Condition normale pour la saison.
MMB1068;2017-05-15;S01;Z02;B1;11;0.30;0.75;Légère variabilité observée.
MMB1068;2017-06-15;S01;Z02;B1;11;0.79;0.29;Légère variabilité observée.
MMB1068;2017-07-15;S01;Z02;B1;11;0.20;0.30;Rien à signaler.
MMB1068;2017-08-15;S01;Z02;B1;11;0.37;0.84;Condition normale pour la saison.
MMB1068;2017-09-15;S01;Z02;B1;11;0.83;0.12;Rien à signaler.
MMB1068;2017-10-15;S01;Z02;B1;11;0.79;0.09;Légère variabilité observée.
MMB1069;2017-05-15;S01;Z02;B1;11;0.94;0.47;Légère variabilité observée.
MMB1069;2017-06-15;S01;Z02;B1;11;0.63;0.10;Condition normale pour la saison.
MMB1069;2017-07-15;S01;Z02;B1;11;0.20;0.69;Rien à signaler.
MMB1069;2017-08-15;S01;Z02;B1;11;0.82;0.27;Légère variabilité observée.
MMB1069;2017-09-15;S01;Z02;B1;11;0.81;0.26;Légère variabilité observée.
MMB1069;2017-10-15;S01;Z02;B1;11;0.41;0.72;Condition normale pour la saison.
MMB1070;2017-05-15;S01;Z02;B1;11;0.67;0.18;Légère variabilité observée.
MMB1070;2017-06-15;S01;Z02;B1;11;0.80;0.50;Rien à signaler.
MMB1070;2017-07-15;S01;Z02;B1;11;0.20;0.06;Condition normale pour la saison.
MMB1070;2017-08-15;S01;Z02;B1;11;0.79;0.05;Légère variabilité observée.
MMB1070;2017-09-15;S01;Z02;B1;11;0.59;0.49;Rien à signaler.
MMB1070;2017-10-15;S01;Z02;B1;11;0.31;0.41;Condition normale pour la saison.
MMB1071;2017-05-15;S01;Z02;B1;11;0.43;0.30;Condition normale pour la saison.
MMB1071;2017-06-15;S01;Z02;B1;11;0.31;0.17;Rien à signaler.
MMB1071;2017-07-15;S01;Z02;B1;11;0.36;0.51;Condition normale pour la saison.
MMB1071;2017-08-15;S01;Z02;B1;11;0.82;0.31;Rien à signaler.
MMB1071;2017-09-15;S01;Z02;B1;11;0.71;0.89;Rien à signaler.
MMB1071;2017-10-15;S01;Z02;B1;11;0.32;0.64;Condition normale pour la saison.
MMB1072;2017-05-15;S01;Z02;B1;11;0.76;0.66;Légère variabilité observée.
MMB1072;2017-06-15;S01;Z02;B1;11;0.54;0.07;Légère variabilité observée.
MMB1072;2017-07-15;S01;Z02;B1;11;0.56;0.30;Légère variabilité observée.
MMB1072;2017-08-15;S01;Z02;B1;11;0.64;0.45;Légère variabilité observée.
MMB1072;2017-09-15;S01;Z02;B1;11;0.94;0.11;Condition normale pour la saison.
MMB1072;2017-10-15;S01;Z02;B1;11;0.50;0.86;Condition normale pour la saison.
MMB1073;2017-05-15;S01;Z02;B1;11;0.70;0.63;Condition normale pour la saison.
MMB1073;2017-06-15;S01;Z02;B1;11;0.21;0.92;Condition normale pour la saison.
MMB1073;2017-07-15;S01;Z02;B1;11;0.20;0.79;Condition normale pour la saison.
MMB1073;2017-08-15;S01;Z02;B1;11;0.54;0.91;Condition normale pour la saison.
MMB1073;2017-09-15;S01;Z02;B1;11;0.22;0.54;Légère variabilité observée.
MMB1073;2017-10-15;S01;Z02;B1;11;0.12;0.90;Condition normale pour la saison.
MMB1074;2017-05-15;S01;Z02;B1;11;0.74;0.57;Légère variabilité observée.
MMB1074;2017-06-15;S01;Z02;B1;11;0.14;0.53;Condition normale pour la saison.
MMB1074;2017-07-15;S01;Z02;B1;11;0.38;0.63;Rien à signaler.
MMB1074;2017-08-15;S01;Z02;B1;11;0.22;0.69;Condition normale pour la saison.
MMB1074;2017-09-15;S01;Z02;B1;11;0.92;0.06;Condition normale pour la saison.
MMB1074;2017-10-15;S01;Z02;B1;11;0.93;0.37;Rien à signaler.
MMB1075;2017-05-15;S01;Z02;B1;11;0.20;0.58;Rien à signaler.
MMB1075;2017-06-15;S01;Z02;B1;11;0.64;0.38;Condition normale pour la saison.
MMB1075;2017-07-15;S01;Z02;B1;11;0.13;0.69;Rien à signaler.
MMB1075;2017-08-15;S01;Z02;B1;11;0.79;0.41;Condition normale pour la saison.
MMB1075;2017-09-15;S01;Z02;B1;11;0.14;0.76;Condition normale pour la saison.
MMB1075;2017-10-15;S01;Z02;B1;11;0.50;0.60;Condition normale pour la saison.
MMB1076;2017-05-15;S01;Z02;B1;11;0.82;0.27;Légère variabilité observée.
MMB1076;2017-06-15;S01;Z02;B1;11;0.68;0.41;Condition normale pour la saison.
MMB1076;2017-07-15;S01;Z02;B1;11;0.46;0.57;Condition normale pour la saison.
MMB1076;2017-08-15;S01;Z02;B1;11;0.27;0.51;Rien à signaler.
MMB1076;2017-09-15;S01;Z02;B1;11;0.43;0.46;Condition normale pour la saison.
MMB1076;2017-10-15;S01;Z02;B1;11;0.57;0.42;Légère variabilité observée.
MMB1077;2017-05-15;S01;Z02;B1;11;0.60;0.75;Légère variabilité observée.
MMB1077;2017-06-15;S01;Z02;B1;11;0.56;0.28;Condition normale pour la saison.
MMB1077;2017-07-15;S01;Z02;B1;11;0.83;0.54;Rien à signaler.
MMB1077;2017-08-15;S01;Z02;B1;11;0.36;0.83;Légère variabilité observée.
MMB1077;2017-09-15;S01;Z02;B1;11;0.61;0.57;Condition normale pour la saison.
MMB1077;2017-10-15;S01;Z02;B1;11;0.15;0.13;Condition normale pour la saison.
MMB1078;2017-05-15;S01;Z02;B1;11;0.67;0.80;Condition normale pour la saison.
MMB1078;2017-06-15;S01;Z02;B1;11;0.42;0.72;Condition normale pour la saison.
MMB1078;2017-07-15;S01;Z02;B1;11;0.62;0.93;Rien à signaler.
MMB1078;2017-08-15;S01;Z02;B1;11;0.88;0.28;Condition normale pour la saison.
MMB1078;2017-09-15;S01;Z02;B1;11;0.35;0.75;Condition normale pour la saison.
MMB1078;2017-10-15;S01;Z02;B1;11;0.26;0.91;Légère variabilité observée.
MMB1079;2017-05-15;S01;Z02;B1;11;0.28;0.79;Condition normale pour la saison.
MMB1079;2017-06-15;S01;Z02;B1;11;0.26;0.93;Condition normale pour la saison.
MMB1079;2017-07-15;S01;Z02;B1;11;0.35;0.41;Condition normale pour la saison.
MMB1079;2017-08-15;S01;Z02;B1;11;0.10;0.86;Condition normale pour la saison.
MMB1079;2017-09-15;S01;Z02;B1;11;0.39;0.61;Rien à signaler.
MMB1079;2017-10-15;S01;Z02;B1;11;0.36;0.11;Condition normale pour la saison.
MMB1080;2017-05-15;S01;Z02;B1;11;0.46;0.78;Légère variabilité observée.
MMB1080;2017-06-15;S01;Z02;B1;11;0.31;0.06;Rien à signaler.
MMB1080;2017-07-15;S01;Z02;B1;11;0.52;0.44;Condition normale pour la saison.
MMB1080;2017-08-15;S01;Z02;B1;11;0.12;0.56;Condition normale pour la saison.
MMB1080;2017-09-15;S01;Z02;B1;11;0.53;0.63;Légère variabilité observée.
MMB1080;2017-10-15;S01;Z02;B1;11;0.27;0.66;Condition normale pour la saison.
MMB1081;2017-05-15;S01;Z02;B1;11;0.38;0.29;Rien à signaler.
MMB1081;2017-06-15;S01;Z02;B1;11;0.57;0.35;Condition normale pour la saison.
MMB1081;2017-07-15;S01;Z02;B1;11;0.28;0.69;Rien à signaler.
MMB1081;2017-08-15;S01;Z02;B1;11;0.14;0.56;Légère variabilité observée.
MMB1081;2017-09-15;S01;Z02;B1;11;0.37;0.94;Condition normale pour la saison.
MMB1081;2017-10-15;S01;Z02;B1;11;0.36;0.47;Rien à signaler.
MMB1082;2017-05-15;S01;Z02;B1;11;0.21;0.22;Légère variabilité observée.
MMB1082;2017-06-15;S01;Z02;B1;11;0.59;0.30;Condition normale pour la saison.
MMB1082;2017-07-15;S01;Z02;B1;11;0.78;0.09;Légère variabilité observée.
MMB1082;2017-08-15;S01;Z02;B1;11;0.36;0.73;Condition normale pour la saison.
MMB1082;2017-09-15;S01;Z02;B1;11;0.88;0.33;Condition normale pour la saison.
MMB1082;2017-10-15;S01;Z02;B1;11;0.53;0.41;Rien à signaler.
MMB1083;2017-05-15;S01;Z02;B1;11;0.12;0.28;Rien à signaler.
MMB1083;2017-06-15;S01;Z02;B1;11;0.34;0.42;Condition normale pour la saison.
MMB1083;2017-07-15;S01;Z02;B1;11;0.64;0.06;Condition normale pour la saison.
MMB1083;2017-08-15;S01;Z02;B1;11;0.65;0.51;Condition normale pour la saison.
MMB1083;2017-09-15;S01;Z02;B1;11;0.77;0.21;Condition normale pour la saison.
MMB1083;2017-10-15;S01;Z02;B1;11;0.16;0.32;Rien à signaler.
MMB1084;2017-05-15;S01;Z02;B1;11;0.60;0.73;Condition normale pour la saison.
MMB1084;2017-06-15;S01;Z02;B1;11;0.58;0.21;Condition normale pour la saison.
MMB1084;2017-07-15;S01;Z02;B1;11;0.51;0.79;Condition normale pour la saison.
MMB1084;2017-08-15;S01;Z02;B1;11;0.15;0.86;Rien à signaler.
MMB1084;2017-09-15;S01;Z02;B1;11;0.48;0.84;Rien à signaler.
MMB1084;2017-10-15;S01;Z02;B1;11;0.60;0.08;Condition normale pour la saison.
MMB1085;2017-05-15;S01;Z02;B1;11;0.30;0.70;Rien à signaler.
MMB1085;2017-06-15;S01;Z02;B1;11;0.92;0.74;Condition normale pour la saison.
MMB1085;2017-07-15;S01;Z02;B1;11;0.47;0.77;Légère variabilité observée.
MMB1085;2017-08-15;S01;Z02;B1;11;0.55;0.22;Condition normale pour la saison.
MMB1085;2017-09-15;S01;Z02;B1;11;0.80;0.13;Condition normale pour la saison.
MMB1085;2017-10-15;S01;Z02;B1;11;0.48;0.61;Condition normale pour la saison.
MMB1086;2017-05-15;S01;Z02;B1;11;0.59;0.24;Rien à signaler.
MMB1086;2017-06-15;S01;Z02;B1;11;0.56;0.57;Condition normale pour la saison.
MMB1086;2017-07-15;S01;Z02;B1;11;0.62;0.58;Condition normale pour la saison.
MMB1086;2017-08-15;S01;Z02;B1;11;0.43;0.93;Condition normale pour la saison.
MMB1086;2017-09-15;S01;Z02;B1;11;0.58;0.38;Condition normale pour la saison.
MMB1086;2017-10-15;S01;Z02;B1;11;0.78;0.21;Rien à signaler.
MMB1087;2017-05-15;S01;Z02;B1;11;0.20;0.14;Rien à signaler.
MMB1087;2017-06-15;S01;Z02;B1;11;0.37;0.59;Condition normale pour la saison.
MMB1087;2017-07-15;S01;Z02;B1;11;0.61;0.69;Rien à signaler.
MMB1087;2017-08-15;S01;Z02;B1;11;0.43;0.08;Légère variabilité observée.
MMB1087;2017-09-15;S01;Z02;B1;11;0.24;0.12;Rien à signaler.
MMB1087;2017-10-15;S01;Z02;B1;11;0.48;0.49;Condition normale pour la saison.
MMB1088;2017-05-15;S01;Z02;B1;11;0.93;0.43;Rien à signaler.
MMB1088;2017-06-15;S01;Z02;B1;11;0.56;0.63;Condition normale pour la saison.
MMB1088;2017-07-15;S01;Z02;B1;11;0.09;0.39;Condition normale pour la saison.
MMB1088;2017-08-15;S01;Z02;B1;11;0.44;0.68;Condition normale pour la saison.
MMB1088;2017-09-15;S01;Z02;B1;11;0.20;0.88;Rien à signaler.
MMB1088;2017-10-15;S01;Z02;B1;11;0.17;0.75;Légère variabilité observée.
MMB1089;2017-05-15;S01;Z02;B1;11;0.20;0.49;Rien à signaler.
MMB1089;2017-06-15;S01;Z02;B1;11;0.17;0.07;Légère variabilité observée.
MMB1089;2017-07-15;S01;Z02;B1;11;0.55;0.12;Rien à signaler.
MMB1089;2017-08-15;S01;Z02;B1;11;0.37;0.80;Rien à signaler.
MMB1089;2017-09-15;S01;Z02;B1;11;0.57;0.58;Légère variabilité observée.
MMB1089;2017-10-15;S01;Z02;B1;11;0.16;0.26;Condition normale pour la saison.
MMB1090;2017-05-15;S01;Z02;B1;11;0.09;0.14;Condition normale pour la saison.
MMB1090;2017-06-15;S01;Z02;B1;11;0.47;0.42;Rien à signaler.
MMB1090;2017-07-15;S01;Z02;B1;11;0.62;0.16;Condition normale pour la saison.
MMB1090;2017-08-15;S01;Z02;B1;11;0.89;0.79;Condition normale pour la saison.
MMB1090;2017-09-15;S01;Z02;B1;11;0.90;0.88;Rien à signaler.
MMB1090;2017-10-15;S01;Z02;B1;11;0.54;0.94;Condition normale pour la saison.
MMB1091;2017-05-15;S01;Z02;B1;11;0.75;0.10;Condition normale pour la saison.
MMB1091;2017-06-15;S01;Z02;B1;11;0.77;0.15;Condition normale pour la saison.
MMB1091;2017-07-15;S01;Z02;B1;11;0.11;0.75;Légère variabilité observée.
MMB1091;2017-08-15;S01;Z02;B1;11;0.36;0.77;Légère variabilité observée.
MMB1091;2017-09-15;S01;Z02;B1;11;0.27;0.87;Légère variabilité observée.
MMB1091;2017-10-15;S01;Z02;B1;11;0.27;0.49;Condition normale pour la saison.
MMB1092;2017-05-15;S01;Z02;B1;11;0.30;0.48;Rien à signaler.
MMB1092;2017-06-15;S01;Z02;B1;11;0.92;0.67;Condition normale pour la saison.
MMB1092;2017-07-15;S01;Z02;B1;11;0.74;0.51;Condition normale pour la saison.
MMB1092;2017-08-15;S01;Z02;B1;11;0.58;0.20;Rien à signaler.
MMB1092;2017-09-15;S01;Z02;B1;11;0.65;0.91;Légère variabilité observée.
MMB1092;2017-10-15;S01;Z02;B1;11;0.80;0.10;Rien à signaler.
MMB1093;2017-05-15;S01;Z02;B1;11;0.90;0.74;Rien à signaler.
MMB1093;2017-06-15;S01;Z02;B1;11;0.27;0.86;Rien à signaler.
MMB1093;2017-07-15;S01;Z02;B1;11;0.33;0.88;Légère variabilité observée.
MMB1093;2017-08-15;S01;Z02;B1;11;0.49;0.75;Légère variabilité observée.
MMB1093;2017-09-15;S01;Z02;B1;11;0.30;0.06;Condition normale pour la saison.
MMB1093;2017-10-15;S01;Z02;B1;11;0.35;0.69;Condition normale pour la saison.
MMB1094;2017-05-15;S01;Z02;B1;11;0.77;0.45;Condition normale pour la saison.
MMB1094;2017-06-15;S01;Z02;B1;11;0.25;0.32;Condition normale pour la saison.
MMB1094;2017-07-15;S01;Z02;B1;11;0.32;0.34;Condition normale pour la saison.
MMB1094;2017-08-15;S01;Z02;B1;11;0.16;0.47;Légère variabilité observée.
MMB1094;2017-09-15;S01;Z02;B1;11;0.43;0.24;Condition normale pour la saison.
MMB1094;2017-10-15;S01;Z02;B1;11;0.27;0.56;Légère variabilité observée.
MMB1095;2017-05-15;S01;Z02;B1;11;0.90;0.33;Condition normale pour la saison.
MMB1095;2017-06-15;S01;Z02;B1;11;0.90;0.28;Condition normale pour la saison.
MMB1095;2017-07-15;S01;Z02;B1;11;0.61;0.93;Rien à signaler.
MMB1095;2017-08-15;S01;Z02;B1;11;0.24;0.83;Légère variabilité observée.
MMB1095;2017-09-15;S01;Z02;B1;11;0.29;0.24;Condition normale pour la saison.
MMB1095;2017-10-15;S01;Z02;B1;11;0.70;0.63;Rien à signaler.
MMB1096;2017-05-15;S01;Z02;B1;11;0.55;0.84;Légère variabilité observée.
MMB1096;2017-06-15;S01;Z02;B1;11;0.88;0.60;Condition normale pour la saison.
MMB1096;2017-07-15;S01;Z02;B1;11;0.63;0.94;Légère variabilité observée.
MMB1096;2017-08-15;S01;Z02;B1;11;0.84;0.52;Condition normale pour la saison.
MMB1096;2017-09-15;S01;Z02;B1;11;0.89;0.64;Condition normale pour la saison.
MMB1096;2017-10-15;S01;Z02;B1;11;0.56;0.22;Condition normale pour la saison.
MMB1097;2017-05-15;S01;Z02;B1;11;0.17;0.91;Légère variabilité observée.
MMB1097;2017-06-15;S01;Z02;B1;11;0.66;0.20;Condition normale pour la saison.
MMB1097;2017-07-15;S01;Z02;B1;11;0.33;0.33;Condition normale pour la saison.
MMB1097;2017-08-15;S01;Z02;B1;11;0.56;0.53;Condition normale pour la saison.
MMB1097;2017-09-15;S01;Z02;B1;11;0.76;0.90;Rien à signaler.
MMB1097;2017-10-15;S01;Z02;B1;11;0.65;0.72;Condition normale pour la saison.
MMB1098;2017-05-15;S01;Z02;B1;11;0.30;0.17;Condition normale pour la saison.
MMB1098;2017-06-15;S01;Z02;B1;11;0.88;0.39;Rien à signaler.
MMB1098;2017-07-15;S01;Z02;B1;11;0.56;0.92;Légère variabilité observée.
MMB1098;2017-08-15;S01;Z02;B1;11;0.27;0.86;Condition normale pour la saison.
MMB1098;2017-09-15;S01;Z02;B1;11;0.43;0.22;Condition normale pour la saison.
MMB1098;2017-10-15;S01;Z02;B1;11;0.55;0.78;Rien à signaler.
MMB1099;2017-05-15;S01;Z02;B1;11;0.13;0.33;Condition normale pour la saison.
MMB1099;2017-06-15;S01;Z02;B1;11;0.06;0.93;Rien à signaler.
MMB1099;2017-07-15;S01;Z02;B1;11;0.91;0.26;Rien à signaler.
MMB1099;2017-08-15;S01;Z02;B1;11;0.68;0.05;Condition normale pour la saison.
MMB1099;2017-09-15;S01;Z02;B1;11;0.55;0.71;Condition normale pour la saison.
MMB1099;2017-10-15;S01;Z02;B1;11;0.88;0.30;Légère variabilité observée.
MMB1100;2017-05-15;S01;Z02;B1;11;0.40;0.12;Légère variabilité observée.
MMB1100;2017-06-15;S01;Z02;B1;11;0.62;0.90;Légère variabilité observée.
MMB1100;2017-07-15;S01;Z02;B1;11;0.30;0.84;Condition normale pour la saison.
MMB1100;2017-08-15;S01;Z02;B1;11;0.82;0.12;Rien à signaler.
MMB1100;2017-09-15;S01;Z02;B1;11;0.76;0.06;Rien à signaler.
MMB1100;2017-10-15;S01;Z02;B1;11;0.95;0.54;Légère variabilité observée.
MMB2001;2017-05-15;S01;Z02;B2;11;0.31;0.44;Légère variabilité observée.
MMB2001;2017-06-15;S01;Z02;B2;11;0.59;0.35;Légère variabilité observée.
MMB2001;2017-07-15;S01;Z02;B2;11;0.86;0.79;Légère variabilité observée.
MMB2001;2017-08-15;S01;Z02;B2;11;0.89;0.36;Condition normale pour la saison.
MMB2001;2017-09-15;S01;Z02;B2;11;0.78;0.77;Condition normale pour la saison.
MMB2001;2017-10-15;S01;Z02;B2;11;0.63;0.31;Rien à signaler.
MMB2002;2017-05-15;S01;Z02;B2;11;0.59;0.91;Légère variabilité observée.
MMB2002;2017-06-15;S01;Z02;B2;11;0.95;0.78;Condition normale pour la saison.
MMB2002;2017-07-15;S01;Z02;B2;11;0.56;0.31;Légère variabilité observée.
MMB2002;2017-08-15;S01;Z02;B2;11;0.20;0.66;Légère variabilité observée.
MMB2002;2017-09-15;S01;Z02;B2;11;0.76;0.15;Légère variabilité observée.
MMB2002;2017-10-15;S01;Z02;B2;11;0.76;0.94;Condition normale pour la saison.
MMB2003;2017-05-15;S01;Z02;B2;11;0.28;0.37;Rien à signaler.
MMB2003;2017-06-15;S01;Z02;B2;11;0.82;0.23;Condition normale pour la saison.
MMB2003;2017-07-15;S01;Z02;B2;11;0.67;0.53;Condition normale pour la saison.
MMB2003;2017-08-15;S01;Z02;B2;11;0.61;0.27;Légère variabilité observée.
MMB2003;2017-09-15;S01;Z02;B2;11;0.25;0.75;Condition normale pour la saison.
MMB2003;2017-10-15;S01;Z02;B2;11;0.58;0.45;Rien à signaler.
MMB2004;2017-05-15;S01;Z02;B2;11;0.22;0.06;Condition normale pour la saison.
MMB2004;2017-06-15;S01;Z02;B2;11;0.66;0.63;Condition normale pour la saison.
MMB2004;2017-07-15;S01;Z02;B2;11;0.62;0.09;Condition normale pour la saison.
MMB2004;2017-08-15;S01;Z02;B2;11;0.48;0.55;Condition normale pour la saison.
MMB2004;2017-09-15;S01;Z02;B2;11;0.46;0.15;Légère variabilité observée.
MMB2004;2017-10-15;S01;Z02;B2;11;0.54;0.59;Condition normale pour la saison.
MMB2005;2017-05-15;S01;Z02;B2;11;0.43;0.79;Condition normale pour la saison.
MMB2005;2017-06-15;S01;Z02;B2;11;0.12;0.26;Condition normale pour la saison.
MMB2005;2017-07-15;S01;Z02;B2;11;0.85;0.36;Légère variabilité observée.
MMB2005;2017-08-15;S01;Z02;B2;11;0.93;0.73;Condition normale pour la saison.
MMB2005;2017-09-15;S01;Z02;B2;11;0.39;0.90;Condition normale pour la saison.
MMB2005;2017-10-15;S01;Z02;B2;11;0.77;0.76;Condition normale pour la saison.
MMB2006;2017-05-15;S01;Z02;B2;11;0.72;0.14;Rien à signaler.
MMB2006;2017-06-15;S01;Z02;B2;11;0.34;0.60;Rien à signaler.
MMB2006;2017-07-15;S01;Z02;B2;11;0.18;0.89;Légère variabilité observée.
MMB2006;2017-08-15;S01;Z02;B2;11;0.50;0.37;Légère variabilité observée.
MMB2006;2017-09-15;S01;Z02;B2;11;0.66;0.21;Condition normale pour la saison.
MMB2006;2017-10-15;S01;Z02;B2;11;0.11;0.63;Condition normale pour la saison.
MMB2007;2017-05-15;S01;Z02;B2;11;0.89;0.59;Légère variabilité observée.
MMB2007;2017-06-15;S01;Z02;B2;11;0.85;0.81;Condition normale pour la saison.
MMB2007;2017-07-15;S01;Z02;B2;11;0.10;0.16;Légère variabilité observée.
MMB2007;2017-08-15;S01;Z02;B2;11;0.13;0.60;Condition normale pour la saison.
MMB2007;2017-09-15;S01;Z02;B2;11;0.39;0.89;Rien à signaler.
MMB2007;2017-10-15;S01;Z02;B2;11;0.79;0.28;Rien à signaler.
MMB2008;2017-05-15;S01;Z02;B2;11;0.59;0.67;Condition normale pour la saison.
MMB2008;2017-06-15;S01;Z02;B2;11;0.24;0.53;Condition normale pour la saison.
MMB2008;2017-07-15;S01;Z02;B2;11;0.74;0.29;Condition normale pour la saison.
MMB2008;2017-08-15;S01;Z02;B2;11;0.82;0.68;Rien à signaler.
MMB2008;2017-09-15;S01;Z02;B2;11;0.28;0.48;Légère variabilité observée.
MMB2008;2017-10-15;S01;Z02;B2;11;0.26;0.55;Condition normale pour la saison.
MMB2009;2017-05-15;S01;Z02;B2;11;0.09;0.77;Légère variabilité observée.
MMB2009;2017-06-15;S01;Z02;B2;11;0.27;0.45;Légère variabilité observée.
MMB2009;2017-07-15;S01;Z02;B2;11;0.23;0.22;Rien à signaler.
MMB2009;2017-08-15;S01;Z02;B2;11;0.13;0.83;Condition normale pour la saison.
MMB2009;2017-09-15;S01;Z02;B2;11;0.35;0.60;Légère variabilité observée.
MMB2009;2017-10-15;S01;Z02;B2;11;0.40;0.13;Condition normale pour la saison.
MMB2010;2017-05-15;S01;Z02;B2;11;0.85;0.82;Légère variabilité observée.
MMB2010;2017-06-15;S01;Z02;B2;11;0.81;0.72;Légère variabilité observée.
MMB2010;2017-07-15;S01;Z02;B2;11;0.49;0.12;Légère variabilité observée.
MMB2010;2017-08-15;S01;Z02;B2;11;0.26;0.78;Condition normale pour la saison.
MMB2010;2017-09-15;S01;Z02;B2;11;0.43;0.50;Rien à signaler.
MMB2010;2017-10-15;S01;Z02;B2;11;0.89;0.23;Condition normale pour la saison.
MMB2011;2017-05-15;S01;Z02;B2;11;0.41;0.20;Condition normale pour la saison.
MMB2011;2017-06-15;S01;Z02;B2;11;0.09;0.06;Condition normale pour la saison.
MMB2011;2017-07-15;S01;Z02;B2;11;0.57;0.23;Condition normale pour la saison.
MMB2011;2017-08-15;S01;Z02;B2;11;0.33;0.64;Condition normale pour la saison.
MMB2011;2017-09-15;S01;Z02;B2;11;0.39;0.49;Condition normale pour la saison.
MMB2011;2017-10-15;S01;Z02;B2;11;0.91;0.61;Rien à signaler.
MMB2012;2017-05-15;S01;Z02;B2;11;0.74;0.67;Rien à signaler.
MMB2012;2017-06-15;S01;Z02;B2;11;0.86;0.87;Condition normale pour la saison.
MMB2012;2017-07-15;S01;Z02;B2;11;0.88;0.31;Rien à signaler.
MMB2012;2017-08-15;S01;Z02;B2;11;0.18;0.13;Légère variabilité observée.
MMB2012;2017-09-15;S01;Z02;B2;11;0.72;0.24;Condition normale pour la saison.
MMB2012;2017-10-15;S01;Z02;B2;11;0.21;0.91;Condition normale pour la saison.
MMB2013;2017-05-15;S01;Z02;B2;11;0.71;0.72;Condition normale pour la saison.
MMB2013;2017-06-15;S01;Z02;B2;11;0.71;0.10;Légère variabilité observée.
MMB2013;2017-07-15;S01;Z02;B2;11;0.46;0.05;Légère variabilité observée.
MMB2013;2017-08-15;S01;Z02;B2;11;0.71;0.38;Légère variabilité observée.
MMB2013;2017-09-15;S01;Z02;B2;11;0.81;0.76;Légère variabilité observée.
MMB2013;2017-10-15;S01;Z02;B2;11;0.29;0.10;Condition normale pour la saison.
MMB2014;2017-05-15;S01;Z02;B2;11;0.54;0.27;Condition normale pour la saison.
MMB2014;2017-06-15;S01;Z02;B2;11;0.17;0.67;Condition normale pour la saison.
MMB2014;2017-07-15;S01;Z02;B2;11;0.80;0.45;Condition normale pour la saison.
MMB2014;2017-08-15;S01;Z02;B2;11;0.86;0.13;Condition normale pour la saison.
MMB2014;2017-09-15;S01;Z02;B2;11;0.60;0.93;Condition normale pour la saison.
MMB2014;2017-10-15;S01;Z02;B2;11;0.13;0.28;Légère variabilité observée.
MMB2015;2017-05-15;S01;Z02;B2;11;0.59;0.68;Condition normale pour la saison.
MMB2015;2017-06-15;S01;Z02;B2;11;0.65;0.86;Condition normale pour la saison.
MMB2015;2017-07-15;S01;Z02;B2;11;0.64;0.08;Condition normale pour la saison.
MMB2015;2017-08-15;S01;Z02;B2;11;0.31;0.90;Rien à signaler.
MMB2015;2017-09-15;S01;Z02;B2;11;0.87;0.35;Rien à signaler.
MMB2015;2017-10-15;S01;Z02;B2;11;0.56;0.30;Légère variabilité observée.
MMB2016;2017-05-15;S01;Z02;B2;11;0.78;0.92;Légère variabilité observée.
MMB2016;2017-06-15;S01;Z02;B2;11;0.79;0.38;Rien à signaler.
MMB2016;2017-07-15;S01;Z02;B2;11;0.73;0.93;Condition normale pour la saison.
MMB2016;2017-08-15;S01;Z02;B2;11;0.72;0.81;Condition normale pour la saison.
MMB2016;2017-09-15;S01;Z02;B2;11;0.52;0.17;Condition normale pour la saison.
MMB2016;2017-10-15;S01;Z02;B2;11;0.28;0.81;Condition normale pour la saison.
MMB2017;2017-05-15;S01;Z02;B2;11;0.64;0.07;Légère variabilité observée.
MMB2017;2017-06-15;S01;Z02;B2;11;0.53;0.80;Condition normale pour la saison.
MMB2017;2017-07-15;S01;Z02;B2;11;0.34;0.58;Condition normale pour la saison.
MMB2017;2017-08-15;S01;Z02;B2;11;0.84;0.20;Rien à signaler.
MMB2017;2017-09-15;S01;Z02;B2;11;0.45;0.57;Légère variabilité observée.
MMB2017;2017-10-15;S01;Z02;B2;11;0.61;0.48;Condition normale pour la saison.
MMB2018;2017-05-15;S01;Z02;B2;11;0.15;0.25;Légère variabilité observée.
MMB2018;2017-06-15;S01;Z02;B2;11;0.09;0.34;Condition normale pour la saison.
MMB2018;2017-07-15;S01;Z02;B2;11;0.62;0.68;Condition normale pour la saison.
MMB2018;2017-08-15;S01;Z02;B2;11;0.10;0.89;Condition normale pour la saison.
MMB2018;2017-09-15;S01;Z02;B2;11;0.45;0.68;Condition normale pour la saison.
MMB2018;2017-10-15;S01;Z02;B2;11;0.88;0.18;Condition normale pour la saison.
MMB2019;2017-05-15;S01;Z02;B2;11;0.09;0.80;Condition normale pour la saison.
MMB2019;2017-06-15;S01;Z02;B2;11;0.23;0.58;Condition normale pour la saison.
MMB2019;2017-07-15;S01;Z02;B2;11;0.83;0.67;Condition normale pour la saison.
MMB2019;2017-08-15;S01;Z02;B2;11;0.89;0.92;Condition normale pour la saison.
MMB2019;2017-09-15;S01;Z02;B2;11;0.56;0.65;Légère variabilité observée.
MMB2019;2017-10-15;S01;Z02;B2;11;0.52;0.55;Rien à signaler.
MMB2020;2017-05-15;S01;Z02;B2;11;0.63;0.10;Rien à signaler.
MMB2020;2017-06-15;S01;Z02;B2;11;0.51;0.22;Condition normale pour la saison.
MMB2020;2017-07-15;S01;Z02;B2;11;0.33;0.58;Rien à signaler.
MMB2020;2017-08-15;S01;Z02;B2;11;0.43;0.62;Condition normale pour la saison.
MMB2020;2017-09-15;S01;Z02;B2;11;0.65;0.84;Rien à signaler.
MMB2020;2017-10-15;S01;Z02;B2;11;0.20;0.85;Légère variabilité observée.
MMB2021;2017-05-15;S01;Z02;B2;11;0.09;0.41;Rien à signaler.
MMB2021;2017-06-15;S01;Z02;B2;11;0.90;0.78;Rien à signaler.
MMB2021;2017-07-15;S01;Z02;B2;11;0.88;0.92;Condition normale pour la saison.
MMB2021;2017-08-15;S01;Z02;B2;11;0.73;0.48;Rien à signaler.
MMB2021;2017-09-15;S01;Z02;B2;11;0.85;0.60;Condition normale pour la saison.
MMB2021;2017-10-15;S01;Z02;B2;11;0.47;0.32;Condition normale pour la saison.
MMB2022;2017-05-15;S01;Z02;B2;11;0.38;0.86;Légère variabilité observée.
MMB2022;2017-06-15;S01;Z02;B2;11;0.69;0.54;Légère variabilité observée.
MMB2022;2017-07-15;S01;Z02;B2;11;0.35;0.26;Condition normale pour la saison.
MMB2022;2017-08-15;S01;Z02;B2;11;0.26;0.87;Rien à signaler.
MMB2022;2017-09-15;S01;Z02;B2;11;0.40;0.68;Légère variabilité observée.
MMB2022;2017-10-15;S01;Z02;B2;11;0.35;0.08;Condition normale pour la saison.
MMB2023;2017-05-15;S01;Z02;B2;11;0.69;0.13;Légère variabilité observée.
MMB2023;2017-06-15;S01;Z02;B2;11;0.41;0.41;Condition normale pour la saison.
MMB2023;2017-07-15;S01;Z02;B2;11;0.66;0.20;Condition normale pour la saison.
MMB2023;2017-08-15;S01;Z02;B2;11;0.31;0.28;Condition normale pour la saison.
MMB2023;2017-09-15;S01;Z02;B2;11;0.17;0.10;Légère variabilité observée.
MMB2023;2017-10-15;S01;Z02;B2;11;0.32;0.08;Légère variabilité observée.
MMB2024;2017-05-15;S01;Z02;B2;11;0.71;0.64;Rien à signaler.
MMB2024;2017-06-15;S01;Z02;B2;11;0.76;0.23;Condition normale pour la saison.
MMB2024;2017-07-15;S01;Z02;B2;11;0.71;0.48;Rien à signaler.
MMB2024;2017-08-15;S01;Z02;B2;11;0.63;0.10;Rien à signaler.
MMB2024;2017-09-15;S01;Z02;B2;11;0.91;0.90;Condition normale pour la saison.
MMB2024;2017-10-15;S01;Z02;B2;11;0.26;0.43;Condition normale pour la saison.
MMB2025;2017-05-15;S01;Z02;B2;11;0.37;0.94;Condition normale pour la saison.
MMB2025;2017-06-15;S01;Z02;B2;11;0.26;0.51;Condition normale pour la saison.
MMB2025;2017-07-15;S01;Z02;B2;11;0.90;0.16;Rien à signaler.
MMB2025;2017-08-15;S01;Z02;B2;11;0.53;0.88;Légère variabilité observée.
MMB2025;2017-09-15;S01;Z02;B2;11;0.13;0.80;Condition normale pour la saison.
MMB2025;2017-10-15;S01;Z02;B2;11;0.79;0.21;Condition normale pour la saison.
MMB2026;2017-05-15;S01;Z02;B2;11;0.30;0.45;Condition normale pour la saison.
MMB2026;2017-06-15;S01;Z02;B2;11;0.89;0.26;Rien à signaler.
MMB2026;2017-07-15;S01;Z02;B2;11;0.33;0.54;Condition normale pour la saison.
MMB2026;2017-08-15;S01;Z02;B2;11;0.56;0.78;Condition normale pour la saison.
MMB2026;2017-09-15;S01;Z02;B2;11;0.40;0.29;Condition normale pour la saison.
MMB2026;2017-10-15;S01;Z02;B2;11;0.48;0.43;Condition normale pour la saison.
MMB2027;2017-05-15;S01;Z02;B2;11;0.20;0.88;Légère variabilité observée.
MMB2027;2017-06-15;S01;Z02;B2;11;0.32;0.32;Légère variabilité observée.
MMB2027;2017-07-15;S01;Z02;B2;11;0.15;0.82;Légère variabilité observée.
MMB2027;2017-08-15;S01;Z02;B2;11;0.71;0.11;Condition normale pour la saison.
MMB2027;2017-09-15;S01;Z02;B2;11;0.35;0.14;Rien à signaler.
MMB2027;2017-10-15;S01;Z02;B2;11;0.08;0.35;Condition normale pour la saison.
MMB2028;2017-05-15;S01;Z02;B2;11;0.06;0.85;Rien à signaler.
MMB2028;2017-06-15;S01;Z02;B2;11;0.59;0.92;Condition normale pour la saison.
MMB2028;2017-07-15;S01;Z02;B2;11;0.68;0.07;Rien à signaler.
MMB2028;2017-08-15;S01;Z02;B2;11;0.77;0.58;Légère variabilité observée.
MMB2028;2017-09-15;S01;Z02;B2;11;0.81;0.43;Rien à signaler.
MMB2028;2017-10-15;S01;Z02;B2;11;0.73;0.28;Condition normale pour la saison.
MMB2029;2017-05-15;S01;Z02;B2;11;0.30;0.11;Condition normale pour la saison.
MMB2029;2017-06-15;S01;Z02;B2;11;0.51;0.55;Condition normale pour la saison.
MMB2029;2017-07-15;S01;Z02;B2;11;0.26;0.46;Rien à signaler.
MMB2029;2017-08-15;S01;Z02;B2;11;0.30;0.62;Condition normale pour la saison.
MMB2029;2017-09-15;S01;Z02;B2;11;0.44;0.79;Condition normale pour la saison.
MMB2029;2017-10-15;S01;Z02;B2;11;0.39;0.68;Condition normale pour la saison.
MMB2030;2017-05-15;S01;Z02;B2;11;0.55;0.88;Condition normale pour la saison.
MMB2030;2017-06-15;S01;Z02;B2;11;0.91;0.62;Rien à signaler.
MMB2030;2017-07-15;S01;Z02;B2;11;0.56;0.17;Rien à signaler.
MMB2030;2017-08-15;S01;Z02;B2;11;0.75;0.69;Condition normale pour la saison.
MMB2030;2017-09-15;S01;Z02;B2;11;0.40;0.24;Condition normale pour la saison.
MMB2030;2017-10-15;S01;Z02;B2;11;0.52;0.67;Légère variabilité observée.
MMB2031;2017-05-15;S01;Z02;B2;11;0.22;0.51;Rien à signaler.
MMB2031;2017-06-15;S01;Z02;B2;11;0.57;0.36;Condition normale pour la saison.
MMB2031;2017-07-15;S01;Z02;B2;11;0.34;0.40;Légère variabilité observée.
MMB2031;2017-08-15;S01;Z02;B2;11;0.55;0.33;Condition normale pour la saison.
MMB2031;2017-09-15;S01;Z02;B2;11;0.24;0.71;Légère variabilité observée.
MMB2031;2017-10-15;S01;Z02;B2;11;0.91;0.87;Légère variabilité observée.
MMB2032;2017-05-15;S01;Z02;B2;11;0.14;0.28;Légère variabilité observée.
MMB2032;2017-06-15;S01;Z02;B2;11;0.85;0.44;Condition normale pour la saison.
MMB2032;2017-07-15;S01;Z02;B2;11;0.35;0.49;Rien à signaler.
MMB2032;2017-08-15;S01;Z02;B2;11;0.60;0.68;Condition normale pour la saison.
MMB2032;2017-09-15;S01;Z02;B2;11;0.09;0.30;Condition normale pour la saison.
MMB2032;2017-10-15;S01;Z02;B2;11;0.23;0.17;Rien à signaler.
MMB2033;2017-05-15;S01;Z02;B2;11;0.07;0.53;Condition normale pour la saison.
MMB2033;2017-06-15;S01;Z02;B2;11;0.53;0.81;Rien à signaler.
MMB2033;2017-07-15;S01;Z02;B2;11;0.80;0.07;Condition normale pour la saison.
MMB2033;2017-08-15;S01;Z02;B2;11;0.70;0.89;Légère variabilité observée.
MMB2033;2017-09-15;S01;Z02;B2;11;0.37;0.93;Rien à signaler.
MMB2033;2017-10-15;S01;Z02;B2;11;0.47;0.21;Légère variabilité observée.
MMB2034;2017-05-15;S01;Z02;B2;11;0.61;0.84;Condition normale pour la saison.
MMB2034;2017-06-15;S01;Z02;B2;11;0.18;0.20;Rien à signaler.
MMB2034;2017-07-15;S01;Z02;B2;11;0.23;0.35;Condition normale pour la saison.
MMB2034;2017-08-15;S01;Z02;B2;11;0.50;0.06;Condition normale pour la saison.
MMB2034;2017-09-15;S01;Z02;B2;11;0.67;0.88;Rien à signaler.
MMB2034;2017-10-15;S01;Z02;B2;11;0.66;0.65;Légère variabilité observée.
MMB2035;2017-05-15;S01;Z02;B2;11;0.49;0.60;Légère variabilité observée.
MMB2035;2017-06-15;S01;Z02;B2;11;0.30;0.60;Condition normale pour la saison.
MMB2035;2017-07-15;S01;Z02;B2;11;0.37;0.36;Légère variabilité observée.
MMB2035;2017-08-15;S01;Z02;B2;11;0.86;0.85;Légère variabilité observée.
MMB2035;2017-09-15;S01;Z02;B2;11;0.08;0.55;Légère variabilité observée.
MMB2035;2017-10-15;S01;Z02;B2;11;0.16;0.90;Condition normale pour la saison.
MMB2036;2017-05-15;S01;Z02;B2;11;0.86;0.52;Condition normale pour la saison.
MMB2036;2017-06-15;S01;Z02;B2;11;0.65;0.88;Légère variabilité observée.
MMB2036;2017-07-15;S01;Z02;B2;11;0.72;0.46;Légère variabilité observée.
MMB2036;2017-08-15;S01;Z02;B2;11;0.25;0.76;Condition normale pour la saison.
MMB2036;2017-09-15;S01;Z02;B2;11;0.09;0.44;Condition normale pour la saison.
MMB2036;2017-10-15;S01;Z02;B2;11;0.67;0.40;Condition normale pour la saison.
MMB2037;2017-05-15;S01;Z02;B2;11;0.08;0.38;Condition normale pour la saison.
MMB2037;2017-06-15;S01;Z02;B2;11;0.70;0.54;Condition normale pour la saison.
MMB2037;2017-07-15;S01;Z02;B2;11;0.21;0.53;Condition normale pour la saison.
MMB2037;2017-08-15;S01;Z02;B2;11;0.89;0.47;Légère variabilité observée.
MMB2037;2017-09-15;S01;Z02;B2;11;0.24;0.39;Condition normale pour la saison.
MMB2037;2017-10-15;S01;Z02;B2;11;0.30;0.47;Légère variabilité observée.
MMB2038;2017-05-15;S01;Z02;B2;11;0.94;0.44;Légère variabilité observée.
MMB2038;2017-06-15;S01;Z02;B2;11;0.77;0.59;Condition normale pour la saison.
MMB2038;2017-07-15;S01;Z02;B2;11;0.09;0.77;Condition normale pour la saison.
MMB2038;2017-08-15;S01;Z02;B2;11;0.88;0.79;Légère variabilité observée.
MMB2038;2017-09-15;S01;Z02;B2;11;0.41;0.89;Rien à signaler.
MMB2038;2017-10-15;S01;Z02;B2;11;0.35;0.67;Condition normale pour la saison.
MMB2039;2017-05-15;S01;Z02;B2;11;0.24;0.47;Condition normale pour la saison.
MMB2039;2017-06-15;S01;Z02;B2;11;0.22;0.31;Condition normale pour la saison.
MMB2039;2017-07-15;S01;Z02;B2;11;0.77;0.66;Légère variabilité observée.
MMB2039;2017-08-15;S01;Z02;B2;11;0.90;0.67;Rien à signaler.
MMB2039;2017-09-15;S01;Z02;B2;11;0.93;0.69;Condition normale pour la saison.
MMB2039;2017-10-15;S01;Z02;B2;11;0.56;0.85;Légère variabilité observée.
MMB2040;2017-05-15;S01;Z02;B2;11;0.19;0.09;Condition normale pour la saison.
MMB2040;2017-06-15;S01;Z02;B2;11;0.94;0.80;Condition normale pour la saison.
MMB2040;2017-07-15;S01;Z02;B2;11;0.83;0.43;Rien à signaler.
MMB2040;2017-08-15;S01;Z02;B2;11;0.90;0.91;Légère variabilité observée.
MMB2040;2017-09-15;S01;Z02;B2;11;0.46;0.72;Condition normale pour la saison.
MMB2040;2017-10-15;S01;Z02;B2;11;0.27;0.89;Condition normale pour la saison.
MMB2041;2017-05-15;S01;Z02;B2;11;0.61;0.28;Condition normale pour la saison.
MMB2041;2017-06-15;S01;Z02;B2;11;0.23;0.76;Condition normale pour la saison.
MMB2041;2017-07-15;S01;Z02;B2;11;0.84;0.54;Légère variabilité observée.
MMB2041;2017-08-15;S01;Z02;B2;11;0.27;0.17;Condition normale pour la saison.
MMB2041;2017-09-15;S01;Z02;B2;11;0.14;0.18;Rien à signaler.
MMB2041;2017-10-15;S01;Z02;B2;11;0.75;0.13;Condition normale pour la saison.
MMB2042;2017-05-15;S01;Z02;B2;11;0.70;0.08;Condition normale pour la saison.
MMB2042;2017-06-15;S01;Z02;B2;11;0.79;0.93;Légère variabilité observée.
MMB2042;2017-07-15;S01;Z02;B2;11;0.56;0.65;Condition normale pour la saison.
MMB2042;2017-08-15;S01;Z02;B2;11;0.37;0.36;Condition normale pour la saison.
MMB2042;2017-09-15;S01;Z02;B2;11;0.07;0.42;Condition normale pour la saison.
MMB2042;2017-10-15;S01;Z02;B2;11;0.56;0.24;Légère variabilité observée.
MMB2043;2017-05-15;S01;Z02;B2;11;0.34;0.22;Condition normale pour la saison.
MMB2043;2017-06-15;S01;Z02;B2;11;0.38;0.45;Condition normale pour la saison.
MMB2043;2017-07-15;S01;Z02;B2;11;0.66;0.36;Rien à signaler.
MMB2043;2017-08-15;S01;Z02;B2;11;0.45;0.61;Rien à signaler.
MMB2043;2017-09-15;S01;Z02;B2;11;0.25;0.41;Condition normale pour la saison.
MMB2043;2017-10-15;S01;Z02;B2;11;0.49;0.15;Légère variabilité observée.
MMB2044;2017-05-15;S01;Z02;B2;11;0.89;0.38;Condition normale pour la saison.
MMB2044;2017-06-15;S01;Z02;B2;11;0.54;0.45;Rien à signaler.
MMB2044;2017-07-15;S01;Z02;B2;11;0.61;0.25;Condition normale pour la saison.
MMB2044;2017-08-15;S01;Z02;B2;11;0.46;0.18;Légère variabilité observée.
MMB2044;2017-09-15;S01;Z02;B2;11;0.91;0.79;Condition normale pour la saison.
MMB2044;2017-10-15;S01;Z02;B2;11;0.61;0.30;Légère variabilité observée.
MMB2045;2017-05-15;S01;Z02;B2;11;0.24;0.53;Condition normale pour la saison.
MMB2045;2017-06-15;S01;Z02;B2;11;0.77;0.42;Condition normale pour la saison.
MMB2045;2017-07-15;S01;Z02;B2;11;0.43;0.80;Condition normale pour la saison.
MMB2045;2017-08-15;S01;Z02;B2;11;0.62;0.41;Rien à signaler.
MMB2045;2017-09-15;S01;Z02;B2;11;0.09;0.59;Condition normale pour la saison.
MMB2045;2017-10-15;S01;Z02;B2;11;0.67;0.79;Condition normale pour la saison.
MMB2046;2017-05-15;S01;Z02;B2;11;0.22;0.33;Légère variabilité observée.
MMB2046;2017-06-15;S01;Z02;B2;11;0.06;0.86;Condition normale pour la saison.
MMB2046;2017-07-15;S01;Z02;B2;11;0.12;0.11;Légère variabilité observée.
MMB2046;2017-08-15;S01;Z02;B2;11;0.54;0.09;Légère variabilité observée.
MMB2046;2017-09-15;S01;Z02;B2;11;0.30;0.16;Condition normale pour la saison.
MMB2046;2017-10-15;S01;Z02;B2;11;0.53;0.11;Condition normale pour la saison.
MMB2047;2017-05-15;S01;Z02;B2;11;0.89;0.53;Condition normale pour la saison.
MMB2047;2017-06-15;S01;Z02;B2;11;0.19;0.89;Condition normale pour la saison.
MMB2047;2017-07-15;S01;Z02;B2;11;0.72;0.88;Condition normale pour la saison.
MMB2047;2017-08-15;S01;Z02;B2;11;0.28;0.84;Rien à signaler.
MMB2047;2017-09-15;S01;Z02;B2;11;0.08;0.63;Condition normale pour la saison.
MMB2047;2017-10-15;S01;Z02;B2;11;0.23;0.34;Légère variabilité observée.
MMB2048;2017-05-15;S01;Z02;B2;11;0.77;0.20;Rien à signaler.
MMB2048;2017-06-15;S01;Z02;B2;11;0.29;0.58;Rien à signaler.
MMB2048;2017-07-15;S01;Z02;B2;11;0.35;0.21;Rien à signaler.
MMB2048;2017-08-15;S01;Z02;B2;11;0.19;0.70;Condition normale pour la saison.
MMB2048;2017-09-15;S01;Z02;B2;11;0.69;0.22;Rien à signaler.
MMB2048;2017-10-15;S01;Z02;B2;11;0.46;0.84;Rien à signaler.
MMB2049;2017-05-15;S01;Z02;B2;11;0.18;0.79;Condition normale pour la saison.
MMB2049;2017-06-15;S01;Z02;B2;11;0.19;0.16;Condition normale pour la saison.
MMB2049;2017-07-15;S01;Z02;B2;11;0.69;0.25;Condition normale pour la saison.
MMB2049;2017-08-15;S01;Z02;B2;11;0.94;0.25;Condition normale pour la saison.
MMB2049;2017-09-15;S01;Z02;B2;11;0.07;0.28;Condition normale pour la saison.
MMB2049;2017-10-15;S01;Z02;B2;11;0.62;0.06;Rien à signaler.
MMB2050;2017-05-15;S01;Z02;B2;11;0.87;0.11;Condition normale pour la saison.
MMB2050;2017-06-15;S01;Z02;B2;11;0.74;0.33;Légère variabilité observée.
MMB2050;2017-07-15;S01;Z02;B2;11;0.58;0.44;Condition normale pour la saison.
MMB2050;2017-08-15;S01;Z02;B2;11;0.87;0.09;Rien à signaler.
MMB2050;2017-09-15;S01;Z02;B2;11;0.77;0.53;Rien à signaler.
MMB2050;2017-10-15;S01;Z02;B2;11;0.56;0.86;Rien à signaler.
MMB2051;2017-05-15;S01;Z02;B2;11;0.25;0.89;Condition normale pour la saison.
MMB2051;2017-06-15;S01;Z02;B2;11;0.85;0.19;Condition normale pour la saison.
MMB2051;2017-07-15;S01;Z02;B2;11;0.68;0.36;Condition normale pour la saison.
MMB2051;2017-08-15;S01;Z02;B2;11;0.51;0.69;Légère variabilité observée.
MMB2051;2017-09-15;S01;Z02;B2;11;0.16;0.50;Condition normale pour la saison.
MMB2051;2017-10-15;S01;Z02;B2;11;0.08;0.38;Légère variabilité observée.
MMB2052;2017-05-15;S01;Z02;B2;11;0.44;0.83;Condition normale pour la saison.
MMB2052;2017-06-15;S01;Z02;B2;11;0.82;0.92;Rien à signaler.
MMB2052;2017-07-15;S01;Z02;B2;11;0.49;0.14;Rien à signaler.
MMB2052;2017-08-15;S01;Z02;B2;11;0.79;0.07;Légère variabilité observée.
MMB2052;2017-09-15;S01;Z02;B2;11;0.83;0.51;Légère variabilité observée.
MMB2052;2017-10-15;S01;Z02;B2;11;0.19;0.46;Rien à signaler.
MMB2053;2017-05-15;S01;Z02;B2;11;0.75;0.70;Rien à signaler.
MMB2053;2017-06-15;S01;Z02;B2;11;0.69;0.70;Condition normale pour la saison.
MMB2053;2017-07-15;S01;Z02;B2;11;0.88;0.40;Condition normale pour la saison.
MMB2053;2017-08-15;S01;Z02;B2;11;0.60;0.56;Légère variabilité observée.
MMB2053;2017-09-15;S01;Z02;B2;11;0.75;0.92;Légère variabilité observée.
MMB2053;2017-10-15;S01;Z02;B2;11;0.82;0.13;Rien à signaler.
MMB2054;2017-05-15;S01;Z02;B2;11;0.17;0.31;Condition normale pour la saison.
MMB2054;2017-06-15;S01;Z02;B2;11;0.17;0.40;Légère variabilité observée.
MMB2054;2017-07-15;S01;Z02;B2;11;0.75;0.53;Condition normale pour la saison.
MMB2054;2017-08-15;S01;Z02;B2;11;0.46;0.55;Rien à signaler.
MMB2054;2017-09-15;S01;Z02;B2;11;0.65;0.26;Légère variabilité observée.
MMB2054;2017-10-15;S01;Z02;B2;11;0.66;0.26;Rien à signaler.
MMB2055;2017-05-15;S01;Z02;B2;11;0.37;0.63;Condition normale pour la saison.
MMB2055;2017-06-15;S01;Z02;B2;11;0.93;0.10;Rien à signaler.
MMB2055;2017-07-15;S01;Z02;B2;11;0.54;0.22;Condition normale pour la saison.
MMB2055;2017-08-15;S01;Z02;B2;11;0.83;0.55;Rien à signaler.
MMB2055;2017-09-15;S01;Z02;B2;11;0.45;0.36;Légère variabilité observée.
MMB2055;2017-10-15;S01;Z02;B2;11;0.50;0.43;Rien à signaler.
MMB2056;2017-05-15;S01;Z02;B2;11;0.76;0.29;Condition normale pour la saison.
MMB2056;2017-06-15;S01;Z02;B2;11;0.11;0.70;Légère variabilité observée.
MMB2056;2017-07-15;S01;Z02;B2;11;0.36;0.95;Légère variabilité observée.
MMB2056;2017-08-15;S01;Z02;B2;11;0.93;0.89;Condition normale pour la saison.
MMB2056;2017-09-15;S01;Z02;B2;11;0.75;0.78;Rien à signaler.
MMB2056;2017-10-15;S01;Z02;B2;11;0.33;0.61;Condition normale pour la saison.
MMB2057;2017-05-15;S01;Z02;B2;11;0.06;0.48;Légère variabilité observée.
MMB2057;2017-06-15;S01;Z02;B2;11;0.70;0.53;Condition normale pour la saison.
MMB2057;2017-07-15;S01;Z02;B2;11;0.18;0.54;Rien à signaler.
MMB2057;2017-08-15;S01;Z02;B2;11;0.93;0.26;Rien à signaler.
MMB2057;2017-09-15;S01;Z02;B2;11;0.43;0.36;Rien à signaler.
MMB2057;2017-10-15;S01;Z02;B2;11;0.88;0.34;Rien à signaler.
MMB2058;2017-05-15;S01;Z02;B2;11;0.87;0.42;Condition normale pour la saison.
MMB2058;2017-06-15;S01;Z02;B2;11;0.63;0.46;Condition normale pour la saison.
MMB2058;2017-07-15;S01;Z02;B2;11;0.78;0.36;Condition normale pour la saison.
MMB2058;2017-08-15;S01;Z02;B2;11;0.71;0.07;Condition normale pour la saison.
MMB2058;2017-09-15;S01;Z02;B2;11;0.48;0.29;Condition normale pour la saison.
MMB2058;2017-10-15;S01;Z02;B2;11;0.64;0.16;Rien à signaler.
MMB2059;2017-05-15;S01;Z02;B2;11;0.29;0.46;Rien à signaler.
MMB2059;2017-06-15;S01;Z02;B2;11;0.60;0.39;Condition normale pour la saison.
MMB2059;2017-07-15;S01;Z02;B2;11;0.94;0.14;Rien à signaler.
MMB2059;2017-08-15;S01;Z02;B2;11;0.61;0.76;Condition normale pour la saison.
MMB2059;2017-09-15;S01;Z02;B2;11;0.41;0.66;Légère variabilité observée.
MMB2059;2017-10-15;S01;Z02;B2;11;0.29;0.48;Légère variabilité observée.
MMB2060;2017-05-15;S01;Z02;B2;11;0.88;0.17;Condition normale pour la saison.
MMB2060;2017-06-15;S01;Z02;B2;11;0.33;0.67;Rien à signaler.
MMB2060;2017-07-15;S01;Z02;B2;11;0.89;0.12;Légère variabilité observée.
MMB2060;2017-08-15;S01;Z02;B2;11;0.88;0.09;Condition normale pour la saison.
MMB2060;2017-09-15;S01;Z02;B2;11;0.76;0.74;Condition normale pour la saison.
MMB2060;2017-10-15;S01;Z02;B2;11;0.25;0.20;Légère variabilité observée.
MMB2061;2017-05-15;S01;Z02;B2;11;0.09;0.56;Légère variabilité observée.
MMB2061;2017-06-15;S01;Z02;B2;11;0.07;0.82;Rien à signaler.
MMB2061;2017-07-15;S01;Z02;B2;11;0.30;0.94;Légère variabilité observée.
MMB2061;2017-08-15;S01;Z02;B2;11;0.47;0.52;Rien à signaler.
MMB2061;2017-09-15;S01;Z02;B2;11;0.07;0.27;Condition normale pour la saison.
MMB2061;2017-10-15;S01;Z02;B2;11;0.55;0.32;Condition normale pour la saison.
MMB2062;2017-05-15;S01;Z02;B2;11;0.09;0.84;Condition normale pour la saison.
MMB2062;2017-06-15;S01;Z02;B2;11;0.41;0.69;Condition normale pour la saison.
MMB2062;2017-07-15;S01;Z02;B2;11;0.59;0.69;Condition normale pour la saison.
MMB2062;2017-08-15;S01;Z02;B2;11;0.20;0.70;Condition normale pour la saison.
MMB2062;2017-09-15;S01;Z02;B2;11;0.58;0.38;Condition normale pour la saison.
MMB2062;2017-10-15;S01;Z02;B2;11;0.52;0.12;Condition normale pour la saison.
MMB2063;2017-05-15;S01;Z02;B2;11;0.48;0.39;Condition normale pour la saison.
MMB2063;2017-06-15;S01;Z02;B2;11;0.63;0.82;Condition normale pour la saison.
MMB2063;2017-07-15;S01;Z02;B2;11;0.29;0.17;Condition normale pour la saison.
MMB2063;2017-08-15;S01;Z02;B2;11;0.33;0.95;Condition normale pour la saison.
MMB2063;2017-09-15;S01;Z02;B2;11;0.60;0.73;Condition normale pour la saison.
MMB2063;2017-10-15;S01;Z02;B2;11;0.38;0.38;Condition normale pour la saison.
MMB2064;2017-05-15;S01;Z02;B2;11;0.51;0.08;Condition normale pour la saison.
MMB2064;2017-06-15;S01;Z02;B2;11;0.08;0.21;Condition normale pour la saison.
MMB2064;2017-07-15;S01;Z02;B2;11;0.84;0.67;Condition normale pour la saison.
MMB2064;2017-08-15;S01;Z02;B2;11;0.83;0.37;Légère variabilité observée.
MMB2064;2017-09-15;S01;Z02;B2;11;0.21;0.81;Condition normale pour la saison.
MMB2064;2017-10-15;S01;Z02;B2;11;0.39;0.86;Rien à signaler.
MMB2065;2017-05-15;S01;Z02;B2;11;0.51;0.49;Rien à signaler.
MMB2065;2017-06-15;S01;Z02;B2;11;0.30;0.95;Rien à signaler.
MMB2065;2017-07-15;S01;Z02;B2;11;0.05;0.10;Légère variabilité observée.
MMB2065;2017-08-15;S01;Z02;B2;11;0.79;0.17;Condition normale pour la saison.
MMB2065;2017-09-15;S01;Z02;B2;11;0.22;0.42;Condition normale pour la saison.
MMB2065;2017-10-15;S01;Z02;B2;11;0.36;0.07;Condition normale pour la saison.
MMB2066;2017-05-15;S01;Z02;B2;11;0.09;0.30;Condition normale pour la saison.
MMB2066;2017-06-15;S01;Z02;B2;11;0.06;0.09;Rien à signaler.
MMB2066;2017-07-15;S01;Z02;B2;11;0.92;0.81;Condition normale pour la saison.
MMB2066;2017-08-15;S01;Z02;B2;11;0.30;0.70;Rien à signaler.
MMB2066;2017-09-15;S01;Z02;B2;11;0.81;0.63;Légère variabilité observée.
MMB2066;2017-10-15;S01;Z02;B2;11;0.77;0.74;Condition normale pour la saison.
MMB2067;2017-05-15;S01;Z02;B2;11;0.23;0.07;Condition normale pour la saison.
MMB2067;2017-06-15;S01;Z02;B2;11;0.74;0.37;Condition normale pour la saison.
MMB2067;2017-07-15;S01;Z02;B2;11;0.25;0.67;Condition normale pour la saison.
MMB2067;2017-09-15;S01;Z02;B2;11;0.82;0.84;Légère variabilité observée.
MMB2067;2017-10-15;S01;Z02;B2;11;0.81;0.84;Condition normale pour la saison.
MMB2068;2017-05-15;S01;Z02;B2;11;0.14;0.89;Rien à signaler.
MMB2068;2017-06-15;S01;Z02;B2;11;0.59;0.74;Condition normale pour la saison.
MMB2068;2017-07-15;S01;Z02;B2;11;0.62;0.73;Condition normale pour la saison.
MMB2068;2017-08-15;S01;Z02;B2;11;0.33;0.13;Légère variabilité observée.
MMB2068;2017-09-15;S01;Z02;B2;11;0.21;0.89;Rien à signaler.
MMB2068;2017-10-15;S01;Z02;B2;11;0.73;0.30;Condition normale pour la saison.
MMB2069;2017-05-15;S01;Z02;B2;11;0.79;0.42;Condition normale pour la saison.
MMB2069;2017-06-15;S01;Z02;B2;11;0.66;0.85;Condition normale pour la saison.
MMB2069;2017-07-15;S01;Z02;B2;11;0.30;0.85;Condition normale pour la saison.
MMB2069;2017-08-15;S01;Z02;B2;11;0.23;0.55;Rien à signaler.
MMB2069;2017-09-15;S01;Z02;B2;11;0.74;0.42;Rien à signaler.
MMB2069;2017-10-15;S01;Z02;B2;11;0.30;0.61;Légère variabilité observée.
MMB2070;2017-05-15;S01;Z02;B2;11;0.70;0.47;Condition normale pour la saison.
MMB2070;2017-06-15;S01;Z02;B2;11;0.87;0.44;Condition normale pour la saison.
MMB2070;2017-07-15;S01;Z02;B2;11;0.89;0.44;Condition normale pour la saison.
MMB2070;2017-08-15;S01;Z02;B2;11;0.21;0.26;Légère variabilité observée.
MMB2070;2017-09-15;S01;Z02;B2;11;0.64;0.44;Rien à signaler.
MMB2070;2017-10-15;S01;Z02;B2;11;0.94;0.64;Légère variabilité observée.
MMB2071;2017-05-15;S01;Z02;B2;11;0.06;0.64;Légère variabilité observée.
MMB2071;2017-06-15;S01;Z02;B2;11;0.69;0.73;Condition normale pour la saison.
MMB2071;2017-07-15;S01;Z02;B2;11;0.93;0.77;Légère variabilité observée.
MMB2071;2017-08-15;S01;Z02;B2;11;0.18;0.08;Légère variabilité observée.
MMB2071;2017-09-15;S01;Z02;B2;11;0.74;0.79;Légère variabilité observée.
MMB2071;2017-10-15;S01;Z02;B2;11;0.20;0.87;Légère variabilité observée.
MMB2072;2017-05-15;S01;Z02;B2;11;0.89;0.10;Condition normale pour la saison.
MMB2072;2017-06-15;S01;Z02;B2;11;0.65;0.68;Condition normale pour la saison.
MMB2072;2017-07-15;S01;Z02;B2;11;0.54;0.71;Rien à signaler.
MMB2072;2017-08-15;S01;Z02;B2;11;0.39;0.51;Légère variabilité observée.
MMB2072;2017-09-15;S01;Z02;B2;11;0.10;0.51;Condition normale pour la saison.
MMB2072;2017-10-15;S01;Z02;B2;11;0.21;0.89;Rien à signaler.
MMB2073;2017-05-15;S01;Z02;B2;11;0.60;0.54;Légère variabilité observée.
MMB2073;2017-06-15;S01;Z02;B2;11;0.35;0.27;Condition normale pour la saison.
MMB2073;2017-07-15;S01;Z02;B2;11;0.29;0.48;Condition normale pour la saison.
MMB2073;2017-08-15;S01;Z02;B2;11;0.76;0.73;Rien à signaler.
MMB2073;2017-09-15;S01;Z02;B2;11;0.51;0.82;Condition normale pour la saison.
MMB2073;2017-10-15;S01;Z02;B2;11;0.47;0.94;Rien à signaler.
MMB2074;2017-05-15;S01;Z02;B2;11;0.75;0.25;Rien à signaler.
MMB2074;2017-06-15;S01;Z02;B2;11;0.53;0.25;Rien à signaler.
MMB2074;2017-07-15;S01;Z02;B2;11;0.72;0.91;Condition normale pour la saison.
MMB2074;2017-08-15;S01;Z02;B2;11;0.17;0.42;Rien à signaler.
MMB2074;2017-09-15;S01;Z02;B2;11;0.30;0.48;Rien à signaler.
MMB2074;2017-10-15;S01;Z02;B2;11;0.46;0.25;Condition normale pour la saison.
MMB2075;2017-05-15;S01;Z02;B2;11;0.92;0.39;Condition normale pour la saison.
MMB2075;2017-06-15;S01;Z02;B2;11;0.26;0.83;Condition normale pour la saison.
MMB2075;2017-07-15;S01;Z02;B2;11;0.39;0.80;Rien à signaler.
MMB2075;2017-08-15;S01;Z02;B2;11;0.21;0.65;Condition normale pour la saison.
MMB2075;2017-09-15;S01;Z02;B2;11;0.15;0.85;Condition normale pour la saison.
MMB2075;2017-10-15;S01;Z02;B2;11;0.31;0.84;Condition normale pour la saison.
MMB2076;2017-05-15;S01;Z02;B2;11;0.39;0.16;Condition normale pour la saison.
MMB2076;2017-06-15;S01;Z02;B2;11;0.80;0.92;Légère variabilité observée.
MMB2076;2017-07-15;S01;Z02;B2;11;0.19;0.68;Condition normale pour la saison.
MMB2076;2017-08-15;S01;Z02;B2;11;0.40;0.86;Condition normale pour la saison.
MMB2076;2017-09-15;S01;Z02;B2;11;0.88;0.51;Condition normale pour la saison.
MMB2076;2017-10-15;S01;Z02;B2;11;0.15;0.06;Condition normale pour la saison.
MMB2077;2017-05-15;S01;Z02;B2;11;0.90;0.18;Légère variabilité observée.
MMB2077;2017-06-15;S01;Z02;B2;11;0.65;0.25;Légère variabilité observée.
MMB2077;2017-07-15;S01;Z02;B2;11;0.53;0.92;Condition normale pour la saison.
MMB2077;2017-08-15;S01;Z02;B2;11;0.90;0.66;Légère variabilité observée.
MMB2077;2017-09-15;S01;Z02;B2;11;0.66;0.54;Condition normale pour la saison.
MMB2077;2017-10-15;S01;Z02;B2;11;0.40;0.52;Condition normale pour la saison.
MMB2078;2017-05-15;S01;Z02;B2;11;0.20;0.92;Légère variabilité observée.
MMB2078;2017-06-15;S01;Z02;B2;11;0.51;0.47;Légère variabilité observée.
MMB2078;2017-07-15;S01;Z02;B2;11;0.10;0.08;Condition normale pour la saison.
MMB2078;2017-08-15;S01;Z02;B2;11;0.45;0.47;Condition normale pour la saison.
MMB2078;2017-09-15;S01;Z02;B2;11;0.75;0.91;Rien à signaler.
MMB2078;2017-10-15;S01;Z02;B2;11;0.23;0.58;Condition normale pour la saison.
MMB2079;2017-05-15;S01;Z02;B2;11;0.88;0.06;Légère variabilité observée.
MMB2079;2017-06-15;S01;Z02;B2;11;0.89;0.29;Rien à signaler.
MMB2079;2017-07-15;S01;Z02;B2;11;0.69;0.85;Rien à signaler.
MMB2079;2017-08-15;S01;Z02;B2;11;0.89;0.34;Condition normale pour la saison.
MMB2079;2017-09-15;S01;Z02;B2;11;0.12;0.25;Rien à signaler.
MMB2079;2017-10-15;S01;Z02;B2;11;0.31;0.23;Rien à signaler.
MMB2080;2017-05-15;S01;Z02;B2;11;0.11;0.86;Légère variabilité observée.
MMB2080;2017-06-15;S01;Z02;B2;11;0.94;0.56;Condition normale pour la saison.
MMB2080;2017-07-15;S01;Z02;B2;11;0.35;0.83;Rien à signaler.
MMB2080;2017-08-15;S01;Z02;B2;11;0.59;0.43;Condition normale pour la saison.
MMB2080;2017-09-15;S01;Z02;B2;11;0.16;0.80;Condition normale pour la saison.
MMB2080;2017-10-15;S01;Z02;B2;11;0.38;0.42;Condition normale pour la saison.
MMB2081;2017-05-15;S01;Z02;B2;11;0.16;0.19;Légère variabilité observée.
MMB2081;2017-06-15;S01;Z02;B2;11;0.59;0.66;Condition normale pour la saison.
MMB2081;2017-07-15;S01;Z02;B2;11;0.93;0.17;Rien à signaler.
MMB2081;2017-08-15;S01;Z02;B2;11;0.89;0.70;Légère variabilité observée.
MMB2081;2017-09-15;S01;Z02;B2;11;0.67;0.27;Condition normale pour la saison.
MMB2081;2017-10-15;S01;Z02;B2;11;0.15;0.38;Condition normale pour la saison.
MMB2082;2017-05-15;S01;Z02;B2;11;0.44;0.30;Condition normale pour la saison.
MMB2082;2017-06-15;S01;Z02;B2;11;0.55;0.11;Légère variabilité observée.
MMB2082;2017-07-15;S01;Z02;B2;11;0.05;0.54;Condition normale pour la saison.
MMB2082;2017-08-15;S01;Z02;B2;11;0.68;0.11;Légère variabilité observée.
MMB2082;2017-09-15;S01;Z02;B2;11;0.64;0.64;Condition normale pour la saison.
MMB2082;2017-10-15;S01;Z02;B2;11;0.85;0.72;Rien à signaler.
MMB2083;2017-05-15;S01;Z02;B2;11;0.13;0.46;Rien à signaler.
MMB2083;2017-06-15;S01;Z02;B2;11;0.18;0.62;Légère variabilité observée.
MMB2083;2017-07-15;S01;Z02;B2;11;0.44;0.79;Condition normale pour la saison.
MMB2083;2017-08-15;S01;Z02;B2;11;0.70;0.38;Légère variabilité observée.
MMB2083;2017-09-15;S01;Z02;B2;11;0.68;0.58;Condition normale pour la saison.
MMB2083;2017-10-15;S01;Z02;B2;11;0.80;0.32;Rien à signaler.
MMB2084;2017-05-15;S01;Z02;B2;11;0.88;0.91;Condition normale pour la saison.
MMB2084;2017-06-15;S01;Z02;B2;11;0.13;0.06;Condition normale pour la saison.
MMB2084;2017-07-15;S01;Z02;B2;11;0.80;0.82;Condition normale pour la saison.
MMB2084;2017-08-15;S01;Z02;B2;11;0.12;0.83;Rien à signaler.
MMB2084;2017-09-15;S01;Z02;B2;11;0.11;0.30;Condition normale pour la saison.
MMB2084;2017-10-15;S01;Z02;B2;11;0.63;0.82;Légère variabilité observée.
MMB2085;2017-05-15;S01;Z02;B2;11;0.73;0.64;Condition normale pour la saison.
MMB2085;2017-06-15;S01;Z02;B2;11;0.08;0.46;Condition normale pour la saison.
MMB2085;2017-07-15;S01;Z02;B2;11;0.73;0.78;Rien à signaler.
MMB2085;2017-08-15;S01;Z02;B2;11;0.29;0.15;Condition normale pour la saison.
MMB2085;2017-09-15;S01;Z02;B2;11;0.25;0.64;Condition normale pour la saison.
MMB2085;2017-10-15;S01;Z02;B2;11;0.27;0.07;Légère variabilité observée.
MMB2086;2017-05-15;S01;Z02;B2;11;0.94;0.88;Condition normale pour la saison.
MMB2086;2017-06-15;S01;Z02;B2;11;0.36;0.71;Condition normale pour la saison.
MMB2086;2017-07-15;S01;Z02;B2;11;0.55;0.53;Rien à signaler.
MMB2086;2017-08-15;S01;Z02;B2;11;0.76;0.77;Condition normale pour la saison.
MMB2086;2017-09-15;S01;Z02;B2;11;0.28;0.23;Légère variabilité observée.
MMB2086;2017-10-15;S01;Z02;B2;11;0.35;0.63;Condition normale pour la saison.
MMB2087;2017-05-15;S01;Z02;B2;11;0.43;0.92;Rien à signaler.
MMB2087;2017-06-15;S01;Z02;B2;11;0.56;0.67;Légère variabilité observée.
MMB2087;2017-07-15;S01;Z02;B2;11;0.83;0.62;Condition normale pour la saison.
MMB2087;2017-08-15;S01;Z02;B2;11;0.12;0.49;Condition normale pour la saison.
MMB2087;2017-09-15;S01;Z02;B2;11;0.72;0.21;Rien à signaler.
MMB2087;2017-10-15;S01;Z02;B2;11;0.67;0.51;Condition normale pour la saison.
MMB2088;2017-05-15;S01;Z02;B2;11;0.20;0.80;Légère variabilité observée.
MMB2088;2017-06-15;S01;Z02;B2;11;0.58;0.40;Condition normale pour la saison.
MMB2088;2017-07-15;S01;Z02;B2;11;0.86;0.71;Rien à signaler.
MMB2088;2017-08-15;S01;Z02;B2;11;0.11;0.56;Rien à signaler.
MMB2088;2017-09-15;S01;Z02;B2;11;0.79;0.93;Rien à signaler.
MMB2088;2017-10-15;S01;Z02;B2;11;0.14;0.85;Condition normale pour la saison.
MMB2089;2017-05-15;S01;Z02;B2;11;0.76;0.94;Condition normale pour la saison.
MMB2089;2017-06-15;S01;Z02;B2;11;0.09;0.64;Légère variabilité observée.
MMB2089;2017-07-15;S01;Z02;B2;11;0.13;0.61;Condition normale pour la saison.
MMB2089;2017-08-15;S01;Z02;B2;11;0.58;0.46;Condition normale pour la saison.
MMB2089;2017-09-15;S01;Z02;B2;11;0.88;0.18;Légère variabilité observée.
MMB2089;2017-10-15;S01;Z02;B2;11;0.81;0.20;Légère variabilité observée.
MMB2090;2017-05-15;S01;Z02;B2;11;0.33;0.14;Rien à signaler.
MMB2090;2017-06-15;S01;Z02;B2;11;0.53;0.13;Condition normale pour la saison.
MMB2090;2017-07-15;S01;Z02;B2;11;0.88;0.08;Condition normale pour la saison.
MMB2090;2017-08-15;S01;Z02;B2;11;0.70;0.34;Légère variabilité observée.
MMB2090;2017-09-15;S01;Z02;B2;11;0.65;0.93;Condition normale pour la saison.
MMB2090;2017-10-15;S01;Z02;B2;11;0.07;0.78;Rien à signaler.
MMB2091;2017-05-15;S01;Z02;B2;11;0.68;0.49;Condition normale pour la saison.
MMB2091;2017-06-15;S01;Z02;B2;11;0.28;0.52;Rien à signaler.
MMB2091;2017-07-15;S01;Z02;B2;11;0.42;0.50;Légère variabilité observée.
MMB2091;2017-08-15;S01;Z02;B2;11;0.25;0.22;Rien à signaler.
MMB2091;2017-09-15;S01;Z02;B2;11;0.80;0.10;Condition normale pour la saison.
MMB2091;2017-10-15;S01;Z02;B2;11;0.65;0.25;Condition normale pour la saison.
MMB2092;2017-05-15;S01;Z02;B2;11;0.62;0.54;Condition normale pour la saison.
MMB2092;2017-06-15;S01;Z02;B2;11;0.14;0.52;Condition normale pour la saison.
MMB2092;2017-07-15;S01;Z02;B2;11;0.34;0.76;Condition normale pour la saison.
MMB2092;2017-08-15;S01;Z02;B2;11;0.14;0.08;Condition normale pour la saison.
MMB2092;2017-09-15;S01;Z02;B2;11;0.55;0.69;Légère variabilité observée.
MMB2092;2017-10-15;S01;Z02;B2;11;0.52;0.06;Rien à signaler.
MMB2093;2017-05-15;S01;Z02;B2;11;0.80;0.91;Condition normale pour la saison.
MMB2093;2017-06-15;S01;Z02;B2;11;0.37;0.11;Condition normale pour la saison.
MMB2093;2017-07-15;S01;Z02;B2;11;0.69;0.39;Condition normale pour la saison.
MMB2093;2017-08-15;S01;Z02;B2;11;0.28;0.13;Légère variabilité observée.
MMB2093;2017-09-15;S01;Z02;B2;11;0.45;0.62;Condition normale pour la saison.
MMB2093;2017-10-15;S01;Z02;B2;11;0.43;0.84;Rien à signaler.
MMB2094;2017-05-15;S01;Z02;B2;11;0.27;0.93;Condition normale pour la saison.
MMB2094;2017-06-15;S01;Z02;B2;11;0.28;0.56;Condition normale pour la saison.
MMB2094;2017-07-15;S01;Z02;B2;11;0.14;0.13;Condition normale pour la saison.
MMB2094;2017-08-15;S01;Z02;B2;11;0.36;0.28;Condition normale pour la saison.
MMB2094;2017-09-15;S01;Z02;B2;11;0.18;0.71;Condition normale pour la saison.
MMB2094;2017-10-15;S01;Z02;B2;11;0.18;0.73;Rien à signaler.
MMB2095;2017-05-15;S01;Z02;B2;11;0.10;0.73;Condition normale pour la saison.
MMB2095;2017-06-15;S01;Z02;B2;11;0.76;0.56;Condition normale pour la saison.
MMB2095;2017-07-15;S01;Z02;B2;11;0.70;0.88;Légère variabilité observée.
MMB2095;2017-08-15;S01;Z02;B2;11;0.63;0.26;Rien à signaler.
MMB2095;2017-09-15;S01;Z02;B2;11;0.13;0.75;Condition normale pour la saison.
MMB2095;2017-10-15;S01;Z02;B2;11;0.46;0.86;Légère variabilité observée.
MMB2096;2017-05-15;S01;Z02;B2;11;0.26;0.71;Condition normale pour la saison.
MMB2096;2017-06-15;S01;Z02;B2;11;0.59;0.64;Rien à signaler.
MMB2096;2017-07-15;S01;Z02;B2;11;0.52;0.66;Condition normale pour la saison.
MMB2096;2017-08-15;S01;Z02;B2;11;0.63;0.17;Rien à signaler.
MMB2096;2017-09-15;S01;Z02;B2;11;0.11;0.68;Rien à signaler.
MMB2096;2017-10-15;S01;Z02;B2;11;0.91;0.65;Légère variabilité observée.
MMB2097;2017-05-15;S01;Z02;B2;11;0.43;0.90;Légère variabilité observée.
MMB2097;2017-06-15;S01;Z02;B2;11;0.92;0.93;Légère variabilité observée.
MMB2097;2017-07-15;S01;Z02;B2;11;0.78;0.90;Condition normale pour la saison.
MMB2097;2017-08-15;S01;Z02;B2;11;0.48;0.76;Légère variabilité observée.
MMB2097;2017-09-15;S01;Z02;B2;11;0.92;0.61;Condition normale pour la saison.
MMB2097;2017-10-15;S01;Z02;B2;11;0.33;0.30;Rien à signaler.
MMB2098;2017-05-15;S01;Z02;B2;11;0.07;0.15;Légère variabilité observée.
MMB2098;2017-06-15;S01;Z02;B2;11;0.73;0.77;Légère variabilité observée.
MMB2098;2017-07-15;S01;Z02;B2;11;0.70;0.60;Légère variabilité observée.
MMB2098;2017-08-15;S01;Z02;B2;11;0.10;0.71;Condition normale pour la saison.
MMB2098;2017-09-15;S01;Z02;B2;11;0.88;0.68;Légère variabilité observée.
MMB2098;2017-10-15;S01;Z02;B2;11;0.66;0.84;Condition normale pour la saison.
MMB2099;2017-05-15;S01;Z02;B2;11;0.55;0.81;Condition normale pour la saison.
MMB2099;2017-06-15;S01;Z02;B2;11;0.50;0.17;Rien à signaler.
MMB2099;2017-07-15;S01;Z02;B2;11;0.26;0.57;Condition normale pour la saison.
MMB2099;2017-08-15;S01;Z02;B2;11;0.07;0.15;Rien à signaler.
MMB2099;2017-09-15;S01;Z02;B2;11;0.77;0.57;Condition normale pour la saison.
MMB2099;2017-10-15;S01;Z02;B2;11;0.45;0.24;Condition normale pour la saison.
MMB2100;2017-05-15;S01;Z02;B2;11;0.64;0.28;Rien à signaler.
MMB2100;2017-06-15;S01;Z02;B2;11;0.54;0.71;Condition normale pour la saison.
MMB2100;2017-07-15;S01;Z02;B2;11;0.52;0.15;Condition normale pour la saison.
MMB2100;2017-08-15;S01;Z02;B2;11;0.55;0.08;Rien à signaler.
MMB2100;2017-09-15;S01;Z02;B2;11;0.63;0.20;Condition normale pour la saison.
MMB2100;2017-10-15;S01;Z02;B2;11;0.36;0.37;Légère variabilité observée.
MMB3001;2017-05-15;S01;Z02;B3;11;0.59;0.34;Condition normale pour la saison.
MMB3001;2017-06-15;S01;Z02;B3;11;0.56;0.55;Légère variabilité observée.
MMB3001;2017-07-15;S01;Z02;B3;11;0.88;0.65;Légère variabilité observée.
MMB3001;2017-08-15;S01;Z02;B3;11;0.78;0.91;Condition normale pour la saison.
MMB3001;2017-09-15;S01;Z02;B3;11;0.18;0.56;Rien à signaler.
MMB3001;2017-10-15;S01;Z02;B3;11;0.70;0.06;Condition normale pour la saison.
MMB3002;2017-05-15;S01;Z02;B3;11;0.72;0.82;Condition normale pour la saison.
MMB3002;2017-06-15;S01;Z02;B3;11;0.56;0.84;Légère variabilité observée.
MMB3002;2017-07-15;S01;Z02;B3;11;0.64;0.17;Condition normale pour la saison.
MMB3002;2017-08-15;S01;Z02;B3;11;0.46;0.68;Condition normale pour la saison.
MMB3002;2017-09-15;S01;Z02;B3;11;0.29;0.41;Condition normale pour la saison.
MMB3002;2017-10-15;S01;Z02;B3;11;0.46;0.94;Condition normale pour la saison.
MMB3003;2017-05-15;S01;Z02;B3;11;0.30;0.91;Condition normale pour la saison.
MMB3003;2017-06-15;S01;Z02;B3;11;0.07;0.39;Condition normale pour la saison.
MMB3003;2017-07-15;S01;Z02;B3;11;0.26;0.60;Condition normale pour la saison.
MMB3003;2017-08-15;S01;Z02;B3;11;0.88;0.15;Rien à signaler.
MMB3003;2017-09-15;S01;Z02;B3;11;0.93;0.07;Rien à signaler.
MMB3003;2017-10-15;S01;Z02;B3;11;0.37;0.94;Légère variabilité observée.
MMB3004;2017-05-15;S01;Z02;B3;11;0.40;0.45;Rien à signaler.
MMB3004;2017-06-15;S01;Z02;B3;11;0.48;0.46;Condition normale pour la saison.
MMB3004;2017-07-15;S01;Z02;B3;11;0.12;0.75;Condition normale pour la saison.
MMB3004;2017-08-15;S01;Z02;B3;11;0.20;0.73;Rien à signaler.
MMB3004;2017-09-15;S01;Z02;B3;11;0.34;0.39;Condition normale pour la saison.
MMB3004;2017-10-15;S01;Z02;B3;11;0.44;0.06;Condition normale pour la saison.
MMB3005;2017-05-15;S01;Z02;B3;11;0.55;0.63;Condition normale pour la saison.
MMB3005;2017-06-15;S01;Z02;B3;11;0.20;0.76;Condition normale pour la saison.
MMB3005;2017-07-15;S01;Z02;B3;11;0.72;0.41;Légère variabilité observée.
MMB3005;2017-08-15;S01;Z02;B3;11;0.56;0.91;Condition normale pour la saison.
MMB3005;2017-09-15;S01;Z02;B3;11;0.70;0.07;Condition normale pour la saison.
MMB3005;2017-10-15;S01;Z02;B3;11;0.17;0.89;Condition normale pour la saison.
MMB3006;2017-05-15;S01;Z02;B3;11;0.88;0.90;Légère variabilité observée.
MMB3006;2017-06-15;S01;Z02;B3;11;0.12;0.47;Condition normale pour la saison.
MMB3006;2017-07-15;S01;Z02;B3;11;0.82;0.21;Condition normale pour la saison.
MMB3006;2017-08-15;S01;Z02;B3;11;0.55;0.39;Condition normale pour la saison.
MMB3006;2017-09-15;S01;Z02;B3;11;0.16;0.62;Condition normale pour la saison.
MMB3006;2017-10-15;S01;Z02;B3;11;0.83;0.88;Condition normale pour la saison.
MMB3007;2017-05-15;S01;Z02;B3;11;0.68;0.68;Condition normale pour la saison.
MMB3007;2017-06-15;S01;Z02;B3;11;0.47;0.22;Légère variabilité observée.
MMB3007;2017-07-15;S01;Z02;B3;11;0.46;0.10;Rien à signaler.
MMB3007;2017-08-15;S01;Z02;B3;11;0.42;0.33;Condition normale pour la saison.
MMB3007;2017-09-15;S01;Z02;B3;11;0.53;0.40;Rien à signaler.
MMB3007;2017-10-15;S01;Z02;B3;11;0.37;0.47;Condition normale pour la saison.
MMB3008;2017-05-15;S01;Z02;B3;11;0.42;0.67;Condition normale pour la saison.
MMB3008;2017-06-15;S01;Z02;B3;11;0.15;0.26;Légère variabilité observée.
MMB3008;2017-07-15;S01;Z02;B3;11;0.88;0.48;Rien à signaler.
MMB3008;2017-08-15;S01;Z02;B3;11;0.75;0.84;Condition normale pour la saison.
MMB3008;2017-09-15;S01;Z02;B3;11;0.59;0.88;Condition normale pour la saison.
MMB3008;2017-10-15;S01;Z02;B3;11;0.27;0.22;Rien à signaler.
MMB3009;2017-05-15;S01;Z02;B3;11;0.66;0.89;Légère variabilité observée.
MMB3009;2017-06-15;S01;Z02;B3;11;0.30;0.31;Légère variabilité observée.
MMB3009;2017-07-15;S01;Z02;B3;11;0.35;0.18;Condition normale pour la saison.
MMB3009;2017-08-15;S01;Z02;B3;11;0.94;0.31;Rien à signaler.
MMB3009;2017-09-15;S01;Z02;B3;11;0.64;0.47;Condition normale pour la saison.
MMB3009;2017-10-15;S01;Z02;B3;11;0.79;0.33;Condition normale pour la saison.
MMB3010;2017-05-15;S01;Z02;B3;11;0.09;0.55;Condition normale pour la saison.
MMB3010;2017-06-15;S01;Z02;B3;11;0.94;0.82;Condition normale pour la saison.
MMB3010;2017-07-15;S01;Z02;B3;11;0.36;0.51;Rien à signaler.
MMB3010;2017-08-15;S01;Z02;B3;11;0.71;0.94;Légère variabilité observée.
MMB3010;2017-09-15;S01;Z02;B3;11;0.11;0.82;Rien à signaler.
MMB3010;2017-10-15;S01;Z02;B3;11;0.72;0.42;Condition normale pour la saison.
MMB3011;2017-05-15;S01;Z02;B3;11;0.42;0.86;Légère variabilité observée.
MMB3011;2017-06-15;S01;Z02;B3;11;0.31;0.12;Légère variabilité observée.
MMB3011;2017-07-15;S01;Z02;B3;11;0.94;0.93;Rien à signaler.
MMB3011;2017-08-15;S01;Z02;B3;11;0.33;0.88;Légère variabilité observée.
MMB3011;2017-09-15;S01;Z02;B3;11;0.72;0.42;Condition normale pour la saison.
MMB3011;2017-10-15;S01;Z02;B3;11;0.05;0.73;Condition normale pour la saison.
MMB3012;2017-05-15;S01;Z02;B3;11;0.29;0.88;Rien à signaler.
MMB3012;2017-06-15;S01;Z02;B3;11;0.16;0.39;Condition normale pour la saison.
MMB3012;2017-07-15;S01;Z02;B3;11;0.91;0.31;Légère variabilité observée.
MMB3012;2017-08-15;S01;Z02;B3;11;0.09;0.51;Condition normale pour la saison.
MMB3012;2017-09-15;S01;Z02;B3;11;0.22;0.76;Rien à signaler.
MMB3012;2017-10-15;S01;Z02;B3;11;0.17;0.71;Rien à signaler.
MMB3013;2017-05-15;S01;Z02;B3;11;0.36;0.93;Rien à signaler.
MMB3013;2017-06-15;S01;Z02;B3;11;0.13;0.54;Condition normale pour la saison.
MMB3013;2017-07-15;S01;Z02;B3;11;0.36;0.54;Rien à signaler.
MMB3013;2017-08-15;S01;Z02;B3;11;0.13;0.83;Légère variabilité observée.
MMB3013;2017-09-15;S01;Z02;B3;11;0.14;0.43;Condition normale pour la saison.
MMB3013;2017-10-15;S01;Z02;B3;11;0.82;0.52;Condition normale pour la saison.
MMB3014;2017-05-15;S01;Z02;B3;11;0.88;0.35;Légère variabilité observée.
MMB3014;2017-06-15;S01;Z02;B3;11;0.40;0.45;Condition normale pour la saison.
MMB3014;2017-07-15;S01;Z02;B3;11;0.14;0.76;Légère variabilité observée.
MMB3014;2017-08-15;S01;Z02;B3;11;0.71;0.27;Légère variabilité observée.
MMB3014;2017-09-15;S01;Z02;B3;11;0.49;0.58;Condition normale pour la saison.
MMB3014;2017-10-15;S01;Z02;B3;11;0.29;0.30;Condition normale pour la saison.
MMB3015;2017-05-15;S01;Z02;B3;11;0.24;0.51;Condition normale pour la saison.
MMB3015;2017-06-15;S01;Z02;B3;11;0.36;0.41;Rien à signaler.
MMB3015;2017-07-15;S01;Z02;B3;11;0.20;0.64;Rien à signaler.
MMB3015;2017-08-15;S01;Z02;B3;11;0.11;0.05;Légère variabilité observée.
MMB3015;2017-09-15;S01;Z02;B3;11;0.33;0.11;Condition normale pour la saison.
MMB3015;2017-10-15;S01;Z02;B3;11;0.93;0.94;Légère variabilité observée.
MMB3016;2017-05-15;S01;Z02;B3;11;0.69;0.29;Condition normale pour la saison.
MMB3016;2017-06-15;S01;Z02;B3;11;0.29;0.37;Condition normale pour la saison.
MMB3016;2017-07-15;S01;Z02;B3;11;0.92;0.47;Condition normale pour la saison.
MMB3016;2017-08-15;S01;Z02;B3;11;0.28;0.06;Condition normale pour la saison.
MMB3016;2017-09-15;S01;Z02;B3;11;0.54;0.14;Rien à signaler.
MMB3016;2017-10-15;S01;Z02;B3;11;0.63;0.39;Condition normale pour la saison.
MMB3017;2017-05-15;S01;Z02;B3;11;0.61;0.94;Rien à signaler.
MMB3017;2017-06-15;S01;Z02;B3;11;0.77;0.78;Condition normale pour la saison.
MMB3017;2017-07-15;S01;Z02;B3;11;0.33;0.70;Condition normale pour la saison.
MMB3017;2017-08-15;S01;Z02;B3;11;0.51;0.15;Condition normale pour la saison.
MMB3017;2017-09-15;S01;Z02;B3;11;0.06;0.78;Condition normale pour la saison.
MMB3017;2017-10-15;S01;Z02;B3;11;0.31;0.47;Rien à signaler.
MMB3018;2017-05-15;S01;Z02;B3;11;0.91;0.28;Rien à signaler.
MMB3018;2017-06-15;S01;Z02;B3;11;0.35;0.83;Légère variabilité observée.
MMB3018;2017-07-15;S01;Z02;B3;11;0.42;0.80;Rien à signaler.
MMB3018;2017-08-15;S01;Z02;B3;11;0.30;0.79;Condition normale pour la saison.
MMB3018;2017-09-15;S01;Z02;B3;11;0.64;0.13;Condition normale pour la saison.
MMB3018;2017-10-15;S01;Z02;B3;11;0.47;0.78;Rien à signaler.
MMB3019;2017-05-15;S01;Z02;B3;11;0.12;0.40;Légère variabilité observée.
MMB3019;2017-06-15;S01;Z02;B3;11;0.33;0.36;Condition normale pour la saison.
MMB3019;2017-07-15;S01;Z02;B3;11;0.61;0.69;Condition normale pour la saison.
MMB3019;2017-08-15;S01;Z02;B3;11;0.30;0.53;Condition normale pour la saison.
MMB3019;2017-09-15;S01;Z02;B3;11;0.77;0.63;Rien à signaler.
MMB3019;2017-10-15;S01;Z02;B3;11;0.94;0.65;Légère variabilité observée.
MMB3020;2017-05-15;S01;Z02;B3;11;0.38;0.83;Légère variabilité observée.
MMB3020;2017-06-15;S01;Z02;B3;11;0.92;0.17;Condition normale pour la saison.
MMB3020;2017-07-15;S01;Z02;B3;11;0.59;0.72;Condition normale pour la saison.
MMB3020;2017-08-15;S01;Z02;B3;11;0.58;0.51;Rien à signaler.
MMB3020;2017-09-15;S01;Z02;B3;11;0.60;0.28;Rien à signaler.
MMB3020;2017-10-15;S01;Z02;B3;11;0.16;0.48;Légère variabilité observée.
MMB3021;2017-05-15;S01;Z02;B3;11;0.45;0.74;Condition normale pour la saison.
MMB3021;2017-06-15;S01;Z02;B3;11;0.77;0.63;Rien à signaler.
MMB3021;2017-07-15;S01;Z02;B3;11;0.19;0.25;Légère variabilité observée.
MMB3021;2017-08-15;S01;Z02;B3;11;0.19;0.86;Légère variabilité observée.
MMB3021;2017-09-15;S01;Z02;B3;11;0.22;0.16;Légère variabilité observée.
MMB3021;2017-10-15;S01;Z02;B3;11;0.68;0.27;Rien à signaler.
MMB3022;2017-05-15;S01;Z02;B3;11;0.62;0.54;Légère variabilité observée.
MMB3022;2017-06-15;S01;Z02;B3;11;0.30;0.72;Condition normale pour la saison.
MMB3022;2017-07-15;S01;Z02;B3;11;0.41;0.55;Condition normale pour la saison.
MMB3022;2017-08-15;S01;Z02;B3;11;0.05;0.62;Légère variabilité observée.
MMB3022;2017-09-15;S01;Z02;B3;11;0.58;0.83;Condition normale pour la saison.
MMB3022;2017-10-15;S01;Z02;B3;11;0.31;0.41;Condition normale pour la saison.
MMB3023;2017-05-15;S01;Z02;B3;11;0.62;0.20;Légère variabilité observée.
MMB3023;2017-06-15;S01;Z02;B3;11;0.52;0.94;Condition normale pour la saison.
MMB3023;2017-07-15;S01;Z02;B3;11;0.65;0.61;Légère variabilité observée.
MMB3023;2017-08-15;S01;Z02;B3;11;0.08;0.18;Rien à signaler.
MMB3023;2017-09-15;S01;Z02;B3;11;0.85;0.69;Rien à signaler.
MMB3023;2017-10-15;S01;Z02;B3;11;0.75;0.77;Condition normale pour la saison.
MMB3024;2017-05-15;S01;Z02;B3;11;0.51;0.36;Rien à signaler.
MMB3024;2017-06-15;S01;Z02;B3;11;0.12;0.81;Condition normale pour la saison.
MMB3024;2017-07-15;S01;Z02;B3;11;0.55;0.18;Condition normale pour la saison.
MMB3024;2017-08-15;S01;Z02;B3;11;0.73;0.68;Rien à signaler.
MMB3024;2017-09-15;S01;Z02;B3;11;0.77;0.59;Condition normale pour la saison.
MMB3024;2017-10-15;S01;Z02;B3;11;0.58;0.78;Rien à signaler.
MMB3025;2017-05-15;S01;Z02;B3;11;0.69;0.13;Condition normale pour la saison.
MMB3025;2017-06-15;S01;Z02;B3;11;0.53;0.53;Condition normale pour la saison.
MMB3025;2017-07-15;S01;Z02;B3;11;0.22;0.62;Condition normale pour la saison.
MMB3025;2017-08-15;S01;Z02;B3;11;0.15;0.05;Condition normale pour la saison.
MMB3025;2017-09-15;S01;Z02;B3;11;0.28;0.20;Condition normale pour la saison.
MMB3025;2017-10-15;S01;Z02;B3;11;0.41;0.12;Rien à signaler.
MMB3026;2017-05-15;S01;Z02;B3;11;0.47;0.32;Rien à signaler.
MMB3026;2017-06-15;S01;Z02;B3;11;0.59;0.23;Condition normale pour la saison.
MMB3026;2017-07-15;S01;Z02;B3;11;0.73;0.37;Légère variabilité observée.
MMB3026;2017-08-15;S01;Z02;B3;11;0.86;0.06;Rien à signaler.
MMB3026;2017-09-15;S01;Z02;B3;11;0.69;0.32;Rien à signaler.
MMB3026;2017-10-15;S01;Z02;B3;11;0.76;0.77;Rien à signaler.
MMB3027;2017-05-15;S01;Z02;B3;11;0.21;0.46;Rien à signaler.
MMB3027;2017-06-15;S01;Z02;B3;11;0.41;0.84;Rien à signaler.
MMB3027;2017-07-15;S01;Z02;B3;11;0.94;0.34;Condition normale pour la saison.
MMB3027;2017-08-15;S01;Z02;B3;11;0.52;0.54;Condition normale pour la saison.
MMB3027;2017-09-15;S01;Z02;B3;11;0.65;0.20;Légère variabilité observée.
MMB3027;2017-10-15;S01;Z02;B3;11;0.85;0.33;Rien à signaler.
MMB3028;2017-05-15;S01;Z02;B3;11;0.82;0.71;Condition normale pour la saison.
MMB3028;2017-06-15;S01;Z02;B3;11;0.60;0.12;Condition normale pour la saison.
MMB3028;2017-07-15;S01;Z02;B3;11;0.68;0.48;Rien à signaler.
MMB3028;2017-08-15;S01;Z02;B3;11;0.73;0.85;Condition normale pour la saison.
MMB3028;2017-09-15;S01;Z02;B3;11;0.14;0.43;Rien à signaler.
MMB3028;2017-10-15;S01;Z02;B3;11;0.45;0.32;Légère variabilité observée.
MMB3029;2017-05-15;S01;Z02;B3;11;0.17;0.87;Condition normale pour la saison.
MMB3029;2017-06-15;S01;Z02;B3;11;0.82;0.08;Légère variabilité observée.
MMB3029;2017-07-15;S01;Z02;B3;11;0.53;0.69;Condition normale pour la saison.
MMB3029;2017-08-15;S01;Z02;B3;11;0.57;0.38;Légère variabilité observée.
MMB3029;2017-09-15;S01;Z02;B3;11;0.71;0.55;Condition normale pour la saison.
MMB3029;2017-10-15;S01;Z02;B3;11;0.90;0.91;Condition normale pour la saison.
MMB3030;2017-05-15;S01;Z02;B3;11;0.57;0.81;Légère variabilité observée.
MMB3030;2017-06-15;S01;Z02;B3;11;0.76;0.20;Rien à signaler.
MMB3030;2017-07-15;S01;Z02;B3;11;0.88;0.14;Légère variabilité observée.
MMB3030;2017-08-15;S01;Z02;B3;11;0.83;0.61;Rien à signaler.
MMB3030;2017-09-15;S01;Z02;B3;11;0.61;0.61;Condition normale pour la saison.
MMB3030;2017-10-15;S01;Z02;B3;11;0.36;0.62;Légère variabilité observée.
MMB3031;2017-05-15;S01;Z02;B3;11;0.76;0.64;Rien à signaler.
MMB3031;2017-06-15;S01;Z02;B3;11;0.41;0.16;Légère variabilité observée.
MMB3031;2017-07-15;S01;Z02;B3;11;0.93;0.20;Rien à signaler.
MMB3031;2017-08-15;S01;Z02;B3;11;0.13;0.26;Condition normale pour la saison.
MMB3031;2017-09-15;S01;Z02;B3;11;0.49;0.05;Condition normale pour la saison.
MMB3031;2017-10-15;S01;Z02;B3;11;0.90;0.32;Légère variabilité observée.
MMB3032;2017-05-15;S01;Z02;B3;11;0.59;0.87;Rien à signaler.
MMB3032;2017-06-15;S01;Z02;B3;11;0.76;0.45;Condition normale pour la saison.
MMB3032;2017-07-15;S01;Z02;B3;11;0.49;0.93;Condition normale pour la saison.
MMB3032;2017-08-15;S01;Z02;B3;11;0.31;0.59;Condition normale pour la saison.
MMB3032;2017-09-15;S01;Z02;B3;11;0.69;0.59;Condition normale pour la saison.
MMB3032;2017-10-15;S01;Z02;B3;11;0.20;0.08;Condition normale pour la saison.
MMB3033;2017-05-15;S01;Z02;B3;11;0.71;0.65;Rien à signaler.
MMB3033;2017-06-15;S01;Z02;B3;11;0.72;0.34;Condition normale pour la saison.
MMB3033;2017-07-15;S01;Z02;B3;11;0.27;0.76;Condition normale pour la saison.
MMB3033;2017-08-15;S01;Z02;B3;11;0.10;0.77;Condition normale pour la saison.
MMB3033;2017-09-15;S01;Z02;B3;11;0.81;0.05;Condition normale pour la saison.
MMB3033;2017-10-15;S01;Z02;B3;11;0.47;0.33;Légère variabilité observée.
MMB3034;2017-05-15;S01;Z02;B3;11;0.88;0.81;Légère variabilité observée.
MMB3034;2017-06-15;S01;Z02;B3;11;0.15;0.48;Condition normale pour la saison.
MMB3034;2017-07-15;S01;Z02;B3;11;0.18;0.43;Légère variabilité observée.
MMB3034;2017-08-15;S01;Z02;B3;11;0.54;0.94;Condition normale pour la saison.
MMB3034;2017-09-15;S01;Z02;B3;11;0.65;0.72;Rien à signaler.
MMB3034;2017-10-15;S01;Z02;B3;11;0.07;0.64;Légère variabilité observée.
MMB3035;2017-05-15;S01;Z02;B3;11;0.45;0.75;Rien à signaler.
MMB3035;2017-06-15;S01;Z02;B3;11;0.15;0.21;Légère variabilité observée.
MMB3035;2017-07-15;S01;Z02;B3;11;0.84;0.59;Rien à signaler.
MMB3035;2017-08-15;S01;Z02;B3;11;0.67;0.23;Rien à signaler.
MMB3035;2017-09-15;S01;Z02;B3;11;0.69;0.44;Condition normale pour la saison.
MMB3035;2017-10-15;S01;Z02;B3;11;0.85;0.09;Condition normale pour la saison.
MMB3036;2017-05-15;S01;Z02;B3;11;0.70;0.36;Légère variabilité observée.
MMB3036;2017-06-15;S01;Z02;B3;11;0.72;0.70;Rien à signaler.
MMB3036;2017-07-15;S01;Z02;B3;11;0.69;0.80;Condition normale pour la saison.
MMB3036;2017-08-15;S01;Z02;B3;11;0.30;0.11;Légère variabilité observée.
MMB3036;2017-09-15;S01;Z02;B3;11;0.67;0.50;Condition normale pour la saison.
MMB3036;2017-10-15;S01;Z02;B3;11;0.28;0.66;Rien à signaler.
MMB3037;2017-05-15;S01;Z02;B3;11;0.93;0.94;Rien à signaler.
MMB3037;2017-06-15;S01;Z02;B3;11;0.61;0.31;Légère variabilité observée.
MMB3037;2017-07-15;S01;Z02;B3;11;0.68;0.87;Rien à signaler.
MMB3037;2017-08-15;S01;Z02;B3;11;0.10;0.94;Condition normale pour la saison.
MMB3037;2017-09-15;S01;Z02;B3;11;0.31;0.54;Condition normale pour la saison.
MMB3037;2017-10-15;S01;Z02;B3;11;0.30;0.48;Légère variabilité observée.
MMB3038;2017-05-15;S01;Z02;B3;11;0.75;0.83;Condition normale pour la saison.
MMB3038;2017-06-15;S01;Z02;B3;11;0.05;0.27;Condition normale pour la saison.
MMB3038;2017-07-15;S01;Z02;B3;11;0.29;0.56;Condition normale pour la saison.
MMB3038;2017-08-15;S01;Z02;B3;11;0.70;0.55;Condition normale pour la saison.
MMB3038;2017-09-15;S01;Z02;B3;11;0.78;0.47;Légère variabilité observée.
MMB3038;2017-10-15;S01;Z02;B3;11;0.78;0.31;Condition normale pour la saison.
MMB3039;2017-05-15;S01;Z02;B3;11;0.75;0.89;Rien à signaler.
MMB3039;2017-06-15;S01;Z02;B3;11;0.58;0.40;Condition normale pour la saison.
MMB3039;2017-07-15;S01;Z02;B3;11;0.64;0.35;Condition normale pour la saison.
MMB3039;2017-08-15;S01;Z02;B3;11;0.78;0.86;Rien à signaler.
MMB3039;2017-09-15;S01;Z02;B3;11;0.21;0.12;Condition normale pour la saison.
MMB3039;2017-10-15;S01;Z02;B3;11;0.69;0.49;Légère variabilité observée.
MMB3040;2017-05-15;S01;Z02;B3;11;0.58;0.87;Rien à signaler.
MMB3040;2017-06-15;S01;Z02;B3;11;0.42;0.13;Rien à signaler.
MMB3040;2017-07-15;S01;Z02;B3;11;0.64;0.70;Légère variabilité observée.
MMB3040;2017-08-15;S01;Z02;B3;11;0.49;0.93;Condition normale pour la saison.
MMB3040;2017-09-15;S01;Z02;B3;11;0.56;0.23;Condition normale pour la saison.
MMB3040;2017-10-15;S01;Z02;B3;11;0.24;0.52;Légère variabilité observée.
MMB3041;2017-05-15;S01;Z02;B3;11;0.25;0.53;Condition normale pour la saison.
MMB3041;2017-06-15;S01;Z02;B3;11;0.53;0.31;Rien à signaler.
MMB3041;2017-07-15;S01;Z02;B3;11;0.88;0.29;Rien à signaler.
MMB3041;2017-08-15;S01;Z02;B3;11;0.52;0.53;Condition normale pour la saison.
MMB3041;2017-09-15;S01;Z02;B3;11;0.05;0.78;Condition normale pour la saison.
MMB3041;2017-10-15;S01;Z02;B3;11;0.38;0.09;Condition normale pour la saison.
MMB3042;2017-05-15;S01;Z02;B3;11;0.36;0.65;Rien à signaler.
MMB3042;2017-06-15;S01;Z02;B3;11;0.49;0.86;Condition normale pour la saison.
MMB3042;2017-07-15;S01;Z02;B3;11;0.81;0.32;Légère variabilité observée.
MMB3042;2017-08-15;S01;Z02;B3;11;0.36;0.24;Condition normale pour la saison.
MMB3042;2017-09-15;S01;Z02;B3;11;0.32;0.72;Rien à signaler.
MMB3042;2017-10-15;S01;Z02;B3;11;0.38;0.50;Rien à signaler.
MMB3043;2017-05-15;S01;Z02;B3;11;0.55;0.80;Condition normale pour la saison.
MMB3043;2017-06-15;S01;Z02;B3;11;0.64;0.70;Condition normale pour la saison.
MMB3043;2017-07-15;S01;Z02;B3;11;0.63;0.10;Condition normale pour la saison.
MMB3043;2017-08-15;S01;Z02;B3;11;0.67;0.84;Légère variabilité observée.
MMB3043;2017-09-15;S01;Z02;B3;11;0.66;0.32;Condition normale pour la saison.
MMB3043;2017-10-15;S01;Z02;B3;11;0.34;0.89;Légère variabilité observée.
MMB3044;2017-05-15;S01;Z02;B3;11;0.40;0.57;Condition normale pour la saison.
MMB3044;2017-06-15;S01;Z02;B3;11;0.85;0.86;Rien à signaler.
MMB3044;2017-07-15;S01;Z02;B3;11;0.35;0.21;Légère variabilité observée.
MMB3044;2017-08-15;S01;Z02;B3;11;0.80;0.47;Condition normale pour la saison.
MMB3044;2017-09-15;S01;Z02;B3;11;0.19;0.35;Légère variabilité observée.
MMB3044;2017-10-15;S01;Z02;B3;11;0.07;0.61;Légère variabilité observée.
MMB3045;2017-05-15;S01;Z02;B3;11;0.34;0.72;Condition normale pour la saison.
MMB3045;2017-06-15;S01;Z02;B3;11;0.18;0.53;Condition normale pour la saison.
MMB3045;2017-07-15;S01;Z02;B3;11;0.32;0.45;Condition normale pour la saison.
MMB3045;2017-08-15;S01;Z02;B3;11;0.65;0.24;Condition normale pour la saison.
MMB3045;2017-09-15;S01;Z02;B3;11;0.84;0.81;Légère variabilité observée.
MMB3045;2017-10-15;S01;Z02;B3;11;0.49;0.88;Rien à signaler.
MMB3046;2017-05-15;S01;Z02;B3;11;0.58;0.28;Rien à signaler.
MMB3046;2017-06-15;S01;Z02;B3;11;0.47;0.33;Légère variabilité observée.
MMB3046;2017-07-15;S01;Z02;B3;11;0.87;0.39;Rien à signaler.
MMB3046;2017-08-15;S01;Z02;B3;11;0.25;0.82;Légère variabilité observée.
MMB3046;2017-09-15;S01;Z02;B3;11;0.43;0.88;Condition normale pour la saison.
MMB3046;2017-10-15;S01;Z02;B3;11;0.67;0.46;Légère variabilité observée.
MMB3047;2017-05-15;S01;Z02;B3;11;0.31;0.34;Légère variabilité observée.
MMB3047;2017-06-15;S01;Z02;B3;11;0.32;0.25;Condition normale pour la saison.
MMB3047;2017-07-15;S01;Z02;B3;11;0.18;0.50;Condition normale pour la saison.
MMB3047;2017-08-15;S01;Z02;B3;11;0.88;0.31;Rien à signaler.
MMB3047;2017-09-15;S01;Z02;B3;11;0.34;0.51;Légère variabilité observée.
MMB3047;2017-10-15;S01;Z02;B3;11;0.73;0.50;Rien à signaler.
MMB3048;2017-05-15;S01;Z02;B3;11;0.65;0.74;Rien à signaler.
MMB3048;2017-06-15;S01;Z02;B3;11;0.09;0.10;Condition normale pour la saison.
MMB3048;2017-07-15;S01;Z02;B3;11;0.76;0.33;Légère variabilité observée.
MMB3048;2017-08-15;S01;Z02;B3;11;0.86;0.71;Légère variabilité observée.
MMB3048;2017-09-15;S01;Z02;B3;11;0.23;0.30;Condition normale pour la saison.
MMB3048;2017-10-15;S01;Z02;B3;11;0.27;0.35;Condition normale pour la saison.
MMB3049;2017-05-15;S01;Z02;B3;11;0.16;0.40;Condition normale pour la saison.
MMB3049;2017-06-15;S01;Z02;B3;11;0.50;0.81;Condition normale pour la saison.
MMB3049;2017-07-15;S01;Z02;B3;11;0.74;0.58;Rien à signaler.
MMB3049;2017-08-15;S01;Z02;B3;11;0.90;0.61;Condition normale pour la saison.
MMB3049;2017-09-15;S01;Z02;B3;11;0.33;0.54;Condition normale pour la saison.
MMB3049;2017-10-15;S01;Z02;B3;11;0.78;0.10;Condition normale pour la saison.
MMB3050;2017-05-15;S01;Z02;B3;11;0.19;0.57;Rien à signaler.
MMB3050;2017-06-15;S01;Z02;B3;11;0.21;0.33;Rien à signaler.
MMB3050;2017-07-15;S01;Z02;B3;11;0.40;0.90;Condition normale pour la saison.
MMB3050;2017-08-15;S01;Z02;B3;11;0.12;0.21;Condition normale pour la saison.
MMB3050;2017-09-15;S01;Z02;B3;11;0.90;0.77;Condition normale pour la saison.
MMB3050;2017-10-15;S01;Z02;B3;11;0.36;0.81;Condition normale pour la saison.
MMB3051;2017-05-15;S01;Z02;B3;11;0.19;0.20;Condition normale pour la saison.
MMB3051;2017-06-15;S01;Z02;B3;11;0.71;0.34;Légère variabilité observée.
MMB3051;2017-07-15;S01;Z02;B3;11;0.16;0.24;Condition normale pour la saison.
MMB3051;2017-08-15;S01;Z02;B3;11;0.72;0.10;Condition normale pour la saison.
MMB3051;2017-09-15;S01;Z02;B3;11;0.29;0.70;Rien à signaler.
MMB3051;2017-10-15;S01;Z02;B3;11;0.55;0.61;Condition normale pour la saison.
MMB3052;2017-05-15;S01;Z02;B3;11;0.57;0.60;Rien à signaler.
MMB3052;2017-06-15;S01;Z02;B3;11;0.68;0.91;Légère variabilité observée.
MMB3052;2017-07-15;S01;Z02;B3;11;0.61;0.65;Rien à signaler.
MMB3052;2017-08-15;S01;Z02;B3;11;0.55;0.88;Légère variabilité observée.
MMB3052;2017-09-15;S01;Z02;B3;11;0.15;0.73;Condition normale pour la saison.
MMB3052;2017-10-15;S01;Z02;B3;11;0.71;0.54;Condition normale pour la saison.
MMB3053;2017-05-15;S01;Z02;B3;11;0.56;0.83;Condition normale pour la saison.
MMB3053;2017-06-15;S01;Z02;B3;11;0.51;0.79;Rien à signaler.
MMB3053;2017-07-15;S01;Z02;B3;11;0.13;0.28;Condition normale pour la saison.
MMB3053;2017-08-15;S01;Z02;B3;11;0.25;0.51;Condition normale pour la saison.
MMB3053;2017-09-15;S01;Z02;B3;11;0.16;0.60;Légère variabilité observée.
MMB3053;2017-10-15;S01;Z02;B3;11;0.08;0.66;Condition normale pour la saison.
MMB3054;2017-05-15;S01;Z02;B3;11;0.45;0.55;Rien à signaler.
MMB3054;2017-06-15;S01;Z02;B3;11;0.88;0.16;Rien à signaler.
MMB3054;2017-07-15;S01;Z02;B3;11;0.06;0.67;Condition normale pour la saison.
MMB3054;2017-08-15;S01;Z02;B3;11;0.08;0.24;Condition normale pour la saison.
MMB3054;2017-09-15;S01;Z02;B3;11;0.49;0.80;Condition normale pour la saison.
MMB3054;2017-10-15;S01;Z02;B3;11;0.20;0.65;Légère variabilité observée.
MMB3055;2017-05-15;S01;Z02;B3;11;0.71;0.51;Rien à signaler.
MMB3055;2017-06-15;S01;Z02;B3;11;0.29;0.08;Rien à signaler.
MMB3055;2017-07-15;S01;Z02;B3;11;0.45;0.62;Rien à signaler.
MMB3055;2017-08-15;S01;Z02;B3;11;0.31;0.81;Rien à signaler.
MMB3055;2017-09-15;S01;Z02;B3;11;0.61;0.10;Légère variabilité observée.
MMB3055;2017-10-15;S01;Z02;B3;11;0.84;0.79;Condition normale pour la saison.
MMB3056;2017-05-15;S01;Z02;B3;11;0.14;0.27;Condition normale pour la saison.
MMB3056;2017-06-15;S01;Z02;B3;11;0.40;0.91;Légère variabilité observée.
MMB3056;2017-07-15;S01;Z02;B3;11;0.44;0.64;Rien à signaler.
MMB3056;2017-08-15;S01;Z02;B3;11;0.24;0.20;Rien à signaler.
MMB3056;2017-09-15;S01;Z02;B3;11;0.47;0.59;Rien à signaler.
MMB3056;2017-10-15;S01;Z02;B3;11;0.79;0.50;Rien à signaler.
MMB3057;2017-05-15;S01;Z02;B3;11;0.79;0.34;Condition normale pour la saison.
MMB3057;2017-06-15;S01;Z02;B3;11;0.26;0.33;Légère variabilité observée.
MMB3057;2017-07-15;S01;Z02;B3;11;0.66;0.90;Condition normale pour la saison.
MMB3057;2017-08-15;S01;Z02;B3;11;0.07;0.64;Légère variabilité observée.
MMB3057;2017-09-15;S01;Z02;B3;11;0.75;0.58;Condition normale pour la saison.
MMB3057;2017-10-15;S01;Z02;B3;11;0.65;0.32;Rien à signaler.
MMB3058;2017-05-15;S01;Z02;B3;11;0.18;0.66;Condition normale pour la saison.
MMB3058;2017-06-15;S01;Z02;B3;11;0.78;0.30;Condition normale pour la saison.
MMB3058;2017-07-15;S01;Z02;B3;11;0.14;0.90;Rien à signaler.
MMB3058;2017-08-15;S01;Z02;B3;11;0.80;0.11;Légère variabilité observée.
MMB3058;2017-09-15;S01;Z02;B3;11;0.07;0.76;Rien à signaler.
MMB3058;2017-10-15;S01;Z02;B3;11;0.15;0.26;Condition normale pour la saison.
MMB3059;2017-05-15;S01;Z02;B3;11;0.16;0.70;Condition normale pour la saison.
MMB3059;2017-06-15;S01;Z02;B3;11;0.70;0.13;Rien à signaler.
MMB3059;2017-07-15;S01;Z02;B3;11;0.70;0.21;Condition normale pour la saison.
MMB3059;2017-08-15;S01;Z02;B3;11;0.49;0.39;Condition normale pour la saison.
MMB3059;2017-09-15;S01;Z02;B3;11;0.42;0.37;Condition normale pour la saison.
MMB3059;2017-10-15;S01;Z02;B3;11;0.19;0.10;Légère variabilité observée.
MMB3060;2017-05-15;S01;Z02;B3;11;0.81;0.79;Rien à signaler.
MMB3060;2017-06-15;S01;Z02;B3;11;0.66;0.86;Condition normale pour la saison.
MMB3060;2017-07-15;S01;Z02;B3;11;0.51;0.21;Condition normale pour la saison.
MMB3060;2017-08-15;S01;Z02;B3;11;0.08;0.32;Condition normale pour la saison.
MMB3060;2017-09-15;S01;Z02;B3;11;0.06;0.55;Condition normale pour la saison.
MMB3060;2017-10-15;S01;Z02;B3;11;0.51;0.60;Condition normale pour la saison.
MMB3061;2017-05-15;S01;Z02;B3;11;0.83;0.10;Condition normale pour la saison.
MMB3061;2017-06-15;S01;Z02;B3;11;0.12;0.42;Rien à signaler.
MMB3061;2017-07-15;S01;Z02;B3;11;0.48;0.65;Rien à signaler.
MMB3061;2017-08-15;S01;Z02;B3;11;0.28;0.27;Rien à signaler.
MMB3061;2017-09-15;S01;Z02;B3;11;0.86;0.32;Rien à signaler.
MMB3061;2017-10-15;S01;Z02;B3;11;0.77;0.21;Légère variabilité observée.
MMB3062;2017-05-15;S01;Z02;B3;11;0.82;0.31;Condition normale pour la saison.
MMB3062;2017-06-15;S01;Z02;B3;11;0.64;0.48;Condition normale pour la saison.
MMB3062;2017-07-15;S01;Z02;B3;11;0.50;0.60;Légère variabilité observée.
MMB3062;2017-08-15;S01;Z02;B3;11;0.38;0.62;Condition normale pour la saison.
MMB3062;2017-09-15;S01;Z02;B3;11;0.25;0.50;Légère variabilité observée.
MMB3062;2017-10-15;S01;Z02;B3;11;0.38;0.28;Condition normale pour la saison.
MMB3063;2017-05-15;S01;Z02;B3;11;0.48;0.26;Légère variabilité observée.
MMB3063;2017-06-15;S01;Z02;B3;11;0.35;0.56;Condition normale pour la saison.
MMB3063;2017-07-15;S01;Z02;B3;11;0.88;0.76;Légère variabilité observée.
MMB3063;2017-08-15;S01;Z02;B3;11;0.21;0.53;Condition normale pour la saison.
MMB3063;2017-09-15;S01;Z02;B3;11;0.51;0.81;Rien à signaler.
MMB3063;2017-10-15;S01;Z02;B3;11;0.25;0.53;Rien à signaler.
MMB3064;2017-05-15;S01;Z02;B3;11;0.74;0.50;Rien à signaler.
MMB3064;2017-06-15;S01;Z02;B3;11;0.57;0.18;Condition normale pour la saison.
MMB3064;2017-07-15;S01;Z02;B3;11;0.60;0.24;Condition normale pour la saison.
MMB3064;2017-08-15;S01;Z02;B3;11;0.74;0.93;Légère variabilité observée.
MMB3064;2017-09-15;S01;Z02;B3;11;0.91;0.48;Légère variabilité observée.
MMB3064;2017-10-15;S01;Z02;B3;11;0.56;0.68;Légère variabilité observée.
MMB3065;2017-05-15;S01;Z02;B3;11;0.89;0.55;Rien à signaler.
MMB3065;2017-06-15;S01;Z02;B3;11;0.68;0.13;Condition normale pour la saison.
MMB3065;2017-07-15;S01;Z02;B3;11;0.89;0.44;Condition normale pour la saison.
MMB3065;2017-08-15;S01;Z02;B3;11;0.46;0.15;Rien à signaler.
MMB3065;2017-09-15;S01;Z02;B3;11;0.73;0.42;Condition normale pour la saison.
MMB3065;2017-10-15;S01;Z02;B3;11;0.89;0.93;Condition normale pour la saison.
MMB3066;2017-05-15;S01;Z02;B3;11;0.50;0.79;Condition normale pour la saison.
MMB3066;2017-06-15;S01;Z02;B3;11;0.78;0.28;Condition normale pour la saison.
MMB3066;2017-07-15;S01;Z02;B3;11;0.84;0.18;Légère variabilité observée.
MMB3066;2017-08-15;S01;Z02;B3;11;0.82;0.05;Légère variabilité observée.
MMB3066;2017-09-15;S01;Z02;B3;11;0.13;0.67;Légère variabilité observée.
MMB3066;2017-10-15;S01;Z02;B3;11;0.16;0.61;Rien à signaler.
MMB3067;2017-05-15;S01;Z02;B3;11;0.43;0.70;Légère variabilité observée.
MMB3067;2017-06-15;S01;Z02;B3;11;0.73;0.49;Condition normale pour la saison.
MMB3067;2017-07-15;S01;Z02;B3;11;0.66;0.61;Condition normale pour la saison.
MMB3067;2017-08-15;S01;Z02;B3;11;0.22;0.60;Rien à signaler.
MMB3067;2017-09-15;S01;Z02;B3;11;0.42;0.56;Condition normale pour la saison.
MMB3067;2017-10-15;S01;Z02;B3;11;0.43;0.81;Condition normale pour la saison.
MMB3068;2017-05-15;S01;Z02;B3;11;0.83;0.77;Rien à signaler.
MMB3068;2017-06-15;S01;Z02;B3;11;0.53;0.37;Condition normale pour la saison.
MMB3068;2017-07-15;S01;Z02;B3;11;0.76;0.77;Légère variabilité observée.
MMB3068;2017-08-15;S01;Z02;B3;11;0.68;0.61;Condition normale pour la saison.
MMB3068;2017-09-15;S01;Z02;B3;11;0.23;0.74;Condition normale pour la saison.
MMB3068;2017-10-15;S01;Z02;B3;11;0.19;0.44;Légère variabilité observée.
MMB3069;2017-05-15;S01;Z02;B3;11;0.78;0.54;Condition normale pour la saison.
MMB3069;2017-06-15;S01;Z02;B3;11;0.78;0.22;Condition normale pour la saison.
MMB3069;2017-07-15;S01;Z02;B3;11;0.30;0.54;Condition normale pour la saison.
MMB3069;2017-08-15;S01;Z02;B3;11;0.90;0.15;Légère variabilité observée.
MMB3069;2017-09-15;S01;Z02;B3;11;0.69;0.09;Rien à signaler.
MMB3069;2017-10-15;S01;Z02;B3;11;0.08;0.23;Rien à signaler.
MMB3070;2017-05-15;S01;Z02;B3;11;0.43;0.28;Légère variabilité observée.
MMB3070;2017-06-15;S01;Z02;B3;11;0.41;0.44;Rien à signaler.
MMB3070;2017-07-15;S01;Z02;B3;11;0.16;0.29;Condition normale pour la saison.
MMB3070;2017-08-15;S01;Z02;B3;11;0.63;0.10;Rien à signaler.
MMB3070;2017-09-15;S01;Z02;B3;11;0.61;0.89;Légère variabilité observée.
MMB3070;2017-10-15;S01;Z02;B3;11;0.63;0.84;Légère variabilité observée.
MMB3071;2017-05-15;S01;Z02;B3;11;0.92;0.84;Condition normale pour la saison.
MMB3071;2017-06-15;S01;Z02;B3;11;0.48;0.33;Rien à signaler.
MMB3071;2017-07-15;S01;Z02;B3;11;0.45;0.78;Condition normale pour la saison.
MMB3071;2017-08-15;S01;Z02;B3;11;0.65;0.58;Légère variabilité observée.
MMB3071;2017-09-15;S01;Z02;B3;11;0.16;0.12;Condition normale pour la saison.
MMB3071;2017-10-15;S01;Z02;B3;11;0.79;0.80;Légère variabilité observée.
MMB3072;2017-05-15;S01;Z02;B3;11;0.87;0.44;Légère variabilité observée.
MMB3072;2017-06-15;S01;Z02;B3;11;0.13;0.60;Rien à signaler.
MMB3072;2017-07-15;S01;Z02;B3;11;0.19;0.17;Condition normale pour la saison.
MMB3072;2017-08-15;S01;Z02;B3;11;0.79;0.11;Légère variabilité observée.
MMB3072;2017-09-15;S01;Z02;B3;11;0.65;0.71;Légère variabilité observée.
MMB3072;2017-10-15;S01;Z02;B3;11;0.86;0.42;Légère variabilité observée.
MMB3073;2017-05-15;S01;Z02;B3;11;0.18;0.25;Rien à signaler.
MMB3073;2017-06-15;S01;Z02;B3;11;0.78;0.19;Condition normale pour la saison.
MMB3073;2017-07-15;S01;Z02;B3;11;0.86;0.82;Condition normale pour la saison.
MMB3073;2017-08-15;S01;Z02;B3;11;0.12;0.87;Condition normale pour la saison.
MMB3073;2017-09-15;S01;Z02;B3;11;0.48;0.31;Condition normale pour la saison.
MMB3073;2017-10-15;S01;Z02;B3;11;0.91;0.85;Légère variabilité observée.
MMB3074;2017-05-15;S01;Z02;B3;11;0.17;0.35;Légère variabilité observée.
MMB3074;2017-06-15;S01;Z02;B3;11;0.90;0.45;Rien à signaler.
MMB3074;2017-07-15;S01;Z02;B3;11;0.59;0.31;Condition normale pour la saison.
MMB3074;2017-08-15;S01;Z02;B3;11;0.82;0.94;Rien à signaler.
MMB3074;2017-09-15;S01;Z02;B3;11;0.68;0.31;Légère variabilité observée.
MMB3074;2017-10-15;S01;Z02;B3;11;0.12;0.25;Condition normale pour la saison.
MMB3075;2017-05-15;S01;Z02;B3;11;0.30;0.91;Condition normale pour la saison.
MMB3075;2017-06-15;S01;Z02;B3;11;0.34;0.62;Condition normale pour la saison.
MMB3075;2017-07-15;S01;Z02;B3;11;0.90;0.27;Condition normale pour la saison.
MMB3075;2017-08-15;S01;Z02;B3;11;0.38;0.78;Rien à signaler.
MMB3075;2017-09-15;S01;Z02;B3;11;0.10;0.43;Rien à signaler.
MMB3075;2017-10-15;S01;Z02;B3;11;0.39;0.62;Rien à signaler.
MMB3076;2017-05-15;S01;Z02;B3;11;0.19;0.63;Rien à signaler.
MMB3076;2017-06-15;S01;Z02;B3;11;0.50;0.51;Condition normale pour la saison.
MMB3076;2017-07-15;S01;Z02;B3;11;0.62;0.45;Condition normale pour la saison.
MMB3076;2017-08-15;S01;Z02;B3;11;0.19;0.86;Légère variabilité observée.
MMB3076;2017-09-15;S01;Z02;B3;11;0.39;0.81;Rien à signaler.
MMB3076;2017-10-15;S01;Z02;B3;11;0.07;0.33;Condition normale pour la saison.
MMB3077;2017-05-15;S01;Z02;B3;11;0.55;0.47;Condition normale pour la saison.
MMB3077;2017-06-15;S01;Z02;B3;11;0.18;0.10;Rien à signaler.
MMB3077;2017-07-15;S01;Z02;B3;11;0.45;0.59;Légère variabilité observée.
MMB3077;2017-08-15;S01;Z02;B3;11;0.41;0.82;Condition normale pour la saison.
MMB3077;2017-09-15;S01;Z02;B3;11;0.61;0.07;Condition normale pour la saison.
MMB3077;2017-10-15;S01;Z02;B3;11;0.41;0.72;Légère variabilité observée.
MMB3078;2017-05-15;S01;Z02;B3;11;0.84;0.13;Condition normale pour la saison.
MMB3078;2017-06-15;S01;Z02;B3;11;0.87;0.31;Rien à signaler.
MMB3078;2017-07-15;S01;Z02;B3;11;0.30;0.69;Légère variabilité observée.
MMB3078;2017-08-15;S01;Z02;B3;11;0.31;0.48;Condition normale pour la saison.
MMB3078;2017-09-15;S01;Z02;B3;11;0.15;0.51;Rien à signaler.
MMB3078;2017-10-15;S01;Z02;B3;11;0.91;0.83;Condition normale pour la saison.
MMB3079;2017-05-15;S01;Z02;B3;11;0.82;0.23;Rien à signaler.
MMB3079;2017-06-15;S01;Z02;B3;11;0.44;0.56;Condition normale pour la saison.
MMB3079;2017-07-15;S01;Z02;B3;11;0.89;0.91;Légère variabilité observée.
MMB3079;2017-08-15;S01;Z02;B3;11;0.90;0.57;Condition normale pour la saison.
MMB3079;2017-09-15;S01;Z02;B3;11;0.54;0.35;Légère variabilité observée.
MMB3079;2017-10-15;S01;Z02;B3;11;0.69;0.86;Condition normale pour la saison.
MMB3080;2017-05-15;S01;Z02;B3;11;0.65;0.78;Condition normale pour la saison.
MMB3080;2017-06-15;S01;Z02;B3;11;0.81;0.29;Rien à signaler.
MMB3080;2017-07-15;S01;Z02;B3;11;0.47;0.61;Légère variabilité observée.
MMB3080;2017-08-15;S01;Z02;B3;11;0.06;0.25;Condition normale pour la saison.
MMB3080;2017-09-15;S01;Z02;B3;11;0.46;0.87;Rien à signaler.
MMB3080;2017-10-15;S01;Z02;B3;11;0.38;0.67;Rien à signaler.
MMB3081;2017-05-15;S01;Z02;B3;11;0.83;0.15;Légère variabilité observée.
MMB3081;2017-06-15;S01;Z02;B3;11;0.20;0.49;Condition normale pour la saison.
MMB3081;2017-07-15;S01;Z02;B3;11;0.80;0.14;Condition normale pour la saison.
MMB3081;2017-08-15;S01;Z02;B3;11;0.80;0.48;Condition normale pour la saison.
MMB3081;2017-09-15;S01;Z02;B3;11;0.70;0.80;Légère variabilité observée.
MMB3081;2017-10-15;S01;Z02;B3;11;0.69;0.06;Condition normale pour la saison.
MMB3082;2017-05-15;S01;Z02;B3;11;0.84;0.08;Rien à signaler.
MMB3082;2017-06-15;S01;Z02;B3;11;0.73;0.29;Condition normale pour la saison.
MMB3082;2017-07-15;S01;Z02;B3;11;0.45;0.18;Condition normale pour la saison.
MMB3082;2017-08-15;S01;Z02;B3;11;0.45;0.94;Rien à signaler.
MMB3082;2017-09-15;S01;Z02;B3;11;0.16;0.16;Condition normale pour la saison.
MMB3082;2017-10-15;S01;Z02;B3;11;0.38;0.34;Condition normale pour la saison.
MMB3083;2017-05-15;S01;Z02;B3;11;0.68;0.61;Condition normale pour la saison.
MMB3083;2017-06-15;S01;Z02;B3;11;0.55;0.49;Rien à signaler.
MMB3083;2017-07-15;S01;Z02;B3;11;0.14;0.32;Rien à signaler.
MMB3083;2017-08-15;S01;Z02;B3;11;0.16;0.68;Légère variabilité observée.
MMB3083;2017-09-15;S01;Z02;B3;11;0.93;0.64;Condition normale pour la saison.
MMB3083;2017-10-15;S01;Z02;B3;11;0.66;0.93;Condition normale pour la saison.
MMB3084;2017-05-15;S01;Z02;B3;11;0.09;0.75;Condition normale pour la saison.
MMB3084;2017-06-15;S01;Z02;B3;11;0.85;0.65;Rien à signaler.
MMB3084;2017-07-15;S01;Z02;B3;11;0.60;0.24;Légère variabilité observée.
MMB3084;2017-08-15;S01;Z02;B3;11;0.56;0.31;Condition normale pour la saison.
MMB3084;2017-09-15;S01;Z02;B3;11;0.58;0.11;Condition normale pour la saison.
MMB3084;2017-10-15;S01;Z02;B3;11;0.89;0.27;Rien à signaler.
MMB3085;2017-05-15;S01;Z02;B3;11;0.81;0.56;Condition normale pour la saison.
MMB3085;2017-06-15;S01;Z02;B3;11;0.81;0.53;Légère variabilité observée.
MMB3085;2017-07-15;S01;Z02;B3;11;0.57;0.18;Condition normale pour la saison.
MMB3085;2017-08-15;S01;Z02;B3;11;0.84;0.39;Rien à signaler.
MMB3085;2017-09-15;S01;Z02;B3;11;0.20;0.63;Rien à signaler.
MMB3085;2017-10-15;S01;Z02;B3;11;0.94;0.25;Rien à signaler.
MMB3086;2017-05-15;S01;Z02;B3;11;0.10;0.13;Rien à signaler.
MMB3086;2017-06-15;S01;Z02;B3;11;0.77;0.47;Condition normale pour la saison.
MMB3086;2017-07-15;S01;Z02;B3;11;0.08;0.30;Rien à signaler.
MMB3086;2017-08-15;S01;Z02;B3;11;0.35;0.72;Légère variabilité observée.
MMB3086;2017-09-15;S01;Z02;B3;11;0.25;0.92;Rien à signaler.
MMB3086;2017-10-15;S01;Z02;B3;11;0.91;0.60;Condition normale pour la saison.
MMB3087;2017-05-15;S01;Z02;B3;11;0.72;0.84;Condition normale pour la saison.
MMB3087;2017-06-15;S01;Z02;B3;11;0.65;0.29;Rien à signaler.
MMB3087;2017-07-15;S01;Z02;B3;11;0.91;0.08;Condition normale pour la saison.
MMB3087;2017-08-15;S01;Z02;B3;11;0.57;0.17;Légère variabilité observée.
MMB3087;2017-09-15;S01;Z02;B3;11;0.85;0.88;Condition normale pour la saison.
MMB3087;2017-10-15;S01;Z02;B3;11;0.84;0.38;Rien à signaler.
MMB3088;2017-05-15;S01;Z02;B3;11;0.60;0.09;Condition normale pour la saison.
MMB3088;2017-06-15;S01;Z02;B3;11;0.14;0.58;Légère variabilité observée.
MMB3088;2017-07-15;S01;Z02;B3;11;0.26;0.23;Condition normale pour la saison.
MMB3088;2017-08-15;S01;Z02;B3;11;0.16;0.15;Légère variabilité observée.
MMB3088;2017-09-15;S01;Z02;B3;11;0.10;0.19;Condition normale pour la saison.
MMB3088;2017-10-15;S01;Z02;B3;11;0.85;0.38;Condition normale pour la saison.
MMB3089;2017-05-15;S01;Z02;B3;11;0.25;0.51;Rien à signaler.
MMB3089;2017-06-15;S01;Z02;B3;11;0.62;0.71;Légère variabilité observée.
MMB3089;2017-07-15;S01;Z02;B3;11;0.07;0.18;Rien à signaler.
MMB3089;2017-08-15;S01;Z02;B3;11;0.74;0.22;Légère variabilité observée.
MMB3089;2017-09-15;S01;Z02;B3;11;0.72;0.15;Rien à signaler.
MMB3089;2017-10-15;S01;Z02;B3;11;0.18;0.50;Rien à signaler.
MMB3090;2017-05-15;S01;Z02;B3;11;0.33;0.48;Condition normale pour la saison.
MMB3090;2017-06-15;S01;Z02;B3;11;0.07;0.82;Rien à signaler.
MMB3090;2017-07-15;S01;Z02;B3;11;0.94;0.91;Rien à signaler.
MMB3090;2017-08-15;S01;Z02;B3;11;0.51;0.16;Rien à signaler.
MMB3090;2017-09-15;S01;Z02;B3;11;0.33;0.68;Légère variabilité observée.
MMB3090;2017-10-15;S01;Z02;B3;11;0.23;0.53;Condition normale pour la saison.
MMB3091;2017-05-15;S01;Z02;B3;11;0.50;0.39;Rien à signaler.
MMB3091;2017-06-15;S01;Z02;B3;11;0.75;0.87;Rien à signaler.
MMB3091;2017-07-15;S01;Z02;B3;11;0.21;0.87;Rien à signaler.
MMB3091;2017-08-15;S01;Z02;B3;11;0.47;0.65;Condition normale pour la saison.
MMB3091;2017-09-15;S01;Z02;B3;11;0.81;0.64;Rien à signaler.
MMB3091;2017-10-15;S01;Z02;B3;11;0.51;0.34;Condition normale pour la saison.
MMB3092;2017-05-15;S01;Z02;B3;11;0.18;0.34;Rien à signaler.
MMB3092;2017-06-15;S01;Z02;B3;11;0.94;0.22;Rien à signaler.
MMB3092;2017-07-15;S01;Z02;B3;11;0.49;0.22;Condition normale pour la saison.
MMB3092;2017-08-15;S01;Z02;B3;11;0.23;0.71;Condition normale pour la saison.
MMB3092;2017-09-15;S01;Z02;B3;11;0.74;0.35;Légère variabilité observée.
MMB3092;2017-10-15;S01;Z02;B3;11;0.61;0.81;Condition normale pour la saison.
MMB3093;2017-05-15;S01;Z02;B3;11;0.33;0.64;Condition normale pour la saison.
MMB3093;2017-06-15;S01;Z02;B3;11;0.41;0.79;Légère variabilité observée.
MMB3093;2017-07-15;S01;Z02;B3;11;0.46;0.86;Condition normale pour la saison.
MMB3093;2017-08-15;S01;Z02;B3;11;0.27;0.28;Légère variabilité observée.
MMB3093;2017-09-15;S01;Z02;B3;11;0.48;0.81;Condition normale pour la saison.
MMB3093;2017-10-15;S01;Z02;B3;11;0.30;0.10;Condition normale pour la saison.
MMB3094;2017-05-15;S01;Z02;B3;11;0.61;0.88;Condition normale pour la saison.
MMB3094;2017-06-15;S01;Z02;B3;11;0.51;0.11;Condition normale pour la saison.
MMB3094;2017-07-15;S01;Z02;B3;11;0.06;0.46;Rien à signaler.
MMB3094;2017-08-15;S01;Z02;B3;11;0.77;0.57;Condition normale pour la saison.
MMB3094;2017-09-15;S01;Z02;B3;11;0.18;0.39;Légère variabilité observée.
MMB3094;2017-10-15;S01;Z02;B3;11;0.25;0.29;Rien à signaler.
MMB3095;2017-05-15;S01;Z02;B3;11;0.17;0.36;Rien à signaler.
MMB3095;2017-06-15;S01;Z02;B3;11;0.79;0.25;Condition normale pour la saison.
MMB3095;2017-07-15;S01;Z02;B3;11;0.64;0.42;Condition normale pour la saison.
MMB3095;2017-08-15;S01;Z02;B3;11;0.92;0.87;Rien à signaler.
MMB3095;2017-09-15;S01;Z02;B3;11;0.51;0.55;Rien à signaler.
MMB3095;2017-10-15;S01;Z02;B3;11;0.10;0.53;Condition normale pour la saison.
MMB3096;2017-05-15;S01;Z02;B3;11;0.56;0.43;Rien à signaler.
MMB3096;2017-06-15;S01;Z02;B3;11;0.35;0.54;Légère variabilité observée.
MMB3096;2017-07-15;S01;Z02;B3;11;0.30;0.54;Condition normale pour la saison.
MMB3096;2017-08-15;S01;Z02;B3;11;0.22;0.59;Condition normale pour la saison.
MMB3096;2017-09-15;S01;Z02;B3;11;0.33;0.18;Rien à signaler.
MMB3096;2017-10-15;S01;Z02;B3;11;0.19;0.91;Rien à signaler.
MMB3097;2017-05-15;S01;Z02;B3;11;0.61;0.31;Condition normale pour la saison.
MMB3097;2017-06-15;S01;Z02;B3;11;0.65;0.31;Condition normale pour la saison.
MMB3097;2017-07-15;S01;Z02;B3;11;0.82;0.51;Légère variabilité observée.
MMB3097;2017-08-15;S01;Z02;B3;11;0.93;0.05;Condition normale pour la saison.
MMB3097;2017-09-15;S01;Z02;B3;11;0.50;0.64;Légère variabilité observée.
MMB3097;2017-10-15;S01;Z02;B3;11;0.46;0.67;Condition normale pour la saison.
MMB3098;2017-05-15;S01;Z02;B3;11;0.42;0.11;Rien à signaler.
MMB3098;2017-06-15;S01;Z02;B3;11;0.38;0.43;Rien à signaler.
MMB3098;2017-07-15;S01;Z02;B3;11;0.43;0.45;Rien à signaler.
MMB3098;2017-08-15;S01;Z02;B3;11;0.38;0.61;Condition normale pour la saison.
MMB3098;2017-09-15;S01;Z02;B3;11;0.40;0.09;Légère variabilité observée.
MMB3098;2017-10-15;S01;Z02;B3;11;0.37;0.49;Condition normale pour la saison.
MMB3099;2017-05-15;S01;Z02;B3;11;0.08;0.67;Condition normale pour la saison.
MMB3099;2017-06-15;S01;Z02;B3;11;0.93;0.09;Condition normale pour la saison.
MMB3099;2017-07-15;S01;Z02;B3;11;0.89;0.71;Légère variabilité observée.
MMB3099;2017-08-15;S01;Z02;B3;11;0.47;0.58;Condition normale pour la saison.
MMB3099;2017-09-15;S01;Z02;B3;11;0.09;0.94;Condition normale pour la saison.
MMB3099;2017-10-15;S01;Z02;B3;11;0.67;0.08;Condition normale pour la saison.
MMB3100;2017-05-15;S01;Z02;B3;11;0.46;0.41;Légère variabilité observée.
MMB3100;2017-06-15;S01;Z02;B3;11;0.86;0.51;Légère variabilité observée.
MMB3100;2017-07-15;S01;Z02;B3;11;0.67;0.78;Condition normale pour la saison.
MMB3100;2017-08-15;S01;Z02;B3;11;0.39;0.25;Légère variabilité observée.
MMB3100;2017-09-15;S01;Z02;B3;11;0.39;0.70;Rien à signaler.
MMB3100;2017-10-15;S01;Z02;B3;11;0.92;0.54;Légère variabilité observée.
MMB4001;2017-05-15;S01;Z02;B4;12;0.45;0.88;Légère variabilité observée.
MMB4001;2017-06-15;S01;Z02;B4;12;0.05;0.69;Légère variabilité observée.
MMB4001;2017-07-15;S01;Z02;B4;12;0.86;0.73;Condition normale pour la saison.
MMB4001;2017-08-15;S01;Z02;B4;12;0.30;0.44;Condition normale pour la saison.
MMB4001;2017-09-15;S01;Z02;B4;12;0.41;0.59;Légère variabilité observée.
MMB4001;2017-10-15;S01;Z02;B4;12;0.82;0.94;Légère variabilité observée.
MMB4002;2017-05-15;S01;Z02;B4;12;0.65;0.33;Condition normale pour la saison.
MMB4002;2017-06-15;S01;Z02;B4;12;0.17;0.23;Rien à signaler.
MMB4002;2017-07-15;S01;Z02;B4;12;0.83;0.38;Rien à signaler.
MMB4002;2017-08-15;S01;Z02;B4;12;0.45;0.88;Légère variabilité observée.
MMB4002;2017-09-15;S01;Z02;B4;12;0.85;0.23;Légère variabilité observée.
MMB4002;2017-10-15;S01;Z02;B4;12;0.73;0.64;Légère variabilité observée.
MMB4003;2017-05-15;S01;Z02;B4;12;0.12;0.33;Légère variabilité observée.
MMB4003;2017-06-15;S01;Z02;B4;12;0.88;0.54;Condition normale pour la saison.
MMB4003;2017-07-15;S01;Z02;B4;12;0.40;0.50;Condition normale pour la saison.
MMB4003;2017-08-15;S01;Z02;B4;12;0.91;0.20;Rien à signaler.
MMB4003;2017-09-15;S01;Z02;B4;12;0.05;0.46;Légère variabilité observée.
MMB4003;2017-10-15;S01;Z02;B4;12;0.73;0.15;Condition normale pour la saison.
MMB4004;2017-05-15;S01;Z02;B4;12;0.78;0.07;Condition normale pour la saison.
MMB4004;2017-06-15;S01;Z02;B4;12;0.07;0.80;Condition normale pour la saison.
MMB4004;2017-07-15;S01;Z02;B4;12;0.90;0.22;Légère variabilité observée.
MMB4004;2017-08-15;S01;Z02;B4;12;0.29;0.19;Légère variabilité observée.
MMB4004;2017-09-15;S01;Z02;B4;12;0.65;0.29;Condition normale pour la saison.
MMB4004;2017-10-15;S01;Z02;B4;12;0.38;0.49;Rien à signaler.
MMB4005;2017-05-15;S01;Z02;B4;12;0.07;0.65;Condition normale pour la saison.
MMB4005;2017-06-15;S01;Z02;B4;12;0.23;0.60;Rien à signaler.
MMB4005;2017-07-15;S01;Z02;B4;12;0.20;0.36;Condition normale pour la saison.
MMB4005;2017-08-15;S01;Z02;B4;12;0.83;0.22;Condition normale pour la saison.
MMB4005;2017-09-15;S01;Z02;B4;12;0.39;0.16;Condition normale pour la saison.
MMB4005;2017-10-15;S01;Z02;B4;12;0.23;0.85;Légère variabilité observée.
MMB4006;2017-05-15;S01;Z02;B4;12;0.49;0.68;Condition normale pour la saison.
MMB4006;2017-06-15;S01;Z02;B4;12;0.06;0.67;Condition normale pour la saison.
MMB4006;2017-07-15;S01;Z02;B4;12;0.31;0.85;Condition normale pour la saison.
MMB4006;2017-08-15;S01;Z02;B4;12;0.12;0.47;Rien à signaler.
MMB4006;2017-09-15;S01;Z02;B4;12;0.18;0.19;Légère variabilité observée.
MMB4006;2017-10-15;S01;Z02;B4;12;0.34;0.29;Légère variabilité observée.
MMB4007;2017-05-15;S01;Z02;B4;12;0.70;0.78;Condition normale pour la saison.
MMB4007;2017-06-15;S01;Z02;B4;12;0.34;0.60;Rien à signaler.
MMB4007;2017-07-15;S01;Z02;B4;12;0.24;0.13;Condition normale pour la saison.
MMB4007;2017-08-15;S01;Z02;B4;12;0.71;0.93;Condition normale pour la saison.
MMB4007;2017-09-15;S01;Z02;B4;12;0.72;0.13;Condition normale pour la saison.
MMB4008;2017-05-15;S01;Z02;B4;12;0.65;0.15;Légère variabilité observée.
MMB4008;2017-06-15;S01;Z02;B4;12;0.31;0.46;Légère variabilité observée.
MMB4008;2017-07-15;S01;Z02;B4;12;0.28;0.13;Légère variabilité observée.
MMB4008;2017-08-15;S01;Z02;B4;12;0.62;0.46;Condition normale pour la saison.
MMB4008;2017-09-15;S01;Z02;B4;12;0.29;0.90;Légère variabilité observée.
MMB4008;2017-10-15;S01;Z02;B4;12;0.38;0.73;Condition normale pour la saison.
MMB4009;2017-05-15;S01;Z02;B4;12;0.47;0.24;Condition normale pour la saison.
MMB4009;2017-06-15;S01;Z02;B4;12;0.75;0.67;Légère variabilité observée.
MMB4009;2017-07-15;S01;Z02;B4;12;0.26;0.17;Condition normale pour la saison.
MMB4009;2017-08-15;S01;Z02;B4;12;0.76;0.59;Condition normale pour la saison.
MMB4009;2017-09-15;S01;Z02;B4;12;0.91;0.34;Condition normale pour la saison.
MMB4009;2017-10-15;S01;Z02;B4;12;0.74;0.17;Condition normale pour la saison.
MMB4010;2017-05-15;S01;Z02;B4;12;0.71;0.17;Condition normale pour la saison.
MMB4010;2017-06-15;S01;Z02;B4;12;0.49;0.67;Condition normale pour la saison.
MMB4010;2017-07-15;S01;Z02;B4;12;0.59;0.07;Rien à signaler.
MMB4010;2017-08-15;S01;Z02;B4;12;0.76;0.62;Rien à signaler.
MMB4010;2017-09-15;S01;Z02;B4;12;0.54;0.43;Condition normale pour la saison.
MMB4010;2017-10-15;S01;Z02;B4;12;0.41;0.48;Rien à signaler.
MMB4011;2017-05-15;S01;Z02;B4;12;0.81;0.52;Condition normale pour la saison.
MMB4011;2017-06-15;S01;Z02;B4;12;0.58;0.74;Légère variabilité observée.
MMB4011;2017-07-15;S01;Z02;B4;12;0.60;0.39;Condition normale pour la saison.
MMB4011;2017-08-15;S01;Z02;B4;12;0.30;0.12;Condition normale pour la saison.
MMB4011;2017-09-15;S01;Z02;B4;12;0.18;0.60;Condition normale pour la saison.
MMB4011;2017-10-15;S01;Z02;B4;12;0.72;0.18;Condition normale pour la saison.
MMB4012;2017-05-15;S01;Z02;B4;12;0.88;0.45;Condition normale pour la saison.
MMB4012;2017-06-15;S01;Z02;B4;12;0.92;0.61;Condition normale pour la saison.
MMB4012;2017-07-15;S01;Z02;B4;12;0.15;0.09;Rien à signaler.
MMB4012;2017-08-15;S01;Z02;B4;12;0.63;0.75;Condition normale pour la saison.
MMB4012;2017-09-15;S01;Z02;B4;12;0.15;0.33;Condition normale pour la saison.
MMB4012;2017-10-15;S01;Z02;B4;12;0.64;0.30;Rien à signaler.
MMB4013;2017-05-15;S01;Z02;B4;12;0.82;0.60;Légère variabilité observée.
MMB4013;2017-06-15;S01;Z02;B4;12;0.77;0.80;Légère variabilité observée.
MMB4013;2017-07-15;S01;Z02;B4;12;0.18;0.79;Rien à signaler.
MMB4013;2017-08-15;S01;Z02;B4;12;0.14;0.67;Légère variabilité observée.
MMB4013;2017-09-15;S01;Z02;B4;12;0.54;0.57;Rien à signaler.
MMB4013;2017-10-15;S01;Z02;B4;12;0.26;0.56;Rien à signaler.
MMB4014;2017-05-15;S01;Z02;B4;12;0.44;0.26;Condition normale pour la saison.
MMB4014;2017-06-15;S01;Z02;B4;12;0.06;0.31;Condition normale pour la saison.
MMB4014;2017-07-15;S01;Z02;B4;12;0.39;0.82;Rien à signaler.
MMB4014;2017-08-15;S01;Z02;B4;12;0.75;0.49;Légère variabilité observée.
MMB4014;2017-09-15;S01;Z02;B4;12;0.36;0.16;Légère variabilité observée.
MMB4014;2017-10-15;S01;Z02;B4;12;0.64;0.66;Légère variabilité observée.
MMB4015;2017-05-15;S01;Z02;B4;12;0.70;0.07;Condition normale pour la saison.
MMB4015;2017-06-15;S01;Z02;B4;12;0.85;0.43;Condition normale pour la saison.
MMB4015;2017-07-15;S01;Z02;B4;12;0.39;0.46;Condition normale pour la saison.
MMB4015;2017-08-15;S01;Z02;B4;12;0.90;0.47;Condition normale pour la saison.
MMB4015;2017-09-15;S01;Z02;B4;12;0.47;0.69;Condition normale pour la saison.
MMB4015;2017-10-15;S01;Z02;B4;12;0.54;0.84;Condition normale pour la saison.
MMB4016;2017-05-15;S01;Z02;B4;12;0.40;0.73;Condition normale pour la saison.
MMB4016;2017-06-15;S01;Z02;B4;12;0.59;0.30;Condition normale pour la saison.
MMB4016;2017-07-15;S01;Z02;B4;12;0.20;0.30;Rien à signaler.
MMB4016;2017-08-15;S01;Z02;B4;12;0.32;0.60;Condition normale pour la saison.
MMB4016;2017-09-15;S01;Z02;B4;12;0.60;0.06;Légère variabilité observée.
MMB4016;2017-10-15;S01;Z02;B4;12;0.93;0.92;Condition normale pour la saison.
MMB4017;2017-05-15;S01;Z02;B4;12;0.46;0.23;Légère variabilité observée.
MMB4017;2017-06-15;S01;Z02;B4;12;0.39;0.73;Condition normale pour la saison.
MMB4017;2017-07-15;S01;Z02;B4;12;0.15;0.13;Rien à signaler.
MMB4017;2017-08-15;S01;Z02;B4;12;0.42;0.32;Condition normale pour la saison.
MMB4017;2017-09-15;S01;Z02;B4;12;0.49;0.64;Rien à signaler.
MMB4017;2017-10-15;S01;Z02;B4;12;0.34;0.22;Rien à signaler.
MMB4018;2017-05-15;S01;Z02;B4;12;0.06;0.60;Condition normale pour la saison.
MMB4018;2017-06-15;S01;Z02;B4;12;0.48;0.95;Rien à signaler.
MMB4018;2017-07-15;S01;Z02;B4;12;0.46;0.08;Légère variabilité observée.
MMB4018;2017-08-15;S01;Z02;B4;12;0.45;0.78;Condition normale pour la saison.
MMB4018;2017-09-15;S01;Z02;B4;12;0.37;0.59;Condition normale pour la saison.
MMB4018;2017-10-15;S01;Z02;B4;12;0.36;0.29;Légère variabilité observée.
MMB4019;2017-05-15;S01;Z02;B4;12;0.82;0.78;Légère variabilité observée.
MMB4019;2017-06-15;S01;Z02;B4;12;0.41;0.25;Condition normale pour la saison.
MMB4019;2017-07-15;S01;Z02;B4;12;0.78;0.43;Légère variabilité observée.
MMB4019;2017-08-15;S01;Z02;B4;12;0.73;0.34;Condition normale pour la saison.
MMB4019;2017-09-15;S01;Z02;B4;12;0.44;0.91;Condition normale pour la saison.
MMB4019;2017-10-15;S01;Z02;B4;12;0.10;0.13;Condition normale pour la saison.
MMB4020;2017-05-15;S01;Z02;B4;12;0.86;0.34;Rien à signaler.
MMB4020;2017-06-15;S01;Z02;B4;12;0.94;0.65;Condition normale pour la saison.
MMB4020;2017-07-15;S01;Z02;B4;12;0.08;0.10;Légère variabilité observée.
MMB4020;2017-08-15;S01;Z02;B4;12;0.45;0.58;Légère variabilité observée.
MMB4020;2017-09-15;S01;Z02;B4;12;0.23;0.66;Légère variabilité observée.
MMB4020;2017-10-15;S01;Z02;B4;12;0.34;0.93;Condition normale pour la saison.
MMB4021;2017-05-15;S01;Z02;B4;12;0.58;0.19;Légère variabilité observée.
MMB4021;2017-06-15;S01;Z02;B4;12;0.90;0.57;Légère variabilité observée.
MMB4021;2017-07-15;S01;Z02;B4;12;0.64;0.75;Condition normale pour la saison.
MMB4021;2017-08-15;S01;Z02;B4;12;0.13;0.38;Légère variabilité observée.
MMB4021;2017-09-15;S01;Z02;B4;12;0.87;0.94;Légère variabilité observée.
MMB4021;2017-10-15;S01;Z02;B4;12;0.05;0.90;Rien à signaler.
MMB4022;2017-05-15;S01;Z02;B4;12;0.52;0.17;Condition normale pour la saison.
MMB4022;2017-06-15;S01;Z02;B4;12;0.25;0.93;Condition normale pour la saison.
MMB4022;2017-07-15;S01;Z02;B4;12;0.91;0.37;Condition normale pour la saison.
MMB4022;2017-08-15;S01;Z02;B4;12;0.31;0.71;Condition normale pour la saison.
MMB4022;2017-09-15;S01;Z02;B4;12;0.38;0.44;Condition normale pour la saison.
MMB4022;2017-10-15;S01;Z02;B4;12;0.44;0.60;Condition normale pour la saison.
MMB4023;2017-05-15;S01;Z02;B4;12;0.55;0.32;Rien à signaler.
MMB4023;2017-06-15;S01;Z02;B4;12;0.81;0.37;Rien à signaler.
MMB4023;2017-07-15;S01;Z02;B4;12;0.48;0.13;Légère variabilité observée.
MMB4023;2017-08-15;S01;Z02;B4;12;0.41;0.61;Condition normale pour la saison.
MMB4023;2017-09-15;S01;Z02;B4;12;0.23;0.07;Condition normale pour la saison.
MMB4023;2017-10-15;S01;Z02;B4;12;0.86;0.66;Rien à signaler.
MMB4024;2017-05-15;S01;Z02;B4;12;0.17;0.12;Rien à signaler.
MMB4024;2017-06-15;S01;Z02;B4;12;0.40;0.29;Rien à signaler.
MMB4024;2017-07-15;S01;Z02;B4;12;0.48;0.24;Légère variabilité observée.
MMB4024;2017-08-15;S01;Z02;B4;12;0.52;0.16;Condition normale pour la saison.
MMB4024;2017-09-15;S01;Z02;B4;12;0.11;0.46;Condition normale pour la saison.
MMB4024;2017-10-15;S01;Z02;B4;12;0.91;0.86;Rien à signaler.
MMB4025;2017-05-15;S01;Z02;B4;12;0.18;0.55;Légère variabilité observée.
MMB4025;2017-06-15;S01;Z02;B4;12;0.74;0.15;Condition normale pour la saison.
MMB4025;2017-07-15;S01;Z02;B4;12;0.55;0.80;Légère variabilité observée.
MMB4025;2017-08-15;S01;Z02;B4;12;0.77;0.48;Condition normale pour la saison.
MMB4025;2017-09-15;S01;Z02;B4;12;0.22;0.84;Rien à signaler.
MMB4025;2017-10-15;S01;Z02;B4;12;0.54;0.62;Rien à signaler.
MMB4026;2017-05-15;S01;Z02;B4;12;0.43;0.94;Condition normale pour la saison.
MMB4026;2017-06-15;S01;Z02;B4;12;0.93;0.69;Condition normale pour la saison.
MMB4026;2017-07-15;S01;Z02;B4;12;0.42;0.92;Légère variabilité observée.
MMB4026;2017-08-15;S01;Z02;B4;12;0.53;0.13;Condition normale pour la saison.
MMB4026;2017-09-15;S01;Z02;B4;12;0.19;0.93;Légère variabilité observée.
MMB4026;2017-10-15;S01;Z02;B4;12;0.50;0.36;Rien à signaler.
MMB4027;2017-05-15;S01;Z02;B4;12;0.69;0.49;Condition normale pour la saison.
MMB4027;2017-06-15;S01;Z02;B4;12;0.64;0.35;Condition normale pour la saison.
MMB4027;2017-07-15;S01;Z02;B4;12;0.79;0.80;Rien à signaler.
MMB4027;2017-08-15;S01;Z02;B4;12;0.70;0.72;Condition normale pour la saison.
MMB4027;2017-09-15;S01;Z02;B4;12;0.64;0.60;Condition normale pour la saison.
MMB4027;2017-10-15;S01;Z02;B4;12;0.83;0.53;Légère variabilité observée.
MMB4028;2017-05-15;S01;Z02;B4;12;0.24;0.11;Légère variabilité observée.
MMB4028;2017-06-15;S01;Z02;B4;12;0.33;0.72;Condition normale pour la saison.
MMB4028;2017-07-15;S01;Z02;B4;12;0.93;0.52;Condition normale pour la saison.
MMB4028;2017-08-15;S01;Z02;B4;12;0.87;0.66;Rien à signaler.
MMB4028;2017-09-15;S01;Z02;B4;12;0.20;0.16;Rien à signaler.
MMB4028;2017-10-15;S01;Z02;B4;12;0.93;0.07;Légère variabilité observée.
MMB4029;2017-05-15;S01;Z02;B4;12;0.06;0.62;Légère variabilité observée.
MMB4029;2017-06-15;S01;Z02;B4;12;0.33;0.61;Rien à signaler.
MMB4029;2017-07-15;S01;Z02;B4;12;0.77;0.51;Légère variabilité observée.
MMB4029;2017-08-15;S01;Z02;B4;12;0.57;0.06;Condition normale pour la saison.
MMB4029;2017-09-15;S01;Z02;B4;12;0.10;0.29;Condition normale pour la saison.
MMB4029;2017-10-15;S01;Z02;B4;12;0.69;0.69;Condition normale pour la saison.
MMB4030;2017-05-15;S01;Z02;B4;12;0.69;0.53;Légère variabilité observée.
MMB4030;2017-06-15;S01;Z02;B4;12;0.29;0.15;Condition normale pour la saison.
MMB4030;2017-07-15;S01;Z02;B4;12;0.67;0.13;Rien à signaler.
MMB4030;2017-08-15;S01;Z02;B4;12;0.22;0.61;Rien à signaler.
MMB4030;2017-09-15;S01;Z02;B4;12;0.37;0.37;Condition normale pour la saison.
MMB4030;2017-10-15;S01;Z02;B4;12;0.17;0.87;Rien à signaler.
MMB4031;2017-05-15;S01;Z02;B4;12;0.05;0.30;Rien à signaler.
MMB4031;2017-06-15;S01;Z02;B4;12;0.89;0.64;Légère variabilité observée.
MMB4031;2017-07-15;S01;Z02;B4;12;0.73;0.55;Condition normale pour la saison.
MMB4031;2017-08-15;S01;Z02;B4;12;0.64;0.28;Condition normale pour la saison.
MMB4031;2017-09-15;S01;Z02;B4;12;0.38;0.52;Légère variabilité observée.
MMB4031;2017-10-15;S01;Z02;B4;12;0.69;0.65;Condition normale pour la saison.
MMB4032;2017-05-15;S01;Z02;B4;12;0.65;0.47;Légère variabilité observée.
MMB4032;2017-06-15;S01;Z02;B4;12;0.45;0.08;Rien à signaler.
MMB4032;2017-07-15;S01;Z02;B4;12;0.23;0.81;Condition normale pour la saison.
MMB4032;2017-08-15;S01;Z02;B4;12;0.32;0.07;Légère variabilité observée.
MMB4032;2017-09-15;S01;Z02;B4;12;0.05;0.07;Condition normale pour la saison.
MMB4032;2017-10-15;S01;Z02;B4;12;0.86;0.43;Condition normale pour la saison.
MMB4033;2017-05-15;S01;Z02;B4;12;0.61;0.52;Condition normale pour la saison.
MMB4033;2017-06-15;S01;Z02;B4;12;0.23;0.63;Condition normale pour la saison.
MMB4033;2017-07-15;S01;Z02;B4;12;0.50;0.81;Légère variabilité observée.
MMB4033;2017-08-15;S01;Z02;B4;12;0.18;0.45;Rien à signaler.
MMB4033;2017-09-15;S01;Z02;B4;12;0.46;0.93;Légère variabilité observée.
MMB4033;2017-10-15;S01;Z02;B4;12;0.58;0.39;Légère variabilité observée.
MMB4034;2017-05-15;S01;Z02;B4;12;0.36;0.87;Condition normale pour la saison.
MMB4034;2017-06-15;S01;Z02;B4;12;0.36;0.38;Légère variabilité observée.
MMB4034;2017-07-15;S01;Z02;B4;12;0.56;0.36;Légère variabilité observée.
MMB4034;2017-08-15;S01;Z02;B4;12;0.75;0.69;Condition normale pour la saison.
MMB4034;2017-09-15;S01;Z02;B4;12;0.92;0.13;Légère variabilité observée.
MMB4034;2017-10-15;S01;Z02;B4;12;0.63;0.38;Rien à signaler.
MMB4035;2017-05-15;S01;Z02;B4;12;0.68;0.89;Condition normale pour la saison.
MMB4035;2017-06-15;S01;Z02;B4;12;0.83;0.69;Rien à signaler.
MMB4035;2017-07-15;S01;Z02;B4;12;0.41;0.65;Condition normale pour la saison.
MMB4035;2017-08-15;S01;Z02;B4;12;0.72;0.40;Condition normale pour la saison.
MMB4035;2017-09-15;S01;Z02;B4;12;0.78;0.52;Rien à signaler.
MMB4035;2017-10-15;S01;Z02;B4;12;0.10;0.90;Condition normale pour la saison.
MMB4036;2017-05-15;S01;Z02;B4;12;0.91;0.84;Condition normale pour la saison.
MMB4036;2017-06-15;S01;Z02;B4;12;0.75;0.28;Légère variabilité observée.
MMB4036;2017-07-15;S01;Z02;B4;12;0.72;0.27;Condition normale pour la saison.
MMB4036;2017-08-15;S01;Z02;B4;12;0.21;0.77;Rien à signaler.
MMB4036;2017-09-15;S01;Z02;B4;12;0.20;0.42;Rien à signaler.
MMB4036;2017-10-15;S01;Z02;B4;12;0.77;0.07;Légère variabilité observée.
MMB4037;2017-05-15;S01;Z02;B4;12;0.88;0.91;Légère variabilité observée.
MMB4037;2017-06-15;S01;Z02;B4;12;0.91;0.81;Légère variabilité observée.
MMB4037;2017-07-15;S01;Z02;B4;12;0.58;0.13;Condition normale pour la saison.
MMB4037;2017-08-15;S01;Z02;B4;12;0.26;0.47;Condition normale pour la saison.
MMB4037;2017-09-15;S01;Z02;B4;12;0.90;0.44;Condition normale pour la saison.
MMB4037;2017-10-15;S01;Z02;B4;12;0.79;0.74;Rien à signaler.
MMB4038;2017-05-15;S01;Z02;B4;12;0.24;0.25;Condition normale pour la saison.
MMB4038;2017-06-15;S01;Z02;B4;12;0.41;0.23;Condition normale pour la saison.
MMB4038;2017-07-15;S01;Z02;B4;12;0.53;0.12;Rien à signaler.
MMB4038;2017-08-15;S01;Z02;B4;12;0.80;0.51;Condition normale pour la saison.
MMB4038;2017-09-15;S01;Z02;B4;12;0.22;0.09;Rien à signaler.
MMB4038;2017-10-15;S01;Z02;B4;12;0.57;0.17;Rien à signaler.
MMB4039;2017-05-15;S01;Z02;B4;12;0.21;0.41;Légère variabilité observée.
MMB4039;2017-06-15;S01;Z02;B4;12;0.46;0.81;Condition normale pour la saison.
MMB4039;2017-07-15;S01;Z02;B4;12;0.46;0.17;Rien à signaler.
MMB4039;2017-08-15;S01;Z02;B4;12;0.90;0.66;Condition normale pour la saison.
MMB4039;2017-09-15;S01;Z02;B4;12;0.25;0.78;Rien à signaler.
MMB4039;2017-10-15;S01;Z02;B4;12;0.06;0.13;Légère variabilité observée.
MMB4040;2017-05-15;S01;Z02;B4;12;0.08;0.06;Condition normale pour la saison.
MMB4040;2017-06-15;S01;Z02;B4;12;0.42;0.33;Condition normale pour la saison.
MMB4040;2017-07-15;S01;Z02;B4;12;0.44;0.63;Légère variabilité observée.
MMB4040;2017-08-15;S01;Z02;B4;12;0.73;0.83;Légère variabilité observée.
MMB4040;2017-09-15;S01;Z02;B4;12;0.81;0.48;Condition normale pour la saison.
MMB4040;2017-10-15;S01;Z02;B4;12;0.12;0.49;Légère variabilité observée.
MMB4041;2017-05-15;S01;Z02;B4;12;0.43;0.07;Condition normale pour la saison.
MMB4041;2017-06-15;S01;Z02;B4;12;0.18;0.18;Condition normale pour la saison.
MMB4041;2017-07-15;S01;Z02;B4;12;0.07;0.86;Condition normale pour la saison.
MMB4041;2017-08-15;S01;Z02;B4;12;0.13;0.88;Rien à signaler.
MMB4041;2017-09-15;S01;Z02;B4;12;0.55;0.66;Condition normale pour la saison.
MMB4041;2017-10-15;S01;Z02;B4;12;0.67;0.62;Condition normale pour la saison.
MMB4042;2017-05-15;S01;Z02;B4;12;0.32;0.52;Condition normale pour la saison.
MMB4042;2017-06-15;S01;Z02;B4;12;0.53;0.18;Rien à signaler.
MMB4042;2017-07-15;S01;Z02;B4;12;0.27;0.46;Condition normale pour la saison.
MMB4042;2017-08-15;S01;Z02;B4;12;0.41;0.85;Légère variabilité observée.
MMB4042;2017-09-15;S01;Z02;B4;12;0.46;0.32;Légère variabilité observée.
MMB4042;2017-10-15;S01;Z02;B4;12;0.70;0.85;Légère variabilité observée.
MMB4043;2017-05-15;S01;Z02;B4;12;0.91;0.45;Condition normale pour la saison.
MMB4043;2017-06-15;S01;Z02;B4;12;0.64;0.06;Rien à signaler.
MMB4043;2017-07-15;S01;Z02;B4;12;0.14;0.89;Rien à signaler.
MMB4043;2017-08-15;S01;Z02;B4;12;0.22;0.33;Condition normale pour la saison.
MMB4043;2017-09-15;S01;Z02;B4;12;0.40;0.67;Légère variabilité observée.
MMB4043;2017-10-15;S01;Z02;B4;12;0.86;0.71;Condition normale pour la saison.
MMB4044;2017-05-15;S01;Z02;B4;12;0.13;0.80;Légère variabilité observée.
MMB4044;2017-06-15;S01;Z02;B4;12;0.05;0.77;Condition normale pour la saison.
MMB4044;2017-07-15;S01;Z02;B4;12;0.15;0.92;Condition normale pour la saison.
MMB4044;2017-08-15;S01;Z02;B4;12;0.43;0.51;Condition normale pour la saison.
MMB4044;2017-09-15;S01;Z02;B4;12;0.26;0.33;Condition normale pour la saison.
MMB4044;2017-10-15;S01;Z02;B4;12;0.75;0.15;Rien à signaler.
MMB4045;2017-05-15;S01;Z02;B4;12;0.68;0.20;Condition normale pour la saison.
MMB4045;2017-06-15;S01;Z02;B4;12;0.93;0.42;Légère variabilité observée.
MMB4045;2017-07-15;S01;Z02;B4;12;0.65;0.88;Condition normale pour la saison.
MMB4045;2017-08-15;S01;Z02;B4;12;0.67;0.73;Rien à signaler.
MMB4045;2017-09-15;S01;Z02;B4;12;0.43;0.90;Condition normale pour la saison.
MMB4045;2017-10-15;S01;Z02;B4;12;0.50;0.34;Légère variabilité observée.
MMB4046;2017-05-15;S01;Z02;B4;12;0.26;0.63;Condition normale pour la saison.
MMB4046;2017-06-15;S01;Z02;B4;12;0.07;0.78;Condition normale pour la saison.
MMB4046;2017-07-15;S01;Z02;B4;12;0.90;0.25;Condition normale pour la saison.
MMB4046;2017-08-15;S01;Z02;B4;12;0.54;0.70;Légère variabilité observée.
MMB4046;2017-09-15;S01;Z02;B4;12;0.90;0.94;Condition normale pour la saison.
MMB4046;2017-10-15;S01;Z02;B4;12;0.35;0.62;Condition normale pour la saison.
MMB4047;2017-05-15;S01;Z02;B4;12;0.26;0.06;Condition normale pour la saison.
MMB4047;2017-06-15;S01;Z02;B4;12;0.61;0.48;Condition normale pour la saison.
MMB4047;2017-07-15;S01;Z02;B4;12;0.49;0.62;Rien à signaler.
MMB4047;2017-08-15;S01;Z02;B4;12;0.65;0.24;Légère variabilité observée.
MMB4047;2017-09-15;S01;Z02;B4;12;0.85;0.95;Condition normale pour la saison.
MMB4047;2017-10-15;S01;Z02;B4;12;0.92;0.40;Condition normale pour la saison.
MMB4048;2017-05-15;S01;Z02;B4;12;0.55;0.76;Légère variabilité observée.
MMB4048;2017-06-15;S01;Z02;B4;12;0.58;0.07;Condition normale pour la saison.
MMB4048;2017-07-15;S01;Z02;B4;12;0.57;0.53;Rien à signaler.
MMB4048;2017-08-15;S01;Z02;B4;12;0.56;0.82;Rien à signaler.
MMB4048;2017-09-15;S01;Z02;B4;12;0.69;0.55;Légère variabilité observée.
MMB4048;2017-10-15;S01;Z02;B4;12;0.50;0.40;Légère variabilité observée.
MMB4049;2017-05-15;S01;Z02;B4;12;0.86;0.61;Condition normale pour la saison.
MMB4049;2017-06-15;S01;Z02;B4;12;0.39;0.61;Condition normale pour la saison.
MMB4049;2017-07-15;S01;Z02;B4;12;0.69;0.10;Légère variabilité observée.
MMB4049;2017-08-15;S01;Z02;B4;12;0.24;0.51;Condition normale pour la saison.
MMB4049;2017-09-15;S01;Z02;B4;12;0.80;0.48;Légère variabilité observée.
MMB4049;2017-10-15;S01;Z02;B4;12;0.71;0.50;Condition normale pour la saison.
MMB4050;2017-05-15;S01;Z02;B4;12;0.16;0.73;Rien à signaler.
MMB4050;2017-06-15;S01;Z02;B4;12;0.91;0.76;Condition normale pour la saison.
MMB4050;2017-07-15;S01;Z02;B4;12;0.31;0.70;Condition normale pour la saison.
MMB4050;2017-08-15;S01;Z02;B4;12;0.43;0.48;Condition normale pour la saison.
MMB4050;2017-09-15;S01;Z02;B4;12;0.80;0.69;Rien à signaler.
MMB4050;2017-10-15;S01;Z02;B4;12;0.30;0.83;Légère variabilité observée.
MMB4051;2017-05-15;S01;Z02;B4;12;0.31;0.40;Rien à signaler.
MMB4051;2017-06-15;S01;Z02;B4;12;0.78;0.15;Légère variabilité observée.
MMB4051;2017-07-15;S01;Z02;B4;12;0.60;0.76;Rien à signaler.
MMB4051;2017-08-15;S01;Z02;B4;12;0.42;0.66;Condition normale pour la saison.
MMB4051;2017-09-15;S01;Z02;B4;12;0.07;0.67;Légère variabilité observée.
MMB4051;2017-10-15;S01;Z02;B4;12;0.63;0.75;Légère variabilité observée.
MMB4052;2017-05-15;S01;Z02;B4;12;0.24;0.75;Condition normale pour la saison.
MMB4052;2017-06-15;S01;Z02;B4;12;0.37;0.28;Condition normale pour la saison.
MMB4052;2017-07-15;S01;Z02;B4;12;0.39;0.10;Rien à signaler.
MMB4052;2017-08-15;S01;Z02;B4;12;0.90;0.78;Condition normale pour la saison.
MMB4052;2017-09-15;S01;Z02;B4;12;0.71;0.59;Condition normale pour la saison.
MMB4052;2017-10-15;S01;Z02;B4;12;0.92;0.93;Légère variabilité observée.
MMB4053;2017-05-15;S01;Z02;B4;12;0.85;0.58;Légère variabilité observée.
MMB4053;2017-06-15;S01;Z02;B4;12;0.62;0.58;Rien à signaler.
MMB4053;2017-07-15;S01;Z02;B4;12;0.31;0.11;Rien à signaler.
MMB4053;2017-08-15;S01;Z02;B4;12;0.84;0.79;Condition normale pour la saison.
MMB4053;2017-09-15;S01;Z02;B4;12;0.21;0.34;Condition normale pour la saison.
MMB4053;2017-10-15;S01;Z02;B4;12;0.07;0.92;Condition normale pour la saison.
MMB4054;2017-05-15;S01;Z02;B4;12;0.64;0.52;Condition normale pour la saison.
MMB4054;2017-06-15;S01;Z02;B4;12;0.52;0.58;Rien à signaler.
MMB4054;2017-07-15;S01;Z02;B4;12;0.83;0.25;Légère variabilité observée.
MMB4054;2017-08-15;S01;Z02;B4;12;0.15;0.54;Légère variabilité observée.
MMB4054;2017-09-15;S01;Z02;B4;12;0.35;0.84;Condition normale pour la saison.
MMB4054;2017-10-15;S01;Z02;B4;12;0.51;0.33;Condition normale pour la saison.
MMB4055;2017-05-15;S01;Z02;B4;12;0.63;0.59;Condition normale pour la saison.
MMB4055;2017-06-15;S01;Z02;B4;12;0.35;0.52;Légère variabilité observée.
MMB4055;2017-07-15;S01;Z02;B4;12;0.87;0.86;Rien à signaler.
MMB4055;2017-08-15;S01;Z02;B4;12;0.35;0.22;Condition normale pour la saison.
MMB4055;2017-09-15;S01;Z02;B4;12;0.82;0.26;Condition normale pour la saison.
MMB4055;2017-10-15;S01;Z02;B4;12;0.63;0.52;Condition normale pour la saison.
MMB4056;2017-05-15;S01;Z02;B4;12;0.65;0.54;Condition normale pour la saison.
MMB4056;2017-06-15;S01;Z02;B4;12;0.65;0.43;Condition normale pour la saison.
MMB4056;2017-07-15;S01;Z02;B4;12;0.36;0.67;Condition normale pour la saison.
MMB4056;2017-08-15;S01;Z02;B4;12;0.75;0.38;Rien à signaler.
MMB4056;2017-09-15;S01;Z02;B4;12;0.43;0.71;Condition normale pour la saison.
MMB4056;2017-10-15;S01;Z02;B4;12;0.44;0.60;Rien à signaler.
MMB4057;2017-05-15;S01;Z02;B4;12;0.82;0.82;Rien à signaler.
MMB4057;2017-06-15;S01;Z02;B4;12;0.51;0.53;Condition normale pour la saison.
MMB4057;2017-07-15;S01;Z02;B4;12;0.37;0.54;Condition normale pour la saison.
MMB4057;2017-08-15;S01;Z02;B4;12;0.38;0.84;Condition normale pour la saison.
MMB4057;2017-09-15;S01;Z02;B4;12;0.33;0.65;Condition normale pour la saison.
MMB4057;2017-10-15;S01;Z02;B4;12;0.25;0.39;Condition normale pour la saison.
MMB4058;2017-05-15;S01;Z02;B4;12;0.85;0.25;Légère variabilité observée.
MMB4058;2017-06-15;S01;Z02;B4;12;0.47;0.70;Légère variabilité observée.
MMB4058;2017-07-15;S01;Z02;B4;12;0.66;0.62;Rien à signaler.
MMB4058;2017-08-15;S01;Z02;B4;12;0.09;0.18;Condition normale pour la saison.
MMB4058;2017-09-15;S01;Z02;B4;12;0.71;0.64;Condition normale pour la saison.
MMB4058;2017-10-15;S01;Z02;B4;12;0.48;0.32;Rien à signaler.
MMB4059;2017-05-15;S01;Z02;B4;12;0.53;0.29;Légère variabilité observée.
MMB4059;2017-06-15;S01;Z02;B4;12;0.74;0.22;Condition normale pour la saison.
MMB4059;2017-07-15;S01;Z02;B4;12;0.65;0.81;Légère variabilité observée.
MMB4059;2017-08-15;S01;Z02;B4;12;0.58;0.36;Condition normale pour la saison.
MMB4059;2017-09-15;S01;Z02;B4;12;0.57;0.94;Condition normale pour la saison.
MMB4059;2017-10-15;S01;Z02;B4;12;0.71;0.47;Condition normale pour la saison.
MMB4060;2017-05-15;S01;Z02;B4;12;0.32;0.16;Rien à signaler.
MMB4060;2017-06-15;S01;Z02;B4;12;0.51;0.64;Condition normale pour la saison.
MMB4060;2017-07-15;S01;Z02;B4;12;0.58;0.17;Légère variabilité observée.
MMB4060;2017-08-15;S01;Z02;B4;12;0.50;0.88;Condition normale pour la saison.
MMB4060;2017-09-15;S01;Z02;B4;12;0.47;0.80;Condition normale pour la saison.
MMB4060;2017-10-15;S01;Z02;B4;12;0.82;0.52;Légère variabilité observée.
MMB4061;2017-05-15;S01;Z02;B4;12;0.17;0.27;Légère variabilité observée.
MMB4061;2017-06-15;S01;Z02;B4;12;0.46;0.53;Condition normale pour la saison.
MMB4061;2017-07-15;S01;Z02;B4;12;0.89;0.17;Légère variabilité observée.
MMB4061;2017-08-15;S01;Z02;B4;12;0.37;0.72;Rien à signaler.
MMB4061;2017-09-15;S01;Z02;B4;12;0.57;0.84;Légère variabilité observée.
MMB4061;2017-10-15;S01;Z02;B4;12;0.92;0.56;Rien à signaler.
MMB4062;2017-05-15;S01;Z02;B4;12;0.68;0.91;Condition normale pour la saison.
MMB4062;2017-06-15;S01;Z02;B4;12;0.70;0.73;Condition normale pour la saison.
MMB4062;2017-07-15;S01;Z02;B4;12;0.27;0.82;Condition normale pour la saison.
MMB4062;2017-08-15;S01;Z02;B4;12;0.81;0.90;Rien à signaler.
MMB4062;2017-09-15;S01;Z02;B4;12;0.42;0.35;Légère variabilité observée.
MMB4062;2017-10-15;S01;Z02;B4;12;0.54;0.53;Rien à signaler.
MMB4063;2017-05-15;S01;Z02;B4;12;0.08;0.29;Condition normale pour la saison.
MMB4063;2017-06-15;S01;Z02;B4;12;0.81;0.94;Condition normale pour la saison.
MMB4063;2017-07-15;S01;Z02;B4;12;0.92;0.50;Condition normale pour la saison.
MMB4063;2017-08-15;S01;Z02;B4;12;0.27;0.69;Condition normale pour la saison.
MMB4063;2017-09-15;S01;Z02;B4;12;0.91;0.57;Condition normale pour la saison.
MMB4063;2017-10-15;S01;Z02;B4;12;0.34;0.89;Rien à signaler.
MMB4064;2017-05-15;S01;Z02;B4;12;0.56;0.23;Condition normale pour la saison.
MMB4064;2017-06-15;S01;Z02;B4;12;0.90;0.88;Condition normale pour la saison.
MMB4064;2017-07-15;S01;Z02;B4;12;0.08;0.11;Condition normale pour la saison.
MMB4064;2017-08-15;S01;Z02;B4;12;0.86;0.76;Légère variabilité observée.
MMB4064;2017-09-15;S01;Z02;B4;12;0.20;0.78;Rien à signaler.
MMB4064;2017-10-15;S01;Z02;B4;12;0.92;0.79;Rien à signaler.
MMB4065;2017-05-15;S01;Z02;B4;12;0.09;0.51;Rien à signaler.
MMB4065;2017-06-15;S01;Z02;B4;12;0.69;0.75;Légère variabilité observée.
MMB4065;2017-07-15;S01;Z02;B4;12;0.63;0.39;Rien à signaler.
MMB4065;2017-08-15;S01;Z02;B4;12;0.53;0.46;Condition normale pour la saison.
MMB4065;2017-09-15;S01;Z02;B4;12;0.58;0.74;Légère variabilité observée.
MMB4065;2017-10-15;S01;Z02;B4;12;0.61;0.16;Condition normale pour la saison.
MMB4066;2017-05-15;S01;Z02;B4;12;0.29;0.48;Condition normale pour la saison.
MMB4066;2017-06-15;S01;Z02;B4;12;0.61;0.50;Rien à signaler.
MMB4066;2017-07-15;S01;Z02;B4;12;0.56;0.14;Légère variabilité observée.
MMB4066;2017-08-15;S01;Z02;B4;12;0.85;0.14;Légère variabilité observée.
MMB4066;2017-09-15;S01;Z02;B4;12;0.53;0.76;Légère variabilité observée.
MMB4066;2017-10-15;S01;Z02;B4;12;0.79;0.59;Condition normale pour la saison.
MMB4067;2017-05-15;S01;Z02;B4;12;0.30;0.50;Condition normale pour la saison.
MMB4067;2017-06-15;S01;Z02;B4;12;0.58;0.19;Condition normale pour la saison.
MMB4067;2017-07-15;S01;Z02;B4;12;0.15;0.93;Rien à signaler.
MMB4067;2017-08-15;S01;Z02;B4;12;0.26;0.07;Rien à signaler.
MMB4067;2017-09-15;S01;Z02;B4;12;0.59;0.18;Rien à signaler.
MMB4067;2017-10-15;S01;Z02;B4;12;0.68;0.52;Condition normale pour la saison.
MMB4068;2017-05-15;S01;Z02;B4;12;0.32;0.54;Condition normale pour la saison.
MMB4068;2017-06-15;S01;Z02;B4;12;0.36;0.26;Condition normale pour la saison.
MMB4068;2017-07-15;S01;Z02;B4;12;0.82;0.84;Condition normale pour la saison.
MMB4068;2017-08-15;S01;Z02;B4;12;0.51;0.43;Légère variabilité observée.
MMB4068;2017-09-15;S01;Z02;B4;12;0.47;0.20;Condition normale pour la saison.
MMB4068;2017-10-15;S01;Z02;B4;12;0.63;0.52;Légère variabilité observée.
MMB4069;2017-05-15;S01;Z02;B4;12;0.92;0.93;Condition normale pour la saison.
MMB4069;2017-06-15;S01;Z02;B4;12;0.27;0.44;Condition normale pour la saison.
MMB4069;2017-07-15;S01;Z02;B4;12;0.40;0.24;Condition normale pour la saison.
MMB4069;2017-08-15;S01;Z02;B4;12;0.78;0.66;Condition normale pour la saison.
MMB4069;2017-09-15;S01;Z02;B4;12;0.73;0.87;Rien à signaler.
MMB4069;2017-10-15;S01;Z02;B4;12;0.34;0.33;Légère variabilité observée.
MMB4070;2017-05-15;S01;Z02;B4;12;0.87;0.48;Condition normale pour la saison.
MMB4070;2017-06-15;S01;Z02;B4;12;0.84;0.25;Rien à signaler.
MMB4070;2017-07-15;S01;Z02;B4;12;0.30;0.06;Condition normale pour la saison.
MMB4070;2017-08-15;S01;Z02;B4;12;0.92;0.13;Rien à signaler.
MMB4070;2017-09-15;S01;Z02;B4;12;0.61;0.29;Condition normale pour la saison.
MMB4070;2017-10-15;S01;Z02;B4;12;0.34;0.42;Légère variabilité observée.
MMB4071;2017-05-15;S01;Z02;B4;12;0.07;0.42;Rien à signaler.
MMB4071;2017-06-15;S01;Z02;B4;12;0.11;0.32;Condition normale pour la saison.
MMB4071;2017-07-15;S01;Z02;B4;12;0.19;0.11;Rien à signaler.
MMB4071;2017-08-15;S01;Z02;B4;12;0.52;0.75;Condition normale pour la saison.
MMB4071;2017-09-15;S01;Z02;B4;12;0.64;0.38;Rien à signaler.
MMB4071;2017-10-15;S01;Z02;B4;12;0.75;0.92;Légère variabilité observée.
MMB4072;2017-05-15;S01;Z02;B4;12;0.22;0.39;Condition normale pour la saison.
MMB4072;2017-06-15;S01;Z02;B4;12;0.06;0.40;Condition normale pour la saison.
MMB4072;2017-07-15;S01;Z02;B4;12;0.39;0.41;Condition normale pour la saison.
MMB4072;2017-08-15;S01;Z02;B4;12;0.42;0.88;Condition normale pour la saison.
MMB4072;2017-09-15;S01;Z02;B4;12;0.67;0.53;Condition normale pour la saison.
MMB4072;2017-10-15;S01;Z02;B4;12;0.88;0.73;Rien à signaler.
MMB4073;2017-05-15;S01;Z02;B4;12;0.45;0.69;Condition normale pour la saison.
MMB4073;2017-06-15;S01;Z02;B4;12;0.65;0.71;Rien à signaler.
MMB4073;2017-07-15;S01;Z02;B4;12;0.14;0.95;Condition normale pour la saison.
MMB4073;2017-08-15;S01;Z02;B4;12;0.72;0.22;Rien à signaler.
MMB4073;2017-09-15;S01;Z02;B4;12;0.25;0.91;Condition normale pour la saison.
MMB4073;2017-10-15;S01;Z02;B4;12;0.80;0.19;Légère variabilité observée.
MMB4074;2017-05-15;S01;Z02;B4;12;0.14;0.37;Légère variabilité observée.
MMB4074;2017-06-15;S01;Z02;B4;12;0.54;0.08;Condition normale pour la saison.
MMB4074;2017-07-15;S01;Z02;B4;12;0.05;0.37;Légère variabilité observée.
MMB4074;2017-08-15;S01;Z02;B4;12;0.26;0.07;Légère variabilité observée.
MMB4074;2017-09-15;S01;Z02;B4;12;0.55;0.76;Légère variabilité observée.
MMB4074;2017-10-15;S01;Z02;B4;12;0.12;0.08;Condition normale pour la saison.
MMB4075;2017-05-15;S01;Z02;B4;12;0.19;0.82;Légère variabilité observée.
MMB4075;2017-06-15;S01;Z02;B4;12;0.15;0.33;Légère variabilité observée.
MMB4075;2017-07-15;S01;Z02;B4;12;0.81;0.45;Rien à signaler.
MMB4075;2017-08-15;S01;Z02;B4;12;0.53;0.91;Condition normale pour la saison.
MMB4075;2017-09-15;S01;Z02;B4;12;0.24;0.83;Condition normale pour la saison.
MMB4075;2017-10-15;S01;Z02;B4;12;0.84;0.33;Rien à signaler.
MMB4076;2017-05-15;S01;Z02;B4;12;0.58;0.74;Condition normale pour la saison.
MMB4076;2017-06-15;S01;Z02;B4;12;0.75;0.29;Légère variabilité observée.
MMB4076;2017-07-15;S01;Z02;B4;12;0.69;0.61;Légère variabilité observée.
MMB4076;2017-08-15;S01;Z02;B4;12;0.68;0.70;Légère variabilité observée.
MMB4076;2017-09-15;S01;Z02;B4;12;0.35;0.66;Condition normale pour la saison.
MMB4076;2017-10-15;S01;Z02;B4;12;0.68;0.25;Légère variabilité observée.
MMB4077;2017-05-15;S01;Z02;B4;12;0.41;0.33;Condition normale pour la saison.
MMB4077;2017-06-15;S01;Z02;B4;12;0.14;0.94;Condition normale pour la saison.
MMB4077;2017-07-15;S01;Z02;B4;12;0.40;0.55;Condition normale pour la saison.
MMB4077;2017-08-15;S01;Z02;B4;12;0.21;0.47;Rien à signaler.
MMB4077;2017-09-15;S01;Z02;B4;12;0.18;0.51;Rien à signaler.
MMB4077;2017-10-15;S01;Z02;B4;12;0.20;0.30;Condition normale pour la saison.
MMB4078;2017-05-15;S01;Z02;B4;12;0.38;0.24;Légère variabilité observée.
MMB4078;2017-06-15;S01;Z02;B4;12;0.69;0.14;Condition normale pour la saison.
MMB4078;2017-07-15;S01;Z02;B4;12;0.82;0.75;Légère variabilité observée.
MMB4078;2017-09-15;S01;Z02;B4;12;0.76;0.46;Légère variabilité observée.
MMB4078;2017-10-15;S01;Z02;B4;12;0.83;0.25;Rien à signaler.
MMB4079;2017-05-15;S01;Z02;B4;12;0.29;0.48;Rien à signaler.
MMB4079;2017-06-15;S01;Z02;B4;12;0.62;0.21;Condition normale pour la saison.
MMB4079;2017-07-15;S01;Z02;B4;12;0.47;0.15;Condition normale pour la saison.
MMB4079;2017-08-15;S01;Z02;B4;12;0.26;0.19;Rien à signaler.
MMB4079;2017-09-15;S01;Z02;B4;12;0.19;0.93;Rien à signaler.
MMB4079;2017-10-15;S01;Z02;B4;12;0.08;0.52;Condition normale pour la saison.
MMB4080;2017-05-15;S01;Z02;B4;12;0.20;0.80;Condition normale pour la saison.
MMB4080;2017-06-15;S01;Z02;B4;12;0.78;0.80;Légère variabilité observée.
MMB4080;2017-07-15;S01;Z02;B4;12;0.79;0.59;Rien à signaler.
MMB4080;2017-08-15;S01;Z02;B4;12;0.43;0.17;Condition normale pour la saison.
MMB4080;2017-09-15;S01;Z02;B4;12;0.23;0.06;Condition normale pour la saison.
MMB4080;2017-10-15;S01;Z02;B4;12;0.16;0.14;Légère variabilité observée.
MMB4081;2017-05-15;S01;Z02;B4;12;0.27;0.65;Rien à signaler.
MMB4081;2017-06-15;S01;Z02;B4;12;0.38;0.58;Condition normale pour la saison.
MMB4081;2017-07-15;S01;Z02;B4;12;0.74;0.08;Rien à signaler.
MMB4081;2017-08-15;S01;Z02;B4;12;0.83;0.95;Légère variabilité observée.
MMB4081;2017-09-15;S01;Z02;B4;12;0.26;0.63;Condition normale pour la saison.
MMB4081;2017-10-15;S01;Z02;B4;12;0.66;0.18;Condition normale pour la saison.
MMB4082;2017-05-15;S01;Z02;B4;12;0.93;0.72;Rien à signaler.
MMB4082;2017-06-15;S01;Z02;B4;12;0.52;0.54;Rien à signaler.
MMB4082;2017-07-15;S01;Z02;B4;12;0.55;0.11;Condition normale pour la saison.
MMB4082;2017-08-15;S01;Z02;B4;12;0.10;0.29;Condition normale pour la saison.
MMB4082;2017-09-15;S01;Z02;B4;12;0.47;0.27;Condition normale pour la saison.
MMB4082;2017-10-15;S01;Z02;B4;12;0.36;0.69;Rien à signaler.
MMB4083;2017-05-15;S01;Z02;B4;12;0.89;0.35;Légère variabilité observée.
MMB4083;2017-06-15;S01;Z02;B4;12;0.33;0.08;Rien à signaler.
MMB4083;2017-07-15;S01;Z02;B4;12;0.33;0.40;Condition normale pour la saison.
MMB4083;2017-08-15;S01;Z02;B4;12;0.67;0.88;Légère variabilité observée.
MMB4083;2017-09-15;S01;Z02;B4;12;0.46;0.62;Légère variabilité observée.
MMB4083;2017-10-15;S01;Z02;B4;12;0.60;0.93;Condition normale pour la saison.
MMB4084;2017-05-15;S01;Z02;B4;12;0.37;0.72;Condition normale pour la saison.
MMB4084;2017-06-15;S01;Z02;B4;12;0.90;0.36;Condition normale pour la saison.
MMB4084;2017-07-15;S01;Z02;B4;12;0.90;0.08;Rien à signaler.
MMB4084;2017-08-15;S01;Z02;B4;12;0.16;0.51;Rien à signaler.
MMB4084;2017-09-15;S01;Z02;B4;12;0.62;0.85;Rien à signaler.
MMB4084;2017-10-15;S01;Z02;B4;12;0.35;0.75;Rien à signaler.
MMB4085;2017-05-15;S01;Z02;B4;12;0.81;0.66;Légère variabilité observée.
MMB4085;2017-06-15;S01;Z02;B4;12;0.88;0.40;Rien à signaler.
MMB4085;2017-07-15;S01;Z02;B4;12;0.30;0.43;Légère variabilité observée.
MMB4085;2017-08-15;S01;Z02;B4;12;0.42;0.80;Condition normale pour la saison.
MMB4085;2017-09-15;S01;Z02;B4;12;0.65;0.09;Condition normale pour la saison.
MMB4085;2017-10-15;S01;Z02;B4;12;0.53;0.47;Condition normale pour la saison.
MMB4086;2017-05-15;S01;Z02;B4;12;0.75;0.47;Rien à signaler.
MMB4086;2017-06-15;S01;Z02;B4;12;0.83;0.82;Légère variabilité observée.
MMB4086;2017-07-15;S01;Z02;B4;12;0.12;0.70;Légère variabilité observée.
MMB4086;2017-08-15;S01;Z02;B4;12;0.75;0.38;Rien à signaler.
MMB4086;2017-10-15;S01;Z02;B4;12;0.28;0.49;Condition normale pour la saison.
MMB4087;2017-05-15;S01;Z02;B4;12;0.35;0.88;Condition normale pour la saison.
MMB4087;2017-06-15;S01;Z02;B4;12;0.75;0.65;Condition normale pour la saison.
MMB4087;2017-07-15;S01;Z02;B4;12;0.18;0.15;Rien à signaler.
MMB4087;2017-08-15;S01;Z02;B4;12;0.55;0.83;Légère variabilité observée.
MMB4087;2017-09-15;S01;Z02;B4;12;0.09;0.92;Condition normale pour la saison.
MMB4087;2017-10-15;S01;Z02;B4;12;0.58;0.89;Condition normale pour la saison.
MMB4088;2017-05-15;S01;Z02;B4;12;0.75;0.34;Légère variabilité observée.
MMB4088;2017-06-15;S01;Z02;B4;12;0.90;0.62;Condition normale pour la saison.
MMB4088;2017-07-15;S01;Z02;B4;12;0.72;0.34;Légère variabilité observée.
MMB4088;2017-08-15;S01;Z02;B4;12;0.22;0.55;Condition normale pour la saison.
MMB4088;2017-09-15;S01;Z02;B4;12;0.52;0.26;Rien à signaler.
MMB4088;2017-10-15;S01;Z02;B4;12;0.41;0.11;Condition normale pour la saison.
MMB4089;2017-05-15;S01;Z02;B4;12;0.07;0.77;Condition normale pour la saison.
MMB4089;2017-06-15;S01;Z02;B4;12;0.58;0.09;Condition normale pour la saison.
MMB4089;2017-07-15;S01;Z02;B4;12;0.10;0.90;Condition normale pour la saison.
MMB4089;2017-08-15;S01;Z02;B4;12;0.20;0.31;Condition normale pour la saison.
MMB4089;2017-09-15;S01;Z02;B4;12;0.86;0.37;Condition normale pour la saison.
MMB4089;2017-10-15;S01;Z02;B4;12;0.26;0.49;Condition normale pour la saison.
MMB4090;2017-05-15;S01;Z02;B4;12;0.34;0.46;Condition normale pour la saison.
MMB4090;2017-06-15;S01;Z02;B4;12;0.51;0.82;Condition normale pour la saison.
MMB4090;2017-07-15;S01;Z02;B4;12;0.47;0.78;Rien à signaler.
MMB4090;2017-08-15;S01;Z02;B4;12;0.21;0.44;Rien à signaler.
MMB4090;2017-09-15;S01;Z02;B4;12;0.26;0.63;Condition normale pour la saison.
MMB4090;2017-10-15;S01;Z02;B4;12;0.32;0.80;Rien à signaler.
MMB4091;2017-05-15;S01;Z02;B4;12;0.57;0.25;Condition normale pour la saison.
MMB4091;2017-06-15;S01;Z02;B4;12;0.68;0.17;Rien à signaler.
MMB4091;2017-07-15;S01;Z02;B4;12;0.10;0.51;Condition normale pour la saison.
MMB4091;2017-08-15;S01;Z02;B4;12;0.10;0.86;Rien à signaler.
MMB4091;2017-09-15;S01;Z02;B4;12;0.91;0.14;Condition normale pour la saison.
MMB4091;2017-10-15;S01;Z02;B4;12;0.70;0.72;Légère variabilité observée.
MMB4092;2017-05-15;S01;Z02;B4;12;0.10;0.20;Condition normale pour la saison.
MMB4092;2017-06-15;S01;Z02;B4;12;0.59;0.60;Condition normale pour la saison.
MMB4092;2017-07-15;S01;Z02;B4;12;0.92;0.07;Rien à signaler.
MMB4092;2017-08-15;S01;Z02;B4;12;0.83;0.86;Condition normale pour la saison.
MMB4092;2017-10-15;S01;Z02;B4;12;0.69;0.82;Légère variabilité observée.
MMB4093;2017-05-15;S01;Z02;B4;12;0.58;0.82;Légère variabilité observée.
MMB4093;2017-06-15;S01;Z02;B4;12;0.57;0.83;Légère variabilité observée.
MMB4093;2017-07-15;S01;Z02;B4;12;0.39;0.16;Condition normale pour la saison.
MMB4093;2017-08-15;S01;Z02;B4;12;0.26;0.37;Légère variabilité observée.
MMB4093;2017-09-15;S01;Z02;B4;12;0.47;0.10;Légère variabilité observée.
MMB4093;2017-10-15;S01;Z02;B4;12;0.18;0.44;Condition normale pour la saison.
MMB4094;2017-05-15;S01;Z02;B4;12;0.83;0.54;Condition normale pour la saison.
MMB4094;2017-06-15;S01;Z02;B4;12;0.68;0.65;Légère variabilité observée.
MMB4094;2017-07-15;S01;Z02;B4;12;0.55;0.88;Condition normale pour la saison.
MMB4094;2017-08-15;S01;Z02;B4;12;0.13;0.68;Condition normale pour la saison.
MMB4094;2017-09-15;S01;Z02;B4;12;0.37;0.87;Condition normale pour la saison.
MMB4094;2017-10-15;S01;Z02;B4;12;0.51;0.15;Légère variabilité observée.
MMB4095;2017-05-15;S01;Z02;B4;12;0.41;0.58;Légère variabilité observée.
MMB4095;2017-06-15;S01;Z02;B4;12;0.81;0.64;Condition normale pour la saison.
MMB4095;2017-07-15;S01;Z02;B4;12;0.84;0.42;Légère variabilité observée.
MMB4095;2017-08-15;S01;Z02;B4;12;0.33;0.34;Condition normale pour la saison.
MMB4095;2017-09-15;S01;Z02;B4;12;0.20;0.55;Légère variabilité observée.
MMB4095;2017-10-15;S01;Z02;B4;12;0.57;0.74;Rien à signaler.
MMB4096;2017-05-15;S01;Z02;B4;12;0.51;0.16;Condition normale pour la saison.
MMB4096;2017-06-15;S01;Z02;B4;12;0.28;0.09;Rien à signaler.
MMB4096;2017-07-15;S01;Z02;B4;12;0.08;0.59;Condition normale pour la saison.
MMB4096;2017-08-15;S01;Z02;B4;12;0.75;0.70;Condition normale pour la saison.
MMB4096;2017-09-15;S01;Z02;B4;12;0.73;0.32;Rien à signaler.
MMB4096;2017-10-15;S01;Z02;B4;12;0.06;0.23;Condition normale pour la saison.
MMB4097;2017-05-15;S01;Z02;B4;12;0.14;0.89;Rien à signaler.
MMB4097;2017-06-15;S01;Z02;B4;12;0.47;0.31;Rien à signaler.
MMB4097;2017-07-15;S01;Z02;B4;12;0.80;0.86;Rien à signaler.
MMB4097;2017-08-15;S01;Z02;B4;12;0.18;0.60;Rien à signaler.
MMB4097;2017-09-15;S01;Z02;B4;12;0.35;0.41;Condition normale pour la saison.
MMB4097;2017-10-15;S01;Z02;B4;12;0.85;0.79;Condition normale pour la saison.
MMB4098;2017-05-15;S01;Z02;B4;12;0.43;0.18;Condition normale pour la saison.
MMB4098;2017-06-15;S01;Z02;B4;12;0.07;0.52;Condition normale pour la saison.
MMB4098;2017-07-15;S01;Z02;B4;12;0.86;0.70;Condition normale pour la saison.
MMB4098;2017-08-15;S01;Z02;B4;12;0.56;0.14;Rien à signaler.
MMB4098;2017-09-15;S01;Z02;B4;12;0.10;0.61;Légère variabilité observée.
MMB4098;2017-10-15;S01;Z02;B4;12;0.79;0.63;Condition normale pour la saison.
MMB4099;2017-05-15;S01;Z02;B4;12;0.82;0.16;Rien à signaler.
MMB4099;2017-06-15;S01;Z02;B4;12;0.35;0.62;Rien à signaler.
MMB4099;2017-07-15;S01;Z02;B4;12;0.19;0.58;Rien à signaler.
MMB4099;2017-08-15;S01;Z02;B4;12;0.41;0.61;Condition normale pour la saison.
MMB4099;2017-09-15;S01;Z02;B4;12;0.58;0.74;Condition normale pour la saison.
MMB4099;2017-10-15;S01;Z02;B4;12;0.36;0.92;Rien à signaler.
MMB4100;2017-05-15;S01;Z02;B4;12;0.84;0.38;Condition normale pour la saison.
MMB4100;2017-06-15;S01;Z02;B4;12;0.64;0.09;Condition normale pour la saison.
MMB4100;2017-07-15;S01;Z02;B4;12;0.58;0.66;Rien à signaler.
MMB4100;2017-08-15;S01;Z02;B4;12;0.76;0.37;Condition normale pour la saison.
MMB4100;2017-09-15;S01;Z02;B4;12;0.18;0.30;Rien à signaler.
MMB4100;2017-10-15;S01;Z02;B4;12;0.61;0.48;Condition normale pour la saison.
